"Name","First Name","Last Name","Title / Role","Email","Phone","Website","Address","City","State","Country","Industry","Description","LinkedIn","Twitter / X","Facebook","Instagram","Year Founded","Employees","Revenue","Source URL","Notes","Region","Services","Accreditations","Latitude","Longitude","Last Verified"
"1 Call Electrical & Handyman Services","N/A","N/A","N/A","1callservices@mail.com","07733 282229","N/A","Trigfa, Milford Haven","Milford Haven","Wales","United Kingdom","EV chargepoint installation","Commercial installations only","N/A","N/A","N/A","N/A","N/A","N/A","N/A","https://www.gov.uk/electric-vehicle-chargepoint-installers","OZEV-authorised; commercial installs","Wales","Commercial","OZEV authorised","51.72196155","-5.0252471","2026-05-18"
"1CDM LTD","N/A","N/A","N/A","info@1cdm.co.uk","07588 879878","https://www.1cdm.co.uk/","85 Great Portland Street, London","London","London","United Kingdom","EV chargepoint installation","Commercial and residential installations","N/A","N/A","N/A","N/A","N/A","N/A","N/A","https://www.gov.uk/electric-vehicle-chargepoint-installers","OZEV-authorised; commercial installs","London","Commercial; Residential","OZEV authorised","51.51846899999999","-0.1423797","2026-05-18"
"24-7 Energy Services Limited","N/A","N/A","N/A","ev@24-7group.co.uk","01492 531414","https://www.24-7group.co.uk","Unit 4, Parc Elwy, Eagles Farm Road, Colwyn Bay","Colwyn Bay","Wales","United Kingdom","EV chargepoint installation","Commercial and residential installations","N/A","N/A","N/A","N/A","N/A","N/A","N/A","https://www.gov.uk/electric-vehicle-chargepoint-installers","OZEV-authorised; commercial installs","Wales","Commercial; Residential","OZEV authorised","53.28956150526316","-3.7655091315789475","2026-05-18"
"247EV Ltd","N/A","N/A","N/A","info@247ev.co.uk","03301 334186","https://www.247ev.co.uk","The Maltings, 100 Wilderspool Causeway, Warrington","Warrington","North West","United Kingdom","EV chargepoint installation","Commercial and residential installations","N/A","N/A","N/A","N/A","N/A","N/A","N/A","https://www.gov.uk/electric-vehicle-chargepoint-installers","OZEV-authorised; commercial installs","North West","Commercial; Residential","OZEV authorised","53.381863451219544","-2.5908804292682923","2026-05-18"
"48 Four Contract Services","N/A","N/A","N/A","sales@48fourservices.com","02034 885484","https://www.48fourservices.com","12 Imperial Way, Croydon","Croydon","South East","United Kingdom","EV chargepoint installation","Commercial and residential installations","N/A","N/A","N/A","N/A","N/A","N/A","N/A","https://www.gov.uk/electric-vehicle-chargepoint-installers","OZEV-authorised; commercial installs","South East","Commercial; Residential","OZEV authorised","51.356800006896535","-0.12050814942528733","2026-05-18"
"A & E Builders Ltd","N/A","N/A","N/A","sam@ae-builders.co.uk","01256 351327","N/A","1a Deep Lane, Basingstoke","Basingstoke","South East","United Kingdom","EV chargepoint installation","Commercial and residential installations","N/A","N/A","N/A","N/A","N/A","N/A","N/A","https://www.gov.uk/electric-vehicle-chargepoint-installers","OZEV-authorised; commercial installs","South East","Commercial; Residential","OZEV authorised","51.263926606666665","-1.101206913333333","2026-05-18"
"A C Lister","N/A","N/A","N/A","andrewlister.sparky@gmail.com","07966 054398","https://www.aclisterelectrical.co.uk/","The Old Station, Llandinam","Llandinam","West Midlands","United Kingdom","EV chargepoint installation","Commercial and residential installations","N/A","N/A","N/A","N/A","N/A","N/A","N/A","https://www.gov.uk/electric-vehicle-chargepoint-installers","OZEV-authorised; commercial installs","West Midlands","Commercial; Residential","OZEV authorised","52.489690015384625","-3.443437069230769","2026-05-18"
"A Campbell Electrical Services Ltd","N/A","N/A","N/A","ar@aces-ltd.co.uk","01851 706632","https://www.aces­ltd.co.uk","Anderson Road, Stornoway, Isle of Lewis","Isle of Lewis","Scotland","United Kingdom","EV chargepoint installation","Commercial and residential installations","N/A","N/A","N/A","N/A","N/A","N/A","N/A","https://www.gov.uk/electric-vehicle-chargepoint-installers","OZEV-authorised; commercial installs","Scotland","Commercial; Residential","OZEV authorised","58.214715727419346","-6.370430120967741","2026-05-18"
"A Class Plumbing and Electrical Ltd","N/A","N/A","N/A","N/A","01253 291374","N/A","263 Dickson Road, Blackpool","Blackpool","North West","United Kingdom","EV chargepoint installation","Commercial and residential installations","N/A","N/A","N/A","N/A","N/A","N/A","N/A","https://www.gov.uk/electric-vehicle-chargepoint-installers","OZEV-authorised; commercial installs","North West","Commercial; Residential","OZEV authorised","53.829807829999986","-3.0528354414285714","2026-05-18"
"A D Electricians","N/A","N/A","N/A","aaltaf@outlook.com","07866 719486","https://www.adelectricians.org","72 Uphall Road, Ilford","Ilford","South East","United Kingdom","EV chargepoint installation","Commercial and residential installations","N/A","N/A","N/A","N/A","N/A","N/A","N/A","https://www.gov.uk/electric-vehicle-chargepoint-installers","OZEV-authorised; commercial installs","South East","Commercial; Residential","OZEV authorised","51.54595776862743","0.07280516862745094","2026-05-18"
"A Electric Solutions Ltd","N/A","N/A","N/A","enquiries@plugin-stations.com","02037 957117","N/A","274 Baker Street,, London","London","South East","United Kingdom","EV chargepoint installation","Commercial and residential installations","N/A","N/A","N/A","N/A","N/A","N/A","N/A","https://www.gov.uk/electric-vehicle-chargepoint-installers","OZEV-authorised; commercial installs","South East","Commercial; Residential","OZEV authorised","51.66211694590164","-0.07865590819672129","2026-05-18"
"A H Electrical (West Midlands)","N/A","N/A","N/A","hussain.abid77@yahoo.com","07929 111786","N/A","267 Flaxley Road, Stechford, Birmingham","Birmingham","West Midlands","United Kingdom","EV chargepoint installation","Commercial and residential installations","N/A","N/A","N/A","N/A","N/A","N/A","N/A","https://www.gov.uk/electric-vehicle-chargepoint-installers","OZEV-authorised; commercial installs","West Midlands","Commercial; Residential","OZEV authorised","52.48484943799999","-1.8019474459999996","2026-05-18"
"A J Robson Electrical Ltd","N/A","N/A","N/A","stuart@ajrobson.com","01224 248123","https://www.ajrobson.com","Unit 1A Deemouth Centre, Aberdeen","Aberdeen","Scotland","United Kingdom","EV chargepoint installation","Commercial and residential installations","N/A","N/A","N/A","N/A","N/A","N/A","N/A","https://www.gov.uk/electric-vehicle-chargepoint-installers","OZEV-authorised; commercial installs","Scotland","Commercial; Residential","OZEV authorised","57.13873542533332","-2.087421261333333","2026-05-18"
"A J Taylor Electrical Contractor Ltd","N/A","N/A","N/A","info@ajtaylor-electrical.co.uk","01273 600089","https://www.ajtaylor-electrical.co.uk","Unit 3, Centenary Industrial Estate, Hughes Road, Brighton","Brighton","South East","United Kingdom","EV chargepoint installation","Commercial and residential installations","N/A","N/A","N/A","N/A","N/A","N/A","N/A","https://www.gov.uk/electric-vehicle-chargepoint-installers","OZEV-authorised; commercial installs","South East","Commercial; Residential","OZEV authorised","50.83781463333333","-0.1294266","2026-05-18"
"A M Cumbria Ltd","N/A","N/A","N/A","N/A","N/A","N/A","Unit 2, South John Street, Carlisle","Carlisle","North West","United Kingdom","EV chargepoint installation","Commercial and residential installations","N/A","N/A","N/A","N/A","N/A","N/A","N/A","https://www.gov.uk/electric-vehicle-chargepoint-installers","OZEV-authorised; commercial installs","North West","Commercial; Residential","OZEV authorised","54.88826519999999","-2.9330282071428577","2026-05-18"
"A M Gardiner Ltd","N/A","N/A","N/A","info@amgardiner.co.uk","01463 230560","https://www.amgardiner.co.uk","4 India Street, Inverness","Inverness","Scotland","United Kingdom","EV chargepoint installation","Commercial and residential installations","N/A","N/A","N/A","N/A","N/A","N/A","N/A","https://www.gov.uk/electric-vehicle-chargepoint-installers","OZEV-authorised; commercial installs","Scotland","Commercial; Residential","OZEV authorised","57.48574928571429","-4.234540971428571","2026-05-18"
"A N M Electrical","N/A","N/A","N/A","andrew@anmelectrical.co.uk","01463 718015","https://www.anmelectrical.co.uk","36b Longman Drive, Inverness","Inverness","Scotland","United Kingdom","EV chargepoint installation","Commercial and residential installations","N/A","N/A","N/A","N/A","N/A","N/A","N/A","https://www.gov.uk/electric-vehicle-chargepoint-installers","OZEV-authorised; commercial installs","Scotland","Commercial; Residential","OZEV authorised","57.49180360958903","-4.226641982191782","2026-05-18"
"A Osborne Electrical Ltd","N/A","N/A","N/A","office@aosborne-electrical.co.uk","01634 251503","https://www.aosborne-electrical.co.uk","Unit C5, Laser Quay, Culpeper Close, Rochester","Rochester","South East","United Kingdom","EV chargepoint installation","Commercial and residential installations","N/A","N/A","N/A","N/A","N/A","N/A","N/A","https://www.gov.uk/electric-vehicle-chargepoint-installers","OZEV-authorised; commercial installs","South East","Commercial; Residential","OZEV authorised","51.39299780724635","0.5133433159420291","2026-05-18"
"A Q Electrics Ltd","N/A","N/A","N/A","andy@aqelectrics.com","07540 969798","N/A","49 Gortscraheen Road, Pomeroy","Pomeroy","Northern Ireland","United Kingdom","EV chargepoint installation","Commercial and residential installations","N/A","N/A","N/A","N/A","N/A","N/A","N/A","https://www.gov.uk/electric-vehicle-chargepoint-installers","OZEV-authorised; commercial installs","Northern Ireland","Commercial; Residential","OZEV authorised","54.613200559999996","-6.9379835866666655","2026-05-18"
"A S Ramsay Building Contractors Ltd","N/A","N/A","N/A","claudio.cannas@asramsay.com","07929 067480","https://www.asramsay.com","The Print Rooms, 164-180 Union Street, London","London","London","United Kingdom","EV chargepoint installation","Commercial and residential installations","N/A","N/A","N/A","N/A","N/A","N/A","N/A","https://www.gov.uk/electric-vehicle-chargepoint-installers","OZEV-authorised; commercial installs","London","Commercial; Residential","OZEV authorised","51.503820216470665","-0.10034973882352947","2026-05-18"
"A Smith Electrical (IOW) Ltd","N/A","N/A","N/A","info@aseiow.co.uk","01983 403853","https://www.aseiow.co.uk","7 Redwing Close, Newport, Isle Of Wight","Isle Of Wight","South East","United Kingdom","EV chargepoint installation","Commercial and residential installations","N/A","N/A","N/A","N/A","N/A","N/A","N/A","https://www.gov.uk/electric-vehicle-chargepoint-installers","OZEV-authorised; commercial installs","South East","Commercial; Residential","OZEV authorised","50.69505516","-1.31449175","2026-05-18"
"A Sparks Electrical","N/A","N/A","N/A","customerservice@asparkselectrical.co.uk","02089 147870","https://www.asparkselectrical.co.uk","Office 110, 30 Rugby road, Twickenham","Twickenham","South East","United Kingdom","EV chargepoint installation","Commercial and residential installations","N/A","N/A","N/A","N/A","N/A","N/A","N/A","https://www.gov.uk/electric-vehicle-chargepoint-installers","OZEV-authorised; commercial installs","South East","Commercial; Residential","OZEV authorised","51.456082593181826","-0.3381981795454546","2026-05-18"
"A.C.Electrical T/A Adam Cobb Electrical","N/A","N/A","N/A","adamcobbelectrical@gmail.com","07889 861256","https://www.adamcobbelectrical.com","15 Eagle Lane, Sheffield","Sheffield","Yorkshire & Humber","United Kingdom","EV chargepoint installation","Commercial and residential installations","N/A","N/A","N/A","N/A","N/A","N/A","N/A","https://www.gov.uk/electric-vehicle-chargepoint-installers","OZEV-authorised; commercial installs","Yorkshire & Humber","Commercial; Residential","OZEV authorised","53.38873952272727","-1.473256190909091","2026-05-18"
"A.M.G. Electrical Systems Ltd","N/A","N/A","N/A","amgelectricaluk@gmail.com","07853 084964","N/A","12 Springbank Terrace,, Paisley","Paisley","Scotland","United Kingdom","EV chargepoint installation","Commercial and residential installations","N/A","N/A","N/A","N/A","N/A","N/A","N/A","https://www.gov.uk/electric-vehicle-chargepoint-installers","OZEV-authorised; commercial installs","Scotland","Commercial; Residential","OZEV authorised","55.8557595254237","-4.432220125423732","2026-05-18"
"ABS Electrical and Security Services Ltd","N/A","N/A","N/A","abselectrical78@hotmail.com","01922 235859","https://www.abselectricalltd.co.uk","159 West Bromwich Road, Walsall","Walsall","West Midlands","United Kingdom","EV chargepoint installation","Commercial and residential installations","N/A","N/A","N/A","N/A","N/A","N/A","N/A","https://www.gov.uk/electric-vehicle-chargepoint-installers","OZEV-authorised; commercial installs","West Midlands","Commercial; Residential","OZEV authorised","52.57053348139534","-1.978953846511628","2026-05-18"
"Absolute Electrix","N/A","N/A","N/A","absoluteelectrix@gmail.com","07470 417350","N/A","6 Yates Street, Crewe","Crewe","North West","United Kingdom","EV chargepoint installation","Commercial and residential installations","N/A","N/A","N/A","N/A","N/A","N/A","N/A","https://www.gov.uk/electric-vehicle-chargepoint-installers","OZEV-authorised; commercial installs","North West","Commercial; Residential","OZEV authorised","53.089555910714296","-2.447929421428572","2026-05-18"
"Absolute Power Ltd","N/A","N/A","N/A","N/A","N/A","N/A","Office 1.37, 9-11 Gunnery Terrace, Royal Arsenal, Woolwich,, London","London","London","United Kingdom","EV chargepoint installation","Commercial and residential installations","N/A","N/A","N/A","N/A","N/A","N/A","N/A","https://www.gov.uk/electric-vehicle-chargepoint-installers","OZEV-authorised; commercial installs","London","Commercial; Residential","OZEV authorised","51.492226172527545","0.07406131538461533","2026-05-18"
"AC Electrical (North Wales) Ltd","N/A","N/A","N/A","info@acelectrical-ltd.co.uk","01492 549740","https://www.acelectrical-ltd.co.uk","2 Glan Y Mor Road, Llandudno Junction, Conwy","Conwy","Wales","United Kingdom","EV chargepoint installation","Commercial and residential installations","N/A","N/A","N/A","N/A","N/A","N/A","N/A","https://www.gov.uk/electric-vehicle-chargepoint-installers","OZEV-authorised; commercial installs","Wales","Commercial; Residential","OZEV authorised","53.28453505","-3.81641355","2026-05-18"
"AC Electrical and CCTV","N/A","N/A","N/A","N/A","N/A","N/A","3 Close Carrog, Llanrystud","Llanrystud","West Midlands","United Kingdom","EV chargepoint installation","Commercial and residential installations","N/A","N/A","N/A","N/A","N/A","N/A","N/A","https://www.gov.uk/electric-vehicle-chargepoint-installers","OZEV-authorised; commercial installs","West Midlands","Commercial; Residential","OZEV authorised","52.3059529846154","-4.141751761538461","2026-05-18"
"AC Mahoney Electrical Services Ltd","N/A","N/A","N/A","chris@acmahoney.co.uk","07792 492670","https://www.acmahoney.co.uk","Unit 17 Sweetmans Yard, Plough Lane,, Hereford","Hereford","West Midlands","United Kingdom","EV chargepoint installation","Commercial and residential installations","N/A","N/A","N/A","N/A","N/A","N/A","N/A","https://www.gov.uk/electric-vehicle-chargepoint-installers","OZEV-authorised; commercial installs","West Midlands","Commercial; Residential","OZEV authorised","52.061393158333324","-2.7284045166666675","2026-05-18"
"AC-EC Electrics Ltd. T/A Procharge SW","N/A","N/A","N/A","N/A","N/A","N/A","6 Mary Seacole Road, The Millfields, Plymouth","Plymouth","South West","United Kingdom","EV chargepoint installation","Commercial and residential installations","N/A","N/A","N/A","N/A","N/A","N/A","N/A","https://www.gov.uk/electric-vehicle-chargepoint-installers","OZEV-authorised; commercial installs","South West","Commercial; Residential","OZEV authorised","50.371242152380965","-4.15758747857143","2026-05-18"
"Accro Electrical Services & Contractors","N/A","N/A","N/A","accroelec@aol.com","07850 349854","https://www.accroelectrical.co.uk","Kanata, Front Street, Witton Gilbert, Durham","Durham","North East","United Kingdom","EV chargepoint installation","Commercial and residential installations","N/A","N/A","N/A","N/A","N/A","N/A","N/A","https://www.gov.uk/electric-vehicle-chargepoint-installers","OZEV-authorised; commercial installs","North East","Commercial; Residential","OZEV authorised","54.80589311944445","-1.641845838888889","2026-05-18"
"Ace Electrical (Wolverhampton) Ltd T/A Ace Solar Energy","N/A","N/A","N/A","martin@aceelec.co.uk","01902 425120","https://www.acesolarenergy.co.uk","Unit 6 Parkside Industrial Estate, Hickman Avenue, Wolverhampton","Wolverhampton","West Midlands","United Kingdom","EV chargepoint installation","Commercial and residential installations","N/A","N/A","N/A","N/A","N/A","N/A","N/A","https://www.gov.uk/electric-vehicle-chargepoint-installers","OZEV-authorised; commercial installs","West Midlands","Commercial; Residential","OZEV authorised","52.58002133529412","-2.1049931764705883","2026-05-18"
"Ace Electrics","N/A","N/A","N/A","steve@aceelectrics.co.uk","01269861527 / 07968170696","https://www.aceelectrics.co.uk","Lamneth, Carway, Kidwelly","Kidwelly","Wales","United Kingdom","EV chargepoint installation","Commercial and residential installations","N/A","N/A","N/A","N/A","N/A","N/A","N/A","https://www.gov.uk/electric-vehicle-chargepoint-installers","OZEV-authorised; commercial installs","Wales","Commercial; Residential","OZEV authorised","51.73739690714285","-4.229723264285714","2026-05-18"
"Ace Installations Ltd","N/A","N/A","N/A","Ace.installations.rm@gmail.com","07866 180550","https://www.ace-maintenance.uk","57 Conway Close, Nottingham","Nottingham","East Midlands","United Kingdom","EV chargepoint installation","Commercial and residential installations","N/A","N/A","N/A","N/A","N/A","N/A","N/A","https://www.gov.uk/electric-vehicle-chargepoint-installers","OZEV-authorised; commercial installs","East Midlands","Commercial; Residential","OZEV authorised","52.96354989","-1.1459867200000002","2026-05-18"
"ACM Sparks Services Ltd","N/A","N/A","N/A","rudy@acmsparks.co.uk","07956 371490","N/A","241 Haydons Road, London","London","London","United Kingdom","EV chargepoint installation","Commercial and residential installations","N/A","N/A","N/A","N/A","N/A","N/A","N/A","https://www.gov.uk/electric-vehicle-chargepoint-installers","OZEV-authorised; commercial installs","London","Commercial; Residential","OZEV authorised","51.423126923255815","-0.18780710697674416","2026-05-18"
"ACP Electrical Ltd","N/A","N/A","N/A","chris@acp-electrical.co.uk","07597 944034","N/A","21 Wyndham Street, Merthyr Tydfil","Merthyr Tydfil","Wales","United Kingdom","EV chargepoint installation","Commercial and residential installations","N/A","N/A","N/A","N/A","N/A","N/A","N/A","https://www.gov.uk/electric-vehicle-chargepoint-installers","OZEV-authorised; commercial installs","Wales","Commercial; Residential","OZEV authorised","51.76149352307693","-3.359573261538461","2026-05-18"
"ACT Electrical NW Ltd","N/A","N/A","N/A","actelectricals@gmail.com","07979 129788","https://www.sctelectricals.business.site","1 Grange Road, Llan Rhos,, Llandudno","Llandudno","Wales","United Kingdom","EV chargepoint installation","Commercial and residential installations","N/A","N/A","N/A","N/A","N/A","N/A","N/A","https://www.gov.uk/electric-vehicle-chargepoint-installers","OZEV-authorised; commercial installs","Wales","Commercial; Residential","OZEV authorised","53.30417407826088","-3.8167564434782615","2026-05-18"
"Active Constructions Ltd","N/A","N/A","N/A","activeconstructionsltd@gmail.com","01613079334 / 07728377569","https://www.activeconstructionsltd.co.uk","44 Higher Ardwick, Ardwick, Manchester","Manchester","North West","United Kingdom","EV chargepoint installation","Commercial and residential installations","N/A","N/A","N/A","N/A","N/A","N/A","N/A","https://www.gov.uk/electric-vehicle-chargepoint-installers","OZEV-authorised; commercial installs","North West","Commercial; Residential","OZEV authorised","53.47158286086958","-2.219463508695651","2026-05-18"
"Adam Electrical","N/A","N/A","N/A","enquiries@adam-electrical.com","01743 244716","N/A","6 Wyebourne Road, Shrewsbury","Shrewsbury","West Midlands","United Kingdom","EV chargepoint installation","Commercial and residential installations","N/A","N/A","N/A","N/A","N/A","N/A","N/A","https://www.gov.uk/electric-vehicle-chargepoint-installers","OZEV-authorised; commercial installs","West Midlands","Commercial; Residential","OZEV authorised","52.69734548571428","-2.7719430357142856","2026-05-18"
"ADGAN Electrics Ltd","N/A","N/A","N/A","adeganmulti2012@gmail.com","07570 214851","https://www.adganelectrics.co.uk","11 Brandon Avenue, Heald Green, Stockport","Stockport","North West","United Kingdom","EV chargepoint installation","Commercial and residential installations","N/A","N/A","N/A","N/A","N/A","N/A","N/A","https://www.gov.uk/electric-vehicle-chargepoint-installers","OZEV-authorised; commercial installs","North West","Commercial; Residential","OZEV authorised","53.37441209361703","-2.2292214744680847","2026-05-18"
"Adrian Arbib T/A Evolve Electric","N/A","N/A","N/A","installs@evolve-electric.uk","07711 090544","https://www.evolve-electric.uk","35 Warnborough Road, Oxford","Oxford","South East","United Kingdom","EV chargepoint installation","Commercial and residential installations","N/A","N/A","N/A","N/A","N/A","N/A","N/A","https://www.gov.uk/electric-vehicle-chargepoint-installers","OZEV-authorised; commercial installs","South East","Commercial; Residential","OZEV authorised","51.76459745151514","-1.266732557575757","2026-05-18"
"Adtec Systems Ltd","N/A","N/A","N/A","admin@adtecsystems.co.uk","01752 395141","https://www.adtecsystems.co.uk","Unit 9 City Business Park, Somerset Place, Plymouth","Plymouth","South West","United Kingdom","EV chargepoint installation","Commercial and residential installations","N/A","N/A","N/A","N/A","N/A","N/A","N/A","https://www.gov.uk/electric-vehicle-chargepoint-installers","OZEV-authorised; commercial installs","South West","Commercial; Residential","OZEV authorised","50.38208243888888","-4.160928389999993","2026-05-18"
"AEM Electrical Contracting Ltd","N/A","N/A","N/A","aemelectricalcontracting@gmail.com","07575 341138","N/A","23 Fairhaven, Redhill","Redhill","South East","United Kingdom","EV chargepoint installation","Commercial and residential installations","N/A","N/A","N/A","N/A","N/A","N/A","N/A","https://www.gov.uk/electric-vehicle-chargepoint-installers","OZEV-authorised; commercial installs","South East","Commercial; Residential","OZEV authorised","51.25392799999999","-0.16076944468085108","2026-05-18"
"AES Smart Metering Ltd","N/A","N/A","N/A","rob@aes-smartmetering.com","02083638848 / 07895206490","https://www.aes-smartmetering.com","First Floor, Rear Office, 94 Silver Street, Enfield","Enfield","South East","United Kingdom","EV chargepoint installation","Commercial and residential installations","N/A","N/A","N/A","N/A","N/A","N/A","N/A","https://www.gov.uk/electric-vehicle-chargepoint-installers","OZEV-authorised; commercial installs","South East","Commercial; Residential","OZEV authorised","51.6543659368421","-0.08094512105263157","2026-05-18"
"Afan Electrical Ltd","N/A","N/A","N/A","mathew@afanelectrical.co.uk","01970630202 / 07875356783","https://www.afanelectrical.co.uk","Unit 24, Glan Yr Afon Industrial Estate, Llanbadarn Fawr, Aberystwyth","Aberystwyth","West Midlands","United Kingdom","EV chargepoint installation","Commercial and residential installations","N/A","N/A","N/A","N/A","N/A","N/A","N/A","https://www.gov.uk/electric-vehicle-chargepoint-installers","OZEV-authorised; commercial installs","West Midlands","Commercial; Residential","OZEV authorised","52.401686414000004","-4.042938506000001","2026-05-18"
"Affinity Electrical Services Ltd","N/A","N/A","N/A","info@affinityelectric.co.uk","01143 627123","https://www.affinityelectric.co.uk/","Unit 24 President Building Savile Street East, Sheffield","Sheffield","Yorkshire & Humber","United Kingdom","EV chargepoint installation","Commercial and residential installations","N/A","N/A","N/A","N/A","N/A","N/A","N/A","https://www.gov.uk/electric-vehicle-chargepoint-installers","OZEV-authorised; commercial installs","Yorkshire & Humber","Commercial; Residential","OZEV authorised","53.39410154470591","-1.4466015364705878","2026-05-18"
"AfosGroup Limited","N/A","N/A","N/A","sam@afosgroup.co.uk","01722 682024","https://www.afosgroup.co.uk","148 Pembroke Road, Salisbury","Salisbury","South West","United Kingdom","EV chargepoint installation","Commercial and residential installations","N/A","N/A","N/A","N/A","N/A","N/A","N/A","https://www.gov.uk/electric-vehicle-chargepoint-installers","OZEV-authorised; commercial installs","South West","Commercial; Residential","OZEV authorised","51.080487524","-1.8294070119999999","2026-05-18"
"AG Electrical NI","N/A","N/A","N/A","adam@agelectrical.org","02891 228364","https://www.agelectrical.org","80 Milecross Road,, Newtonwards","Newtonwards","Northern Ireland","United Kingdom","EV chargepoint installation","Commercial and residential installations","N/A","N/A","N/A","N/A","N/A","N/A","N/A","https://www.gov.uk/electric-vehicle-chargepoint-installers","OZEV-authorised; commercial installs","Northern Ireland","Commercial; Residential","OZEV authorised","54.59470914615383","-5.728932284615385","2026-05-18"
"Agelec Ltd","N/A","N/A","N/A","N/A","N/A","N/A","59 Ayresome St, Middlesbrough","Middlesbrough","North East","United Kingdom","EV chargepoint installation","Commercial and residential installations","N/A","N/A","N/A","N/A","N/A","N/A","N/A","https://www.gov.uk/electric-vehicle-chargepoint-installers","OZEV-authorised; commercial installs","North East","Commercial; Residential","OZEV authorised","54.5656752952381","-1.2464638809523814","2026-05-18"
"Agile Electrics Ltd","N/A","N/A","N/A","info@agileelectrics.com","08000 886319","https://www.agileelectrics.com","Unit 310 Zellig Building, The Custard Factory, Birmingham","Birmingham","West Midlands","United Kingdom","EV chargepoint installation","Commercial and residential installations","N/A","N/A","N/A","N/A","N/A","N/A","N/A","https://www.gov.uk/electric-vehicle-chargepoint-installers","OZEV-authorised; commercial installs","West Midlands","Commercial; Residential","OZEV authorised","52.474959499999976","-1.8845885000000024","2026-05-18"
"AGT ELECTRICAL (Exeter) Ltd","N/A","N/A","N/A","admin@agt.co.uk","01392 411120","https://www.agt.co.uk","Francis Close, Wardrew Road, Exeter","Exeter","South West","United Kingdom","EV chargepoint installation","Commercial and residential installations","N/A","N/A","N/A","N/A","N/A","N/A","N/A","https://www.gov.uk/electric-vehicle-chargepoint-installers","OZEV-authorised; commercial installs","South West","Commercial; Residential","OZEV authorised","50.715019559999995","-3.54580786","2026-05-18"
"AIS Utilities Limited","N/A","N/A","N/A","enquiries@aisutilities.co.uk","02039 478846","https://www.aisutilities.co.uk","56-58 High Street,, Sutton Coldfield","Sutton Coldfield","South East","United Kingdom","EV chargepoint installation","Commercial installations only","N/A","N/A","N/A","N/A","N/A","N/A","N/A","https://www.gov.uk/electric-vehicle-chargepoint-installers","OZEV-authorised; commercial installs","South East","Commercial","OZEV authorised","51.36181853333331","-0.1920072512820512","2026-05-18"
"AJS Electrical Services","N/A","N/A","N/A","ajselectricalservices@hotmail.com","07950 528588","https://www.ajselectric.co.uk","7 Pitchford Road, Shrewsbury","Shrewsbury","West Midlands","United Kingdom","EV chargepoint installation","Commercial and residential installations","N/A","N/A","N/A","N/A","N/A","N/A","N/A","https://www.gov.uk/electric-vehicle-chargepoint-installers","OZEV-authorised; commercial installs","West Midlands","Commercial; Residential","OZEV authorised","52.735603085","-2.7459043299999997","2026-05-18"
"AKM Electricals Ltd (Irvine)","N/A","N/A","N/A","info@akmelectricals.co.uk","07725 083978","https://www.akmelectricals.co.uk","Broomfield Cottage, Irvine","Irvine","Scotland","United Kingdom","EV chargepoint installation","Commercial and residential installations","N/A","N/A","N/A","N/A","N/A","N/A","N/A","https://www.gov.uk/electric-vehicle-chargepoint-installers","OZEV-authorised; commercial installs","Scotland","Commercial; Residential","OZEV authorised","55.631074222222225","-4.622892072222222","2026-05-18"
"AL Technical","N/A","N/A","N/A","N/A","N/A","N/A","Upper Gwestydd, Newton","Newton","West Midlands","United Kingdom","EV chargepoint installation","Commercial and residential installations","N/A","N/A","N/A","N/A","N/A","N/A","N/A","https://www.gov.uk/electric-vehicle-chargepoint-installers","OZEV-authorised; commercial installs","West Midlands","Commercial; Residential","OZEV authorised","52.53640314166666","-3.2995867916666675","2026-05-18"
"Alex Hillman","N/A","N/A","N/A","Alexhillman@icloud.com","07541 243690","N/A","71 Henke Court,Atlantic Wharf, Cardiff Bay","Cardiff Bay","Wales","United Kingdom","EV chargepoint installation","Commercial and residential installations","N/A","N/A","N/A","N/A","N/A","N/A","N/A","https://www.gov.uk/electric-vehicle-chargepoint-installers","OZEV-authorised; commercial installs","Wales","Commercial; Residential","OZEV authorised","51.471620569387724","-3.163641657142858","2026-05-18"
"Alex Murray Construction Ltd","N/A","N/A","N/A","N/A","N/A","N/A","Island Road, Stornoway, Western Isles","Western Isles","Scotland","United Kingdom","EV chargepoint installation","Commercial and residential installations","N/A","N/A","N/A","N/A","N/A","N/A","N/A","https://www.gov.uk/electric-vehicle-chargepoint-installers","OZEV-authorised; commercial installs","Scotland","Commercial; Residential","OZEV authorised","58.20745848333334","-6.376817861111111","2026-05-18"
"Alexander Zane Projects Ltd t/a Forward Energy","N/A","N/A","N/A","hello@forward.energy","02476 011279","https://www.forward.energy","Paxton Lodge, London Road, Coventry","Coventry","West Midlands","United Kingdom","EV chargepoint installation","Commercial and residential installations","N/A","N/A","N/A","N/A","N/A","N/A","N/A","https://www.gov.uk/electric-vehicle-chargepoint-installers","OZEV-authorised; commercial installs","West Midlands","Commercial; Residential","OZEV authorised","52.402729908510615","-1.5006328085106388","2026-05-18"
"All Charge N.I Ltd","N/A","N/A","N/A","info@allchargeni.com","07380 518132","https://www.allchargeni.com","19 Dunraven Parade, Belfast","Belfast","Northern Ireland","United Kingdom","EV chargepoint installation","Commercial and residential installations","N/A","N/A","N/A","N/A","N/A","N/A","N/A","https://www.gov.uk/electric-vehicle-chargepoint-installers","OZEV-authorised; commercial installs","Northern Ireland","Commercial; Residential","OZEV authorised","54.589469379032245","-5.881866911290322","2026-05-18"
"All Connected","N/A","N/A","N/A","allconnected@icloud.com","01442381960 / 07852902472","https://www.all-connected.co.uk","8 Park View, Gadebridge Lane,, Hemel Hempstead","Hemel Hempstead","South East","United Kingdom","EV chargepoint installation","Commercial and residential installations","N/A","N/A","N/A","N/A","N/A","N/A","N/A","https://www.gov.uk/electric-vehicle-chargepoint-installers","OZEV-authorised; commercial installs","South East","Commercial; Residential","OZEV authorised","51.76331901111111","-0.48171177777777774","2026-05-18"
"All Star Electrical Solutions","N/A","N/A","N/A","service@allstarelectric.co.uk","07883 502929","https://www.allstar-electricalsolutions.co.uk","23 Union Street, Edinburgh","Edinburgh","Scotland","United Kingdom","EV chargepoint installation","Commercial and residential installations","N/A","N/A","N/A","N/A","N/A","N/A","N/A","https://www.gov.uk/electric-vehicle-chargepoint-installers","OZEV-authorised; commercial installs","Scotland","Commercial; Residential","OZEV authorised","55.95806399210526","-3.187409131578948","2026-05-18"
"All Technical Services Limited (ATS Ltd)","N/A","N/A","N/A","aspbroadcast@hotmail.co.uk","07919 577673","https://www.eazyvolt.co.uk","31, Applecross Close, Rochester","Rochester","South East","United Kingdom","EV chargepoint installation","Commercial and residential installations","N/A","N/A","N/A","N/A","N/A","N/A","N/A","https://www.gov.uk/electric-vehicle-chargepoint-installers","OZEV-authorised; commercial installs","South East","Commercial; Residential","OZEV authorised","51.38136471515151","0.49352651515151524","2026-05-18"
"All-Tech Electrical and Mechanical Ltd","N/A","N/A","N/A","N/A","N/A","N/A","7-27 Norfolk Street, Peterborough","Peterborough","East of England","United Kingdom","EV chargepoint installation","Commercial and residential installations","N/A","N/A","N/A","N/A","N/A","N/A","N/A","https://www.gov.uk/electric-vehicle-chargepoint-installers","OZEV-authorised; commercial installs","East of England","Commercial; Residential","OZEV authorised","52.58270743999998","-0.24656570461538446","2026-05-18"
"Allfab Electrical & Mechanical Services Ltd","N/A","N/A","N/A","mark@allfab.co.uk","N/A","N/A","2 Ropery Street, Hull","Hull","Yorkshire & Humber","United Kingdom","EV chargepoint installation","Commercial and residential installations","N/A","N/A","N/A","N/A","N/A","N/A","N/A","https://www.gov.uk/electric-vehicle-chargepoint-installers","OZEV-authorised; commercial installs","Yorkshire & Humber","Commercial; Residential","OZEV authorised","53.73672917142856","-0.3528734142857143","2026-05-18"
"Allman Electrical Services Ltd","N/A","N/A","N/A","matt@allmanelectrical.co.uk","07366 615818","https://www.allmanelectrical.co.uk/","Kingsway House, 40 Foregate Street,, Worcester","Worcester","West Midlands","United Kingdom","EV chargepoint installation","Commercial and residential installations","N/A","N/A","N/A","N/A","N/A","N/A","N/A","https://www.gov.uk/electric-vehicle-chargepoint-installers","OZEV-authorised; commercial installs","West Midlands","Commercial; Residential","OZEV authorised","52.19578925434783","-2.222789783695652","2026-05-18"
"Alpha Build Construction","N/A","N/A","N/A","steve@alphabc.uk","02033 688818","https://www.alphabc.uk","Suite 111, Viglen House, 120 Alperton lane, Wembley","Wembley","South East","United Kingdom","EV chargepoint installation","Commercial and residential installations","N/A","N/A","N/A","N/A","N/A","N/A","N/A","https://www.gov.uk/electric-vehicle-chargepoint-installers","OZEV-authorised; commercial installs","South East","Commercial; Residential","OZEV authorised","51.535593299999995","-0.29836124","2026-05-18"
"AM Electrical South Ltd","N/A","N/A","N/A","sid@amelectricalsouth.co.uk","07469 174251","https://www.amelectricalsouth.co.uk","93 Fawcett Road, Southsea, Portsmouth","Portsmouth","South East","United Kingdom","EV chargepoint installation","Commercial and residential installations","N/A","N/A","N/A","N/A","N/A","N/A","N/A","https://www.gov.uk/electric-vehicle-chargepoint-installers","OZEV-authorised; commercial installs","South East","Commercial; Residential","OZEV authorised","50.79381319318182","-1.0761763409090912","2026-05-18"
"Amber Group Limited","N/A","N/A","N/A","gemma.jones@ambergrouplimited.co.uk","02045 264555","https://www.ambergrouplimited.co.uk","23 Berkley Square, London","London","London","United Kingdom","EV chargepoint installation","Commercial and residential installations","N/A","N/A","N/A","N/A","N/A","N/A","N/A","https://www.gov.uk/electric-vehicle-chargepoint-installers","OZEV-authorised; commercial installs","London","Commercial; Residential","OZEV authorised","51.510709","-0.1458372","2026-05-18"
"Amey t/a Amey Highways Limited","N/A","N/A","N/A","N/A","N/A","https://www.amey.co.uk","Chancery Exchange, 10 Furnival Street, London","London","London","United Kingdom","EV chargepoint installation","Commercial and residential installations","N/A","N/A","N/A","N/A","N/A","N/A","N/A","https://www.gov.uk/electric-vehicle-chargepoint-installers","OZEV-authorised; commercial installs","London","Commercial; Residential","OZEV authorised","51.51730098461538","-0.11056136153846154","2026-05-18"
"AMP Electrical Wales","N/A","N/A","N/A","Info@ampelectrical.wales","01685 220150","https://www.ampelectrical.wales","5 Pen Cerrig Rise, Heolgerrig,, Merthyr Tydfil","Merthyr Tydfil","Wales","United Kingdom","EV chargepoint installation","Commercial and residential installations","N/A","N/A","N/A","N/A","N/A","N/A","N/A","https://www.gov.uk/electric-vehicle-chargepoint-installers","OZEV-authorised; commercial installs","Wales","Commercial; Residential","OZEV authorised","51.746128458333345","-3.4107713666666664","2026-05-18"
"Ampire Electrical Services Ltd","N/A","N/A","N/A","ampireelectricalservices@gmail.com","07838 091574","N/A","13 Rosebank Road, London","London","London","United Kingdom","EV chargepoint installation","Commercial and residential installations","N/A","N/A","N/A","N/A","N/A","N/A","N/A","https://www.gov.uk/electric-vehicle-chargepoint-installers","OZEV-authorised; commercial installs","London","Commercial; Residential","OZEV authorised","51.57530628695652","-0.01687376086956522","2026-05-18"
"Amroc Heating Services Ltd","N/A","N/A","N/A","admin@amrocheating.co.uk","01792 700820","https://www.amrocheating.co.uk","Unit 3-4 Melrose Close, Swansea Enterprise Park, Swansea","Swansea","Wales","United Kingdom","EV chargepoint installation","Commercial installations only","N/A","N/A","N/A","N/A","N/A","N/A","N/A","https://www.gov.uk/electric-vehicle-chargepoint-installers","OZEV-authorised; commercial installs","Wales","Commercial","OZEV authorised","51.659646571428574","-3.913462614285714","2026-05-18"
"AMS Solutions (UK) Ltd t/a AMS Solutions","N/A","N/A","N/A","N/A","01204 216955","https://www.amssolutions.co.uk","International House, 61 Mosley St, Manchester","Manchester","North West","United Kingdom","EV chargepoint installation","Commercial and residential installations","N/A","N/A","N/A","N/A","N/A","N/A","N/A","https://www.gov.uk/electric-vehicle-chargepoint-installers","OZEV-authorised; commercial installs","North West","Commercial; Residential","OZEV authorised","53.47949680270269","-2.2411711756756754","2026-05-18"
"Amsat","N/A","N/A","N/A","N/A","N/A","N/A","Aizlewoods Mill, Nursery Street, Sheffield","Sheffield","Yorkshire & Humber","United Kingdom","EV chargepoint installation","Commercial and residential installations","N/A","N/A","N/A","N/A","N/A","N/A","N/A","https://www.gov.uk/electric-vehicle-chargepoint-installers","OZEV-authorised; commercial installs","Yorkshire & Humber","Commercial; Residential","OZEV authorised","53.38729384558824","-1.464947455882353","2026-05-18"
"Andrew Greenwood Electrical","N/A","N/A","N/A","Info@andrewgreenwoodelectrical.co.uk","01422 360356","https://www.adrewgreenwoodelectrical.co.uk","Unit 4 Booth Town Mills,, Halifax","Halifax","Yorkshire & Humber","United Kingdom","EV chargepoint installation","Commercial and residential installations","N/A","N/A","N/A","N/A","N/A","N/A","N/A","https://www.gov.uk/electric-vehicle-chargepoint-installers","OZEV-authorised; commercial installs","Yorkshire & Humber","Commercial; Residential","OZEV authorised","53.738713978571425","-1.868676242857143","2026-05-18"
"Andrew King Electrical Contractor","N/A","N/A","N/A","andrewkingelectrical@gmail.com","01736 796992","N/A","Tremedda Cres, Zennor, St.Ives","St.Ives","South West","United Kingdom","EV chargepoint installation","Commercial and residential installations","N/A","N/A","N/A","N/A","N/A","N/A","N/A","https://www.gov.uk/electric-vehicle-chargepoint-installers","OZEV-authorised; commercial installs","South West","Commercial; Residential","OZEV authorised","50.19687082352942","-5.558911464705883","2026-05-18"
"Andrew Reeves","N/A","N/A","N/A","reeveselectrics@gmail.com","07971 355667","N/A","32 Bracken Road, Darlington","Darlington","North East","United Kingdom","EV chargepoint installation","Commercial and residential installations","N/A","N/A","N/A","N/A","N/A","N/A","N/A","https://www.gov.uk/electric-vehicle-chargepoint-installers","OZEV-authorised; commercial installs","North East","Commercial; Residential","OZEV authorised","54.533033436363624","-1.571815418181818","2026-05-18"
"Anko Ltd","N/A","N/A","N/A","agodfrey326@gmail.com","07827 812849","https://www.andygodfreyelectrical.co.uk","56 Dick O'th Banks Road, Crossways","Crossways","South West","United Kingdom","EV chargepoint installation","Commercial and residential installations","N/A","N/A","N/A","N/A","N/A","N/A","N/A","https://www.gov.uk/electric-vehicle-chargepoint-installers","OZEV-authorised; commercial installs","South West","Commercial; Residential","OZEV authorised","50.696819203773586","-2.3278468000000005","2026-05-18"
"AP Electrical (Essex) Ltd","N/A","N/A","N/A","info@connaconnect.com","07872 192000","N/A","Swift House, 18 Hoffmans Way, Chelmsford","Chelmsford","East of England","United Kingdom","EV chargepoint installation","Commercial and residential installations","N/A","N/A","N/A","N/A","N/A","N/A","N/A","https://www.gov.uk/electric-vehicle-chargepoint-installers","OZEV-authorised; commercial installs","East of England","Commercial; Residential","OZEV authorised","51.74053827241378","0.47863167241379306","2026-05-18"
"Apex Electrical Solutions Ltd","N/A","N/A","N/A","N/A","N/A","https://www.apex-electricalsolutions.co.uk","6 Cuillin Court, Falkirk","Falkirk","Scotland","United Kingdom","EV chargepoint installation","Commercial and residential installations","N/A","N/A","N/A","N/A","N/A","N/A","N/A","https://www.gov.uk/electric-vehicle-chargepoint-installers","OZEV-authorised; commercial installs","Scotland","Commercial; Residential","OZEV authorised","55.986076466666646","-3.776335183333333","2026-05-18"
"Apex Tubes and Valves Ltd t/a Apex EV","N/A","N/A","N/A","N/A","N/A","N/A","10 Harvester Way, Peterborough","Peterborough","East of England","United Kingdom","EV chargepoint installation","Commercial and residential installations","N/A","N/A","N/A","N/A","N/A","N/A","N/A","https://www.gov.uk/electric-vehicle-chargepoint-installers","OZEV-authorised; commercial installs","East of England","Commercial; Residential","OZEV authorised","52.57051869705882","-0.22566061470588236","2026-05-18"
"AR Simply Electrical Ltd","N/A","N/A","N/A","info@arsimplyelectrical.com","07947 112067","https://www.arsimplyelectrical.com","92 Wildwood Lane, Stevenage","Stevenage","South East","United Kingdom","EV chargepoint installation","Commercial and residential installations","N/A","N/A","N/A","N/A","N/A","N/A","N/A","https://www.gov.uk/electric-vehicle-chargepoint-installers","OZEV-authorised; commercial installs","South East","Commercial; Residential","OZEV authorised","51.89640901666667","-0.19142956666666666","2026-05-18"
"Ara Electrical Ltd","N/A","N/A","N/A","info@aramaintenance.com","07739 730620","N/A","164 New Cavendish Streets, London","London","London","United Kingdom","EV chargepoint installation","Commercial and residential installations","N/A","N/A","N/A","N/A","N/A","N/A","N/A","https://www.gov.uk/electric-vehicle-chargepoint-installers","OZEV-authorised; commercial installs","London","Commercial; Residential","OZEV authorised","51.5206491","-0.1392206","2026-05-18"
"Arc Group London Ltd","N/A","N/A","N/A","N/A","02085396967 / 07525538293","https://www.arcgroupuk.com","Nalken House, Unit 4a, Nobel Road, London","London","London","United Kingdom","EV chargepoint installation","Commercial and residential installations","N/A","N/A","N/A","N/A","N/A","N/A","N/A","https://www.gov.uk/electric-vehicle-chargepoint-installers","OZEV-authorised; commercial installs","London","Commercial; Residential","OZEV authorised","51.615026990816304","-0.04442550510204082","2026-05-18"
"ARC Renewables Ltd","N/A","N/A","N/A","andrew.gardner@arcrenewables.co.uk","02038136171 / 07789725004","N/A","Unit 21, 88 Clapham Park Road, London","London","London","United Kingdom","EV chargepoint installation","Commercial and residential installations","N/A","N/A","N/A","N/A","N/A","N/A","N/A","https://www.gov.uk/electric-vehicle-chargepoint-installers","OZEV-authorised; commercial installs","London","Commercial; Residential","OZEV authorised","51.45956923269232","-0.1347364211538461","2026-05-18"
"Arch Electrical Services (UK) Ltd","N/A","N/A","N/A","aaronpardon@gmail.com","07986 663793","N/A","5 Heather Gardens, Romford","Romford","South East","United Kingdom","EV chargepoint installation","Commercial and residential installations","N/A","N/A","N/A","N/A","N/A","N/A","N/A","https://www.gov.uk/electric-vehicle-chargepoint-installers","OZEV-authorised; commercial installs","South East","Commercial; Residential","OZEV authorised","51.593263842307685","0.17828486923076925","2026-05-18"
"Areion Electrical and Security Services Ltd","N/A","N/A","N/A","areionelectrical@outlook.com","07817 872998","N/A","7 Idle Road, Bradford","Bradford","Yorkshire & Humber","United Kingdom","EV chargepoint installation","Commercial and residential installations","N/A","N/A","N/A","N/A","N/A","N/A","N/A","https://www.gov.uk/electric-vehicle-chargepoint-installers","OZEV-authorised; commercial installs","Yorkshire & Humber","Commercial; Residential","OZEV authorised","53.80777663125","-1.7331182250000008","2026-05-18"
"ARH Group Ltd","N/A","N/A","N/A","evc@arh-group.co.uk","N/A","N/A","Delta House, Monkmoor Road, Shrewsbury","Shrewsbury","West Midlands","United Kingdom","EV chargepoint installation","Commercial and residential installations","N/A","N/A","N/A","N/A","N/A","N/A","N/A","https://www.gov.uk/electric-vehicle-chargepoint-installers","OZEV-authorised; commercial installs","West Midlands","Commercial; Residential","OZEV authorised","52.718154439999964","-2.720440152857146","2026-05-18"
"Arkham Services Ltd","N/A","N/A","N/A","arkhamservices@mail.com","07908 242373","https://www.arkhamservices.co.uk","9 Chase Side Avenue, Enfield","Enfield","South East","United Kingdom","EV chargepoint installation","Commercial and residential installations","N/A","N/A","N/A","N/A","N/A","N/A","N/A","https://www.gov.uk/electric-vehicle-chargepoint-installers","OZEV-authorised; commercial installs","South East","Commercial; Residential","OZEV authorised","51.6583413346154","-0.08604458846153845","2026-05-18"
"Armitage Electrical Engineers Yorkshire t/a AEE Yorkshire","N/A","N/A","N/A","jason@aeeyorkshire.co.uk","07702 410231","https://www.aeeyorkshire.uk","48 Kirkgate, Huddersfield","Huddersfield","Yorkshire & Humber","United Kingdom","EV chargepoint installation","Commercial and residential installations","N/A","N/A","N/A","N/A","N/A","N/A","N/A","https://www.gov.uk/electric-vehicle-chargepoint-installers","OZEV-authorised; commercial installs","Yorkshire & Humber","Commercial; Residential","OZEV authorised","53.6469692","-1.779405","2026-05-18"
"Armley Electrical Services Ltd","N/A","N/A","N/A","N/A","N/A","N/A","European House, 93 Wellington Road, Armley, Leeds","Leeds","Yorkshire & Humber","United Kingdom","EV chargepoint installation","Commercial and residential installations","N/A","N/A","N/A","N/A","N/A","N/A","N/A","https://www.gov.uk/electric-vehicle-chargepoint-installers","OZEV-authorised; commercial installs","Yorkshire & Humber","Commercial; Residential","OZEV authorised","53.79153998888889","-1.5705056333333336","2026-05-18"
"Arrow Electrical & Plumbing Services Ltd","N/A","N/A","N/A","nick@arrowelec.co.uk","01244 830419","https://www.arrow-electrical.co.uk","Deva Court, Lightfoot Street, Hoole, Chester, Cheshire","Cheshire","North West","United Kingdom","EV chargepoint installation","Commercial and residential installations","N/A","N/A","N/A","N/A","N/A","N/A","N/A","https://www.gov.uk/electric-vehicle-chargepoint-installers","OZEV-authorised; commercial installs","North West","Commercial; Residential","OZEV authorised","53.19509515172414","-2.874907213793103","2026-05-18"
"Artimus Limited","N/A","N/A","N/A","monnerystephen@gmail.com","01522 524028","N/A","Rose Cottage, Washinborough Road, Canwick, Lincoln","Lincoln","East Midlands","United Kingdom","EV chargepoint installation","Commercial and residential installations","N/A","N/A","N/A","N/A","N/A","N/A","N/A","https://www.gov.uk/electric-vehicle-chargepoint-installers","OZEV-authorised; commercial installs","East Midlands","Commercial; Residential","OZEV authorised","53.22086507402599","-0.5165094753246751","2026-05-18"
"Artisan Electrics ( Cambridge ) Ltd T/A Artisan Electrics","N/A","N/A","N/A","contact@artisanelectrics.co.uk","01223 968001","https://www.artisanelectrics.co.uk","Nine Hills Road, Cambridge","Cambridge","East of England","United Kingdom","EV chargepoint installation","Commercial and residential installations","N/A","N/A","N/A","N/A","N/A","N/A","N/A","https://www.gov.uk/electric-vehicle-chargepoint-installers","OZEV-authorised; commercial installs","East of England","Commercial; Residential","OZEV authorised","52.19819702452825","0.1290704018867925","2026-05-18"
"AS Electrical Contractors (NW) Limited","N/A","N/A","N/A","N/A","N/A","N/A","112 Springfield Road, Wigan","Wigan","North West","United Kingdom","EV chargepoint installation","Commercial and residential installations","N/A","N/A","N/A","N/A","N/A","N/A","N/A","https://www.gov.uk/electric-vehicle-chargepoint-installers","OZEV-authorised; commercial installs","North West","Commercial; Residential","OZEV authorised","53.554642076923066","-2.6479995499999998","2026-05-18"
"Ashley Inspection Ltd","N/A","N/A","N/A","N/A","N/A","N/A","43/1 Ashley Terrace, Edinburgh","Edinburgh","Scotland","United Kingdom","EV chargepoint installation","Commercial and residential installations","N/A","N/A","N/A","N/A","N/A","N/A","N/A","https://www.gov.uk/electric-vehicle-chargepoint-installers","OZEV-authorised; commercial installs","Scotland","Commercial; Residential","OZEV authorised","55.93352000666669","-3.229697583333332","2026-05-18"
"Ashton Electrical (Aylesham)","N/A","N/A","N/A","ashtonelectrical@hotmail.com","01304842636 / 07788405575","N/A","56 Mount Road, Canterbury","Canterbury","South East","United Kingdom","EV chargepoint installation","Commercial and residential installations","N/A","N/A","N/A","N/A","N/A","N/A","N/A","https://www.gov.uk/electric-vehicle-chargepoint-installers","OZEV-authorised; commercial installs","South East","Commercial; Residential","OZEV authorised","51.27101732142858","1.0991552607142858","2026-05-18"
"Ask Mr Jones Electrical Contractors Ltd","N/A","N/A","N/A","info@askmrjones.co.uk","07901 228823","https://www.askmrjones.co.uk","Beaumaris Suite, The Regent, 67 Regent Street, Wrexham","Wrexham","Wales","United Kingdom","EV chargepoint installation","Commercial and residential installations","N/A","N/A","N/A","N/A","N/A","N/A","N/A","https://www.gov.uk/electric-vehicle-chargepoint-installers","OZEV-authorised; commercial installs","Wales","Commercial; Residential","OZEV authorised","53.04860595000001","-3.0006905388888896","2026-05-18"
"ASM Electrical Taunton","N/A","N/A","N/A","asmelectrical@yahoo.co.uk","07717 719484","https://www.asm-electricaltaunton.co.uk/","44 Smithy, Bishop's Hull, Taunton","Taunton","South West","United Kingdom","EV chargepoint installation","Commercial and residential installations","N/A","N/A","N/A","N/A","N/A","N/A","N/A","https://www.gov.uk/electric-vehicle-chargepoint-installers","OZEV-authorised; commercial installs","South West","Commercial; Residential","OZEV authorised","51.01374134565217","-3.1291449434782614","2026-05-18"
"Aspect Energy Management Ltd","N/A","N/A","N/A","N/A","N/A","N/A","Unit 5, First Floor, 86 Green Lane, Wharncliffe Works,, Sheffield","Sheffield","Yorkshire & Humber","United Kingdom","EV chargepoint installation","Commercial and residential installations","N/A","N/A","N/A","N/A","N/A","N/A","N/A","https://www.gov.uk/electric-vehicle-chargepoint-installers","OZEV-authorised; commercial installs","Yorkshire & Humber","Commercial; Residential","OZEV authorised","53.38969998437499","-1.4774325015625","2026-05-18"
"Aspire Electrical (Darlington) Ltd","N/A","N/A","N/A","info@aspire-groupne.co.uk","01325238013 / 07753433489","https://www.aspire-electricalservices.co.uk","Suite V6, 4 Woodland Road, Darlington","Darlington","North East","United Kingdom","EV chargepoint installation","Commercial and residential installations","N/A","N/A","N/A","N/A","N/A","N/A","N/A","https://www.gov.uk/electric-vehicle-chargepoint-installers","OZEV-authorised; commercial installs","North East","Commercial; Residential","OZEV authorised","54.52774199444444","-1.5603740277777778","2026-05-18"
"ATELMEC ENGINEERING LTD","N/A","N/A","N/A","antonis@atelmec.com","07507 085795","https://www.atelmec.com","4 Dawson Place,Flat 5,, London","London","London","United Kingdom","EV chargepoint installation","Commercial and residential installations","N/A","N/A","N/A","N/A","N/A","N/A","N/A","https://www.gov.uk/electric-vehicle-chargepoint-installers","OZEV-authorised; commercial installs","London","Commercial; Residential","OZEV authorised","51.51282210000002","-0.1945933930555554","2026-05-18"
"Atlantis Facilities Ltd T/A Huddersfield Electrical Contractors","N/A","N/A","N/A","oliver@hec-ltd.com","01484 421269","https://www.hec-ltd.com","Unit 5 Aspley Buisness Park, Huddersfield","Huddersfield","Yorkshire & Humber","United Kingdom","EV chargepoint installation","Commercial installations only","N/A","N/A","N/A","N/A","N/A","N/A","N/A","https://www.gov.uk/electric-vehicle-chargepoint-installers","OZEV-authorised; commercial installs","Yorkshire & Humber","Commercial","OZEV authorised","53.64681947000001","-1.772564275","2026-05-18"
"Auream Energy Ltd","N/A","N/A","N/A","N/A","N/A","N/A","17 Merton Road, Basingstoke","Basingstoke","South East","United Kingdom","EV chargepoint installation","Commercial and residential installations","N/A","N/A","N/A","N/A","N/A","N/A","N/A","https://www.gov.uk/electric-vehicle-chargepoint-installers","OZEV-authorised; commercial installs","South East","Commercial; Residential","OZEV authorised","51.27249428709678","-1.0958524548387094","2026-05-18"
"Aureos Energy Limited","N/A","N/A","N/A","N/A","N/A","https://www.aureos.com","Unit 12, Crewe Hall Enterprise Park, Weston Hall, Crewe","Crewe","North West","United Kingdom","EV chargepoint installation","Commercial and residential installations","N/A","N/A","N/A","N/A","N/A","N/A","N/A","https://www.gov.uk/electric-vehicle-chargepoint-installers","OZEV-authorised; commercial installs","North West","Commercial; Residential","OZEV authorised","53.08212727708334","-2.3984282166666664","2026-05-18"
"Avela Home Service LLP","N/A","N/A","N/A","david.nesbit@plbltd.co.uk","03303033000 / 07711008100","https://www.plbltd.co.uk","Penny Lane House, Evans Road, Liverpool","Liverpool","North West","United Kingdom","EV chargepoint installation","Commercial and residential installations","N/A","N/A","N/A","N/A","N/A","N/A","N/A","https://www.gov.uk/electric-vehicle-chargepoint-installers","OZEV-authorised; commercial installs","North West","Commercial; Residential","OZEV authorised","53.35197497090909","-2.855933689090909","2026-05-18"
"Avon Electrics Group Ltd T/A Avon Electrics","N/A","N/A","N/A","hello@avonelectrics.com","01225 255555","https://www.avonelectrics.com","Easton Business Centre, Felix Road, Bristol","Bristol","South West","United Kingdom","EV chargepoint installation","Commercial and residential installations","N/A","N/A","N/A","N/A","N/A","N/A","N/A","https://www.gov.uk/electric-vehicle-chargepoint-installers","OZEV-authorised; commercial installs","South West","Commercial; Residential","OZEV authorised","51.462237220895545","-2.5675891671641793","2026-05-18"
"Avrenim Group Ltd T/A Avrenim Energy Services Ltd","N/A","N/A","N/A","matt.biggs@avrenimenergyservices.co.uk","07540 732665","N/A","Estates House, 50A Prescot Street, Liverpool","Liverpool","North West","United Kingdom","EV chargepoint installation","Commercial and residential installations","N/A","N/A","N/A","N/A","N/A","N/A","N/A","https://www.gov.uk/electric-vehicle-chargepoint-installers","OZEV-authorised; commercial installs","North West","Commercial; Residential","OZEV authorised","53.40940356666666","-2.9621584","2026-05-18"
"AVU Control","N/A","N/A","N/A","j.telepneff@avucontrol.co.uk","07472 431603","https://www.avucontrol.co.uk/","7 Jones Street, Newport","Newport","Wales","United Kingdom","EV chargepoint installation","Commercial and residential installations","N/A","N/A","N/A","N/A","N/A","N/A","N/A","https://www.gov.uk/electric-vehicle-chargepoint-installers","OZEV-authorised; commercial installs","Wales","Commercial; Residential","OZEV authorised","51.58477692105263","-2.9993889710526322","2026-05-18"
"AW Davies Electrical Ltd","N/A","N/A","N/A","andy@awd-electrical.com","01524 959349","https://www.awd-electrical.com/","68 Fife Street, Lancaster, Lancashire","Lancashire","North West","United Kingdom","EV chargepoint installation","Commercial and residential installations","N/A","N/A","N/A","N/A","N/A","N/A","N/A","https://www.gov.uk/electric-vehicle-chargepoint-installers","OZEV-authorised; commercial installs","North West","Commercial; Residential","OZEV authorised","54.0500440489796","-2.8229854755102037","2026-05-18"
"AW Matthews Heating & Plumbing Ltd T/A Efficient Energy Centre","N/A","N/A","N/A","stefan@efficientenergycentre.co.uk","01432 356633","https://www.efficientenergycentre.co.uk","Unit 4, 2 Harrow Road, Plough Lane","Plough Lane","West Midlands","United Kingdom","EV chargepoint installation","Commercial and residential installations","N/A","N/A","N/A","N/A","N/A","N/A","N/A","https://www.gov.uk/electric-vehicle-chargepoint-installers","OZEV-authorised; commercial installs","West Midlands","Commercial; Residential","OZEV authorised","52.06033223636363","-2.7293933393939387","2026-05-18"
"AXBZ & Co Electrical T/A We Know Energy Ltd","N/A","N/A","N/A","hello@weknowenergy.tech","07884 495359","https://www.weknowenergy.tech","36 Cole Park Road, Twickenham","Twickenham","South East","United Kingdom","EV chargepoint installation","Commercial and residential installations","N/A","N/A","N/A","N/A","N/A","N/A","N/A","https://www.gov.uk/electric-vehicle-chargepoint-installers","OZEV-authorised; commercial installs","South East","Commercial; Residential","OZEV authorised","51.453426192307695","-0.3279920076923078","2026-05-18"
"Azam Electrical","N/A","N/A","N/A","azamelectrical789@gmail.com","07947 468729","N/A","35 Adnitt Road, Northampton","Northampton","East Midlands","United Kingdom","EV chargepoint installation","Commercial and residential installations","N/A","N/A","N/A","N/A","N/A","N/A","N/A","https://www.gov.uk/electric-vehicle-chargepoint-installers","OZEV-authorised; commercial installs","East Midlands","Commercial; Residential","OZEV authorised","52.24510531666666","-0.8779178208333333","2026-05-18"
"B K Engineering & Installations Ltd","N/A","N/A","N/A","N/A","N/A","N/A","Top Floor Hope Mill, 113 Pollard Street, Manchester","Manchester","North West","United Kingdom","EV chargepoint installation","Commercial and residential installations","N/A","N/A","N/A","N/A","N/A","N/A","N/A","https://www.gov.uk/electric-vehicle-chargepoint-installers","OZEV-authorised; commercial installs","North West","Commercial; Residential","OZEV authorised","53.483167019999996","-2.21613476","2026-05-18"
"B-wired electrical services","N/A","N/A","N/A","N/A","N/A","N/A","54 Powder Mill Lane,, Tunbridge Wells","Tunbridge Wells","South East","United Kingdom","EV chargepoint installation","Commercial and residential installations","N/A","N/A","N/A","N/A","N/A","N/A","N/A","https://www.gov.uk/electric-vehicle-chargepoint-installers","OZEV-authorised; commercial installs","South East","Commercial; Residential","OZEV authorised","51.15082237142857","0.26893715","2026-05-18"
"B. & N. Electrical Ltd","N/A","N/A","N/A","tombrierley@live.co.uk","07701 040766","https://www.bandnelectical.co.uk","52 Pope Lane, Penwortham, Preston","Preston","North West","United Kingdom","EV chargepoint installation","Commercial and residential installations","N/A","N/A","N/A","N/A","N/A","N/A","N/A","https://www.gov.uk/electric-vehicle-chargepoint-installers","OZEV-authorised; commercial installs","North West","Commercial; Residential","OZEV authorised","53.73736385","-2.71987493125","2026-05-18"
"B.H. Electrical","N/A","N/A","N/A","bhelectrical@outlook.com","07946 486929","N/A","60 Old Gates Drive, Blackburn, Lancashire","Lancashire","North West","United Kingdom","EV chargepoint installation","Commercial and residential installations","N/A","N/A","N/A","N/A","N/A","N/A","N/A","https://www.gov.uk/electric-vehicle-chargepoint-installers","OZEV-authorised; commercial installs","North West","Commercial; Residential","OZEV authorised","53.729206340909066","-2.519487843181819","2026-05-18"
"Barassie Engineering Systems Ltd","N/A","N/A","N/A","mgillies@barassie-engsys.co.uk","07739 812920","https://www.barassie-engsys.co.uk/","42­-44 Boundary Road, Heathfield Industrial Estate, Ayr","Ayr","Scotland","United Kingdom","EV chargepoint installation","Commercial installations only","N/A","N/A","N/A","N/A","N/A","N/A","N/A","https://www.gov.uk/electric-vehicle-chargepoint-installers","OZEV-authorised; commercial installs","Scotland","Commercial","OZEV authorised","55.48173263962267","-4.603746618867928","2026-05-18"
"Barlow Electrical","N/A","N/A","N/A","barlowelec21@gmail.com","07799 832159","N/A","14 River Crescent, Dundee","Dundee","Scotland","United Kingdom","EV chargepoint installation","Commercial and residential installations","N/A","N/A","N/A","N/A","N/A","N/A","N/A","https://www.gov.uk/electric-vehicle-chargepoint-installers","OZEV-authorised; commercial installs","Scotland","Commercial; Residential","OZEV authorised","56.45690843157896","-3.032824907894737","2026-05-18"
"Barmac Electrical Ltd","N/A","N/A","N/A","N/A","N/A","N/A","Barmac Electrical Ltd, Stanley Way, Carlisle","Carlisle","North West","United Kingdom","EV chargepoint installation","Commercial and residential installations","N/A","N/A","N/A","N/A","N/A","N/A","N/A","https://www.gov.uk/electric-vehicle-chargepoint-installers","OZEV-authorised; commercial installs","North West","Commercial; Residential","OZEV authorised","54.88986559999998","-2.928282824999999","2026-05-18"
"Barrett Contracts Ltd","N/A","N/A","N/A","alan@barrettcontracts.com","02882249111 / 07881550882","https://www.barrettcontracts.com","29 Gortrush Industrial Estate, Great Northern Road, Omagh","Omagh","Northern Ireland","United Kingdom","EV chargepoint installation","Commercial installations only","N/A","N/A","N/A","N/A","N/A","N/A","N/A","https://www.gov.uk/electric-vehicle-chargepoint-installers","OZEV-authorised; commercial installs","Northern Ireland","Commercial","OZEV authorised","54.605932537362605","-7.325273962637366","2026-05-18"
"Barton Electrical","N/A","N/A","N/A","info@bartonelectrical.net","01473 741320","https://www.bartonelectrical.net","64 Dales View Road, Ipswich","Ipswich","East of England","United Kingdom","EV chargepoint installation","Commercial and residential installations","N/A","N/A","N/A","N/A","N/A","N/A","N/A","https://www.gov.uk/electric-vehicle-chargepoint-installers","OZEV-authorised; commercial installs","East of England","Commercial; Residential","OZEV authorised","52.07067071282051","1.1398212333333337","2026-05-18"
"Bath Electrical Solutions Ltd","N/A","N/A","N/A","N/A","N/A","N/A","67 Bloomfield Drive, Bath","Bath","South West","United Kingdom","EV chargepoint installation","Commercial and residential installations","N/A","N/A","N/A","N/A","N/A","N/A","N/A","https://www.gov.uk/electric-vehicle-chargepoint-installers","OZEV-authorised; commercial installs","South West","Commercial; Residential","OZEV authorised","51.36352649117647","-2.380675005882353","2026-05-18"
"Bath Property Maintenance Ltd t/a BPM Maintenance","N/A","N/A","N/A","N/A","N/A","N/A","3 Park Lane, Bath","Bath","South West","United Kingdom","EV chargepoint installation","Commercial and residential installations","N/A","N/A","N/A","N/A","N/A","N/A","N/A","https://www.gov.uk/electric-vehicle-chargepoint-installers","OZEV-authorised; commercial installs","South West","Commercial; Residential","OZEV authorised","51.38616909473685","-2.3788063894736844","2026-05-18"
"Bau Group","N/A","N/A","N/A","info@wearebau.group","01727 627267","https://www.wearebau.group","Alban Row, 27-31 Verulam Road, St Albans","St Albans","South East","United Kingdom","EV chargepoint installation","Commercial and residential installations","N/A","N/A","N/A","N/A","N/A","N/A","N/A","https://www.gov.uk/electric-vehicle-chargepoint-installers","OZEV-authorised; commercial installs","South East","Commercial; Residential","OZEV authorised","51.752972120689655","-0.3415183034482759","2026-05-18"
"Bay EV","N/A","N/A","N/A","sales@bayev.co.uk","01524 581628","https://www.bayev.co.uk","369a Lancaster Road, Torrisholme, Morecambe","Morecambe","North West","United Kingdom","EV chargepoint installation","Commercial and residential installations","N/A","N/A","N/A","N/A","N/A","N/A","N/A","https://www.gov.uk/electric-vehicle-chargepoint-installers","OZEV-authorised; commercial installs","North West","Commercial; Residential","OZEV authorised","54.06617633999999","-2.8326938150000003","2026-05-18"
"BCP Electrics Ltd","N/A","N/A","N/A","N/A","N/A","N/A","53 St Hildas Road, Harrogate","Harrogate","Yorkshire & Humber","United Kingdom","EV chargepoint installation","Commercial and residential installations","N/A","N/A","N/A","N/A","N/A","N/A","N/A","https://www.gov.uk/electric-vehicle-chargepoint-installers","OZEV-authorised; commercial installs","Yorkshire & Humber","Commercial; Residential","OZEV authorised","53.9880401882353","-1.519798555882353","2026-05-18"
"Be Assured Electrical","N/A","N/A","N/A","peter@beassuredelectrical.com","07885 285506","https://www.beassuredelectrical.com","Sophia House, 28 Cathedral Rd, Cardiff","Cardiff","Wales","United Kingdom","EV chargepoint installation","Commercial and residential installations","N/A","N/A","N/A","N/A","N/A","N/A","N/A","https://www.gov.uk/electric-vehicle-chargepoint-installers","OZEV-authorised; commercial installs","Wales","Commercial; Residential","OZEV authorised","51.483701455384626","-3.1908937923076914","2026-05-18"
"Beacon Cymru Group Ltd","N/A","N/A","N/A","N/A","N/A","N/A","3rd Floor, 220 High Street, Swansea","Swansea","Wales","United Kingdom","EV chargepoint installation","Commercial and residential installations","N/A","N/A","N/A","N/A","N/A","N/A","N/A","https://www.gov.uk/electric-vehicle-chargepoint-installers","OZEV-authorised; commercial installs","Wales","Commercial; Residential","OZEV authorised","51.6233148","-3.94162512","2026-05-18"
"Beaumont Electrical Services Team Ltd","N/A","N/A","N/A","beaumont.electrical.services@gmail.com","N/A","N/A","58 Hawes Road, Walsall","Walsall","West Midlands","United Kingdom","EV chargepoint installation","Commercial and residential installations","N/A","N/A","N/A","N/A","N/A","N/A","N/A","https://www.gov.uk/electric-vehicle-chargepoint-installers","OZEV-authorised; commercial installs","West Midlands","Commercial; Residential","OZEV authorised","52.5702491925926","-1.9768657333333328","2026-05-18"
"Bedoya Electrical LTD","N/A","N/A","N/A","info@bedoyaelectrical.com","02031678729 / 07498320285","https://www.bedoyaelectrical.com","Suite 46, 101 Clapham High Street,, London","London","London","United Kingdom","EV chargepoint installation","Commercial and residential installations","N/A","N/A","N/A","N/A","N/A","N/A","N/A","https://www.gov.uk/electric-vehicle-chargepoint-installers","OZEV-authorised; commercial installs","London","Commercial; Residential","OZEV authorised","51.462820536666676","-0.13449359666666666","2026-05-18"
"Belectrix Ltd","N/A","N/A","N/A","N/A","N/A","N/A","118A Cottonmill Lane, St Albans","St Albans","South East","United Kingdom","EV chargepoint installation","Commercial and residential installations","N/A","N/A","N/A","N/A","N/A","N/A","N/A","https://www.gov.uk/electric-vehicle-chargepoint-installers","OZEV-authorised; commercial installs","South East","Commercial; Residential","OZEV authorised","51.73678853999999","-0.330470764","2026-05-18"
"Bellsons London Ltd","N/A","N/A","N/A","info@bellsons.co.uk","02035 836443","https://www.bellsons.co.uk","7, Bell Yard,, London","London","London","United Kingdom","EV chargepoint installation","Commercial and residential installations","N/A","N/A","N/A","N/A","N/A","N/A","N/A","https://www.gov.uk/electric-vehicle-chargepoint-installers","OZEV-authorised; commercial installs","London","Commercial; Residential","OZEV authorised","51.51429118727275","-0.11171276545454537","2026-05-18"
"Benco Electrical Services","N/A","N/A","N/A","N/A","N/A","N/A","43 Windsor Road, Town Moor, Doncaster","Doncaster","Yorkshire & Humber","United Kingdom","EV chargepoint installation","Commercial and residential installations","N/A","N/A","N/A","N/A","N/A","N/A","N/A","https://www.gov.uk/electric-vehicle-chargepoint-installers","OZEV-authorised; commercial installs","Yorkshire & Humber","Commercial; Residential","OZEV authorised","53.527669238181815","-1.1158663999999998","2026-05-18"
"Bennet Baldwin Ltd","N/A","N/A","N/A","Walidkarwani@gmail.com","07966 666350","https://www.bennetbaldwin.co.uk","14 Manchester Square, London","London","London","United Kingdom","EV chargepoint installation","Commercial and residential installations","N/A","N/A","N/A","N/A","N/A","N/A","N/A","https://www.gov.uk/electric-vehicle-chargepoint-installers","OZEV-authorised; commercial installs","London","Commercial; Residential","OZEV authorised","51.51659460833333","-0.15288930833333333","2026-05-18"
"BES Electric Company Ltd","N/A","N/A","N/A","contact@beselectric.co.uk","07864 030871","https://www.beselectric.co.uk","23 Holly Copse, Stevenage","Stevenage","South East","United Kingdom","EV chargepoint installation","Commercial and residential installations","N/A","N/A","N/A","N/A","N/A","N/A","N/A","https://www.gov.uk/electric-vehicle-chargepoint-installers","OZEV-authorised; commercial installs","South East","Commercial; Residential","OZEV authorised","51.900228364516124","-0.18947395483870969","2026-05-18"
"Besafe Electric Ltd","N/A","N/A","N/A","info@besafeelectric.co.uk","02080 504542","https://www.besafeelectric.co.uk","Suit 203 Oceanair House, 750-760 High Road ,, Leytonstone","Leytonstone","London","United Kingdom","EV chargepoint installation","Commercial and residential installations","N/A","N/A","N/A","N/A","N/A","N/A","N/A","https://www.gov.uk/electric-vehicle-chargepoint-installers","OZEV-authorised; commercial installs","London","Commercial; Residential","OZEV authorised","51.570278545588245","0.014584220588235289","2026-05-18"
"Best Electric Solutions Ltd","N/A","N/A","N/A","bobby9dec@hotmail.com","N/A","https://www.bestelectricsolutions.co.uk","61 Cranley Drive, Ilford","Ilford","South East","United Kingdom","EV chargepoint installation","Commercial and residential installations","N/A","N/A","N/A","N/A","N/A","N/A","N/A","https://www.gov.uk/electric-vehicle-chargepoint-installers","OZEV-authorised; commercial installs","South East","Commercial; Residential","OZEV authorised","51.57109450517239","0.08128662586206893","2026-05-18"
"Best Electrical Service Team","N/A","N/A","N/A","helpdesk@bestelec.co.uk","01438 743800","N/A","Unit 9, The IO Centre, Whittle Way, Arlington Business Park, Stevenage","Stevenage","South East","United Kingdom","EV chargepoint installation","Commercial and residential installations","N/A","N/A","N/A","N/A","N/A","N/A","N/A","https://www.gov.uk/electric-vehicle-chargepoint-installers","OZEV-authorised; commercial installs","South East","Commercial; Residential","OZEV authorised","51.88963047916665","-0.20573502499999996","2026-05-18"
"Bestfix Support 2 Go Ltd","N/A","N/A","N/A","N/A","N/A","https://www.bestfix.co.uk","41 Skylines Village, Limeharbour, London","London","London","United Kingdom","EV chargepoint installation","Commercial and residential installations","N/A","N/A","N/A","N/A","N/A","N/A","N/A","https://www.gov.uk/electric-vehicle-chargepoint-installers","OZEV-authorised; commercial installs","London","Commercial; Residential","OZEV authorised","51.49922382121211","-0.012715930303030304","2026-05-18"
"Better Living Electrical Contractors","N/A","N/A","N/A","Betterlivingltd@hotmail.co.uk","07983 719486","N/A","10 Tees Road, Chelmsford","Chelmsford","East of England","United Kingdom","EV chargepoint installation","Commercial and residential installations","N/A","N/A","N/A","N/A","N/A","N/A","N/A","https://www.gov.uk/electric-vehicle-chargepoint-installers","OZEV-authorised; commercial installs","East of England","Commercial; Residential","OZEV authorised","51.749847984615386","0.47994073538461557","2026-05-18"
"BGreenn Limited","N/A","N/A","N/A","admin@bgreenn.co.uk","03330 090848","https://www.bgreenn.co.uk","Unit 1 Wainwright Court, Canterbury Street, Blackburn","Blackburn","North West","United Kingdom","EV chargepoint installation","Commercial and residential installations","N/A","N/A","N/A","N/A","N/A","N/A","N/A","https://www.gov.uk/electric-vehicle-chargepoint-installers","OZEV-authorised; commercial installs","North West","Commercial; Residential","OZEV authorised","53.74362074","-2.4886149800000004","2026-05-18"
"Bickerton Electrical Services","N/A","N/A","N/A","N/A","N/A","N/A","3 Onslow Road, Southsea, Portsmouth","Portsmouth","South East","United Kingdom","EV chargepoint installation","Commercial and residential installations","N/A","N/A","N/A","N/A","N/A","N/A","N/A","https://www.gov.uk/electric-vehicle-chargepoint-installers","OZEV-authorised; commercial installs","South East","Commercial; Residential","OZEV authorised","50.78178338181818","-1.0818697363636363","2026-05-18"
"Billy Black Electrical Ltd","N/A","N/A","N/A","N/A","N/A","N/A","36 Matthews Drive, Perth","Perth","Scotland","United Kingdom","EV chargepoint installation","Commercial and residential installations","N/A","N/A","N/A","N/A","N/A","N/A","N/A","https://www.gov.uk/electric-vehicle-chargepoint-installers","OZEV-authorised; commercial installs","Scotland","Commercial; Residential","OZEV authorised","56.41325593536583","-3.473399798780489","2026-05-18"
"Birmingham Electrical Installations Ltd","N/A","N/A","N/A","kelvin@birmingham-electrical.com","01218203644 / 07910192697","https://www.Birmingham-electrical.com","11 St Paul's Square, Grosvenor House, Birmingham","Birmingham","West Midlands","United Kingdom","EV chargepoint installation","Commercial and residential installations","N/A","N/A","N/A","N/A","N/A","N/A","N/A","https://www.gov.uk/electric-vehicle-chargepoint-installers","OZEV-authorised; commercial installs","West Midlands","Commercial; Residential","OZEV authorised","52.48572873506492","-1.9047603246753253","2026-05-18"
"Black Isle Renewables Ltd","N/A","N/A","N/A","N/A","N/A","N/A","Riverside Industrial Estate, Craig Road, Dingwall","Dingwall","Scotland","United Kingdom","EV chargepoint installation","Commercial and residential installations","N/A","N/A","N/A","N/A","N/A","N/A","N/A","https://www.gov.uk/electric-vehicle-chargepoint-installers","OZEV-authorised; commercial installs","Scotland","Commercial; Residential","OZEV authorised","57.59971599642857","-4.428668832142857","2026-05-18"
"BLF Engineering","N/A","N/A","N/A","Bfish@BLFEngineering.com","07552 555656","https://www.BLFEngineering.com","31 Meynell Walk, Netherton, Peterborough","Peterborough","East of England","United Kingdom","EV chargepoint installation","Commercial and residential installations","N/A","N/A","N/A","N/A","N/A","N/A","N/A","https://www.gov.uk/electric-vehicle-chargepoint-installers","OZEV-authorised; commercial installs","East of England","Commercial; Residential","OZEV authorised","52.58102849038463","-0.27256146153846156","2026-05-18"
"Blinkey Property Solutions Ltd","N/A","N/A","N/A","N/A","N/A","N/A","Blink Group, 2c Royal Victoria Place, London","London","London","United Kingdom","EV chargepoint installation","Commercial and residential installations","N/A","N/A","N/A","N/A","N/A","N/A","N/A","https://www.gov.uk/electric-vehicle-chargepoint-installers","OZEV-authorised; commercial installs","London","Commercial; Residential","OZEV authorised","51.50526101764709","0.026730738235294118","2026-05-18"
"Blounts Electrical Services Limited","N/A","N/A","N/A","info@blountselectrical.co.uk","07949197365 / 01733462652","https://www.blountselectricalservices.co.uk","37 Second Drove Industrial Estate, Fengate, Peterborough","Peterborough","East of England","United Kingdom","EV chargepoint installation","Commercial and residential installations","N/A","N/A","N/A","N/A","N/A","N/A","N/A","https://www.gov.uk/electric-vehicle-chargepoint-installers","OZEV-authorised; commercial installs","East of England","Commercial; Residential","OZEV authorised","52.56935099466667","-0.21908623866666674","2026-05-18"
"Blue Sun Energy","N/A","N/A","N/A","N/A","N/A","N/A","Rutland House, 23-25 Friars, Lane, Leicester","Leicester","East Midlands","United Kingdom","EV chargepoint installation","Commercial and residential installations","N/A","N/A","N/A","N/A","N/A","N/A","N/A","https://www.gov.uk/electric-vehicle-chargepoint-installers","OZEV-authorised; commercial installs","East Midlands","Commercial; Residential","OZEV authorised","52.633387099999986","-1.1359601999999998","2026-05-18"
"BlueApe Limited t/a Blue Ape Renewables","N/A","N/A","N/A","info@blueaperenewables.co.uk","01514 524085","https://www.blueaperenewables.co.uk","1 Mann Island, 3rd Floor, Liverpool","Liverpool","North West","United Kingdom","EV chargepoint installation","Commercial and residential installations","N/A","N/A","N/A","N/A","N/A","N/A","N/A","https://www.gov.uk/electric-vehicle-chargepoint-installers","OZEV-authorised; commercial installs","North West","Commercial; Residential","OZEV authorised","53.40370529780221","-2.9933726329670294","2026-05-18"
"BM Electrical South East Ltd","N/A","N/A","N/A","debbie@bmelec.co.uk","07557 788424","N/A","8 Belgrove, Tunbridge Wells, Tunbridge Wells","Tunbridge Wells","South East","United Kingdom","EV chargepoint installation","Commercial and residential installations","N/A","N/A","N/A","N/A","N/A","N/A","N/A","https://www.gov.uk/electric-vehicle-chargepoint-installers","OZEV-authorised; commercial installs","South East","Commercial; Residential","OZEV authorised","51.127470105263164","0.26284808421052624","2026-05-18"
"BMES (Scotland) Ltd","N/A","N/A","N/A","info@bmes-scotland.co.uk","01324 430140","https://www.bmesscotland.co.uk","33 Broomhill Road, Bonnybridge","Bonnybridge","Scotland","United Kingdom","EV chargepoint installation","Commercial and residential installations","N/A","N/A","N/A","N/A","N/A","N/A","N/A","https://www.gov.uk/electric-vehicle-chargepoint-installers","OZEV-authorised; commercial installs","Scotland","Commercial; Residential","OZEV authorised","55.99624304444444","-3.8812361999999996","2026-05-18"
"BMM Networks Ltd","N/A","N/A","N/A","ryan.ramsey@bmmnetworks.co.uk","07464 663072","https://www.bbmnetworks.co.uk","Seebeck House, 1 Seebeck Place, Milton Keynes","Milton Keynes","South East","United Kingdom","EV chargepoint installation","Commercial installations only","N/A","N/A","N/A","N/A","N/A","N/A","N/A","https://www.gov.uk/electric-vehicle-chargepoint-installers","OZEV-authorised; commercial installs","South East","Commercial","OZEV authorised","52.02653921621622","-0.7736705621621621","2026-05-18"
"BNKK Ltd T/A BNKK Electrical","N/A","N/A","N/A","info@bnkk.co.uk","02382 444501","https://www.bnkk.co.uk","8 High Street,, Southampton","Southampton","N/A","United Kingdom","EV chargepoint installation","Commercial and residential installations","N/A","N/A","N/A","N/A","N/A","N/A","N/A","https://www.gov.uk/electric-vehicle-chargepoint-installers","OZEV-authorised; commercial installs","N/A","Commercial; Residential","OZEV authorised","50.90216885","-1.4037586531250001","2026-05-18"
"Bond Electrics Ltd","N/A","N/A","N/A","info@bondelectrics.co.uk","07983 008007","https://www.bondelectrics.co.uk","Flat 43 Norbiton Hall, London Road, Kingston upon Thames","Kingston upon Thames","South East","United Kingdom","EV chargepoint installation","Commercial and residential installations","N/A","N/A","N/A","N/A","N/A","N/A","N/A","https://www.gov.uk/electric-vehicle-chargepoint-installers","OZEV-authorised; commercial installs","South East","Commercial; Residential","OZEV authorised","51.4118353764706","-0.2908490235294119","2026-05-18"
"Bonnet Electrical Ltd t/a Alva Car Charging","N/A","N/A","N/A","N/A","N/A","N/A","24 Furneaux Road, Plymouth, Devon","Devon","South West","United Kingdom","EV chargepoint installation","Commercial and residential installations","N/A","N/A","N/A","N/A","N/A","N/A","N/A","https://www.gov.uk/electric-vehicle-chargepoint-installers","OZEV-authorised; commercial installs","South West","Commercial; Residential","OZEV authorised","50.38797145882353","-4.159804205882353","2026-05-18"
"Border All Trades Ltd","N/A","N/A","N/A","enquiries@borderalltrades.co.uk","01896 493193","https://www.borderalltrades.co.uk","Thorncroft, Blainslie, Galashiels","Galashiels","Scotland","United Kingdom","EV chargepoint installation","Commercial and residential installations","N/A","N/A","N/A","N/A","N/A","N/A","N/A","https://www.gov.uk/electric-vehicle-chargepoint-installers","OZEV-authorised; commercial installs","Scotland","Commercial; Residential","OZEV authorised","55.685167950000015","-2.7228856184210533","2026-05-18"
"Botfield electrical Ltd","N/A","N/A","N/A","ashley@botelectrical.co.uk","07808 152982","https://www.botelectrical.co.uk","7 Cottingham Drive, Lincoln","Lincoln","East Midlands","United Kingdom","EV chargepoint installation","Commercial and residential installations","N/A","N/A","N/A","N/A","N/A","N/A","N/A","https://www.gov.uk/electric-vehicle-chargepoint-installers","OZEV-authorised; commercial installs","East Midlands","Commercial; Residential","OZEV authorised","53.24466432258063","-0.5224420903225807","2026-05-18"
"Bowler Environmental Electrical Systems Ltd","N/A","N/A","N/A","solar@bowller.co.uk","07546 085007","https://www.bowllersolar.co.uk","Salisbury House 2-3 Salisbury Villas, Cambridge","Cambridge","East of England","United Kingdom","EV chargepoint installation","Commercial and residential installations","N/A","N/A","N/A","N/A","N/A","N/A","N/A","https://www.gov.uk/electric-vehicle-chargepoint-installers","OZEV-authorised; commercial installs","East of England","Commercial; Residential","OZEV authorised","52.19494675","0.13373515000000002","2026-05-18"
"Bowling Garrard Electrical Ltd","N/A","N/A","N/A","sales@bowlinggarrard.co.uk","01206 542285","N/A","1a Crowhurst Road, Colchester","Colchester","East of England","United Kingdom","EV chargepoint installation","Commercial and residential installations","N/A","N/A","N/A","N/A","N/A","N/A","N/A","https://www.gov.uk/electric-vehicle-chargepoint-installers","OZEV-authorised; commercial installs","East of England","Commercial; Residential","OZEV authorised","51.88870638888889","0.8923587111111111","2026-05-18"
"Box 123 Ltd t/a Electrician 2U","N/A","N/A","N/A","admin@electrician2u.co.uk","07740 361326","https://www.electrician2u.co.uk","Suite 37 The Plex, 15 Margate Street, Wakefield","Wakefield","Yorkshire & Humber","United Kingdom","EV chargepoint installation","Commercial and residential installations","N/A","N/A","N/A","N/A","N/A","N/A","N/A","https://www.gov.uk/electric-vehicle-chargepoint-installers","OZEV-authorised; commercial installs","Yorkshire & Humber","Commercial; Residential","OZEV authorised","53.68676394166667","-1.505434729166667","2026-05-18"
"BP Pulse","N/A","N/A","N/A","cpst-bppulse@bp.com","01582 400331","https://www.bppulse.co.uk","Breckland, Linford Wood, Milton Keynes, Buckinghamshire","Buckinghamshire","South East","United Kingdom","EV chargepoint installation","Commercial and residential installations","N/A","N/A","N/A","N/A","N/A","N/A","N/A","https://www.gov.uk/electric-vehicle-chargepoint-installers","OZEV-authorised; commercial installs","South East","Commercial; Residential","OZEV authorised","52.0578588","-0.76609835","2026-05-18"
"BR Electrical Contractors Ltd","N/A","N/A","N/A","bradley@brelectrical.info","07900 952637","N/A","41 Harborough Road, Bedford Place,, Southampton","Southampton","N/A","United Kingdom","EV chargepoint installation","Commercial and residential installations","N/A","N/A","N/A","N/A","N/A","N/A","N/A","https://www.gov.uk/electric-vehicle-chargepoint-installers","OZEV-authorised; commercial installs","N/A","Commercial; Residential","OZEV authorised","50.91303466249999","-1.4105110125","2026-05-18"
"Bradbury Electrical Contractors Ltd T/A Bradbury Electrical","N/A","N/A","N/A","installations@bradburyelectrical.co.uk","01273 206207","N/A","Unit 8, Centenary Industrial Estate, Highes Road, Brighton","Brighton","South East","United Kingdom","EV chargepoint installation","Commercial and residential installations","N/A","N/A","N/A","N/A","N/A","N/A","N/A","https://www.gov.uk/electric-vehicle-chargepoint-installers","OZEV-authorised; commercial installs","South East","Commercial; Residential","OZEV authorised","50.83781463333333","-0.1294266","2026-05-18"
"Bright Electrical Contractors N.W Ltd","N/A","N/A","N/A","N/A","N/A","N/A","11 Maes Gwyrdd, Stansty Walks, Gwersyllt, Wrexham","Wrexham","Wales","United Kingdom","EV chargepoint installation","Commercial and residential installations","N/A","N/A","N/A","N/A","N/A","N/A","N/A","https://www.gov.uk/electric-vehicle-chargepoint-installers","OZEV-authorised; commercial installs","Wales","Commercial; Residential","OZEV authorised","53.06511987636364","-3.018364358181817","2026-05-18"
"Bristol City Electrical Ltd T/A BCE","N/A","N/A","N/A","N/A","N/A","N/A","25 Doudney Court, William Street, Bristol","Bristol","South West","United Kingdom","EV chargepoint installation","Commercial and residential installations","N/A","N/A","N/A","N/A","N/A","N/A","N/A","https://www.gov.uk/electric-vehicle-chargepoint-installers","OZEV-authorised; commercial installs","South West","Commercial; Residential","OZEV authorised","51.44442059999994","-2.590164200000002","2026-05-18"
"British Gas Services LTD","N/A","N/A","N/A","OLEV@britishgas.co.uk","07769 547359","N/A","New Bridge House Leeds City Office Park, Leeds","Leeds","Yorkshire & Humber","United Kingdom","EV chargepoint installation","Commercial and residential installations","N/A","N/A","N/A","N/A","N/A","N/A","N/A","https://www.gov.uk/electric-vehicle-chargepoint-installers","OZEV-authorised; commercial installs","Yorkshire & Humber","Commercial; Residential","OZEV authorised","53.790046489552246","-1.5437851537313432","2026-05-18"
"Broadley and Hazell Ltd","N/A","N/A","N/A","N/A","N/A","N/A","Rear of 29 Craven Street, Harrogate","Harrogate","Yorkshire & Humber","United Kingdom","EV chargepoint installation","Commercial and residential installations","N/A","N/A","N/A","N/A","N/A","N/A","N/A","https://www.gov.uk/electric-vehicle-chargepoint-installers","OZEV-authorised; commercial installs","Yorkshire & Humber","Commercial; Residential","OZEV authorised","54.00210198","-1.53657852","2026-05-18"
"Brolec Electrical Services Ltd","N/A","N/A","N/A","N/A","N/A","N/A","43 Parc Starling, Johnstown, Carmarthenshire","Carmarthenshire","Wales","United Kingdom","EV chargepoint installation","Commercial and residential installations","N/A","N/A","N/A","N/A","N/A","N/A","N/A","https://www.gov.uk/electric-vehicle-chargepoint-installers","OZEV-authorised; commercial installs","Wales","Commercial; Residential","OZEV authorised","51.8530630876923","-4.329851198461538","2026-05-18"
"Brooks Electrical Surrey","N/A","N/A","N/A","info@brookselectricalcontractors.com","02071015082 / 07825432986","https://www.brookselectricalcontractors.com","2 Neville Road, Richmond","Richmond","South East","United Kingdom","EV chargepoint installation","Commercial and residential installations","N/A","N/A","N/A","N/A","N/A","N/A","N/A","https://www.gov.uk/electric-vehicle-chargepoint-installers","OZEV-authorised; commercial installs","South East","Commercial; Residential","OZEV authorised","51.439401409999995","-0.31677378","2026-05-18"
"Brooktech Maintenance Services Ltd","N/A","N/A","N/A","james@brooktechmaintenance.com","07766 484246","https://www.brooktechmaintenance.com","Unit 17.2 Meadow Ind Est, Water Street, Stockport","Stockport","North West","United Kingdom","EV chargepoint installation","Commercial and residential installations","N/A","N/A","N/A","N/A","N/A","N/A","N/A","https://www.gov.uk/electric-vehicle-chargepoint-installers","OZEV-authorised; commercial installs","North West","Commercial; Residential","OZEV authorised","53.417739532812504","-2.152856875","2026-05-18"
"BS Electrician (UK) Limited T/A BS Electrician","N/A","N/A","N/A","bselectricianuk@hotmail.com","07898 250464","https://www.bselectricianuk.co.uk","17 Rockmount Road, London","London","London","United Kingdom","EV chargepoint installation","Commercial and residential installations","N/A","N/A","N/A","N/A","N/A","N/A","N/A","https://www.gov.uk/electric-vehicle-chargepoint-installers","OZEV-authorised; commercial installs","London","Commercial; Residential","OZEV authorised","51.48488724390245","0.1015354268292683","2026-05-18"
"Bu Energy Solutions Ltd","N/A","N/A","N/A","admin@buenergysolutions.co.uk","N/A","https://www.buenergysolutions.co.uk","Unit 3 St Phillips Trade Centre, Albert Road, Bristol","Bristol","South West","United Kingdom","EV chargepoint installation","Commercial and residential installations","N/A","N/A","N/A","N/A","N/A","N/A","N/A","https://www.gov.uk/electric-vehicle-chargepoint-installers","OZEV-authorised; commercial installs","South West","Commercial; Residential","OZEV authorised","51.444623179999994","-2.56773812","2026-05-18"
"Built to Last Building Solutions","N/A","N/A","N/A","N/A","N/A","N/A","6 Radstock Walk, Walker, Newcastle upon Tyne","Newcastle upon Tyne","North East","United Kingdom","EV chargepoint installation","Commercial and residential installations","N/A","N/A","N/A","N/A","N/A","N/A","N/A","https://www.gov.uk/electric-vehicle-chargepoint-installers","OZEV-authorised; commercial installs","North East","Commercial; Residential","OZEV authorised","54.96490274999999","-1.5632451583333333","2026-05-18"
"Bulldog Electrical Ltd T/A Bulldog Electrical","N/A","N/A","N/A","connor@bulldogelectrical.uk","01634 944145","https://www.bulldogelectrical.uk/","79 St Williams Way, Rochester","Rochester","South East","United Kingdom","EV chargepoint installation","Commercial and residential installations","N/A","N/A","N/A","N/A","N/A","N/A","N/A","https://www.gov.uk/electric-vehicle-chargepoint-installers","OZEV-authorised; commercial installs","South East","Commercial; Residential","OZEV authorised","51.373926425","0.5090249200000001","2026-05-18"
"Bundy's Electrical & Safety Testing Ltd T/A BEST Ltd","N/A","N/A","N/A","david@bundys.co.uk","03333 051576","N/A","5 Beeston Pathway, Handbridge, Chester","Chester","North West","United Kingdom","EV chargepoint installation","Commercial and residential installations","N/A","N/A","N/A","N/A","N/A","N/A","N/A","https://www.gov.uk/electric-vehicle-chargepoint-installers","OZEV-authorised; commercial installs","North West","Commercial; Residential","OZEV authorised","53.17970086363636","-2.8811040727272723","2026-05-18"
"Burbidge Electrical","N/A","N/A","N/A","N/A","N/A","N/A","5 St Nicholas Close, Winsley, Bradford on Avon","Bradford on Avon","South West","United Kingdom","EV chargepoint installation","Commercial and residential installations","N/A","N/A","N/A","N/A","N/A","N/A","N/A","https://www.gov.uk/electric-vehicle-chargepoint-installers","OZEV-authorised; commercial installs","South West","Commercial; Residential","OZEV authorised","51.348401775862094","-2.288929489655172","2026-05-18"
"Burley and Elsom Ltd","N/A","N/A","N/A","N/A","N/A","N/A","Great Northern House, Great Northern Terrace, Lincoln","Lincoln","East Midlands","United Kingdom","EV chargepoint installation","Commercial and residential installations","N/A","N/A","N/A","N/A","N/A","N/A","N/A","https://www.gov.uk/electric-vehicle-chargepoint-installers","OZEV-authorised; commercial installs","East Midlands","Commercial; Residential","OZEV authorised","53.22472758906252","-0.5274398124999997","2026-05-18"
"Business Electrical Ltd","N/A","N/A","N/A","jon@businesselectrical.co.uk","07436 167485","https://www.businesselectrical.co.uk/","1A Barton Road, Bristol","Bristol","South West","United Kingdom","EV chargepoint installation","Commercial and residential installations","N/A","N/A","N/A","N/A","N/A","N/A","N/A","https://www.gov.uk/electric-vehicle-chargepoint-installers","OZEV-authorised; commercial installs","South West","Commercial; Residential","OZEV authorised","51.46042024","-2.5769029100000003","2026-05-18"
"Butler Electrical Services","N/A","N/A","N/A","N/A","N/A","N/A","118 Barnsley Street, Springfield, Wigan","Wigan","North West","United Kingdom","EV chargepoint installation","Commercial and residential installations","N/A","N/A","N/A","N/A","N/A","N/A","N/A","https://www.gov.uk/electric-vehicle-chargepoint-installers","OZEV-authorised; commercial installs","North West","Commercial; Residential","OZEV authorised","53.555308621276595","-2.64223115319149","2026-05-18"
"C & C Wales Electrical Solutions Ltd","N/A","N/A","N/A","candcwales@btinternet.com","01492 582802","https://www.candcwaleselectrical.co.uk","56 St. Georges Drive, Deganwy, Conwy","Conwy","Wales","United Kingdom","EV chargepoint installation","Commercial and residential installations","N/A","N/A","N/A","N/A","N/A","N/A","N/A","https://www.gov.uk/electric-vehicle-chargepoint-installers","OZEV-authorised; commercial installs","Wales","Commercial; Residential","OZEV authorised","53.28832966666667","-3.8144957","2026-05-18"
"C G H Electrical Services","N/A","N/A","N/A","cghelectrical@hotmail.com","07792 925516","https://www.cghelectricalservices.co.uk","51 Honeylees Drive, Tweedbank","Tweedbank","Scotland","United Kingdom","EV chargepoint installation","Commercial and residential installations","N/A","N/A","N/A","N/A","N/A","N/A","N/A","https://www.gov.uk/electric-vehicle-chargepoint-installers","OZEV-authorised; commercial installs","Scotland","Commercial; Residential","OZEV authorised","55.60530925584415","-2.7691865129870123","2026-05-18"
"C J Electrical (Dundee)","N/A","N/A","N/A","N/A","N/A","N/A","Unit 7 alexander Street, Dundee","Dundee","Scotland","United Kingdom","EV chargepoint installation","Commercial and residential installations","N/A","N/A","N/A","N/A","N/A","N/A","N/A","https://www.gov.uk/electric-vehicle-chargepoint-installers","OZEV-authorised; commercial installs","Scotland","Commercial; Residential","OZEV authorised","56.47008647291664","-2.9678128041666674","2026-05-18"
"C M Ward Ltd","N/A","N/A","N/A","callum@cmwardltd.co.uk","01156 976003","https://www.cmwardltd.co.uk","Unit 1 Meadow Court, Nottingham","Nottingham","East Midlands","United Kingdom","EV chargepoint installation","Commercial and residential installations","N/A","N/A","N/A","N/A","N/A","N/A","N/A","https://www.gov.uk/electric-vehicle-chargepoint-installers","OZEV-authorised; commercial installs","East Midlands","Commercial; Residential","OZEV authorised","52.945008255555564","-1.1297990777777778","2026-05-18"
"C&B Electrical Contractors","N/A","N/A","N/A","info@candb-electrical.co.uk","01908 579461","N/A","Unit 311, Hayley Court,, Linford Wood","Linford Wood","South East","United Kingdom","EV chargepoint installation","Commercial and residential installations","N/A","N/A","N/A","N/A","N/A","N/A","N/A","https://www.gov.uk/electric-vehicle-chargepoint-installers","OZEV-authorised; commercial installs","South East","Commercial; Residential","OZEV authorised","52.05963901894737","-0.7632981231578948","2026-05-18"
"C&S Instrument Services Ltd (T/A CSI Technical)","N/A","N/A","N/A","ianm@csitechnical.co.uk","07393 977010","https://www.kentkraftgroup.com","Unit 26 Victory Park, Medway City Estate, Rochester","Rochester","South East","United Kingdom","EV chargepoint installation","Commercial installations only","N/A","N/A","N/A","N/A","N/A","N/A","N/A","https://www.gov.uk/electric-vehicle-chargepoint-installers","OZEV-authorised; commercial installs","South East","Commercial","OZEV authorised","51.39507535142858","0.5147638171428572","2026-05-18"
"C.M. Electrical Services (Hereford) Limited","N/A","N/A","N/A","cmelectrical@outlook.com","01432278252 / 07968024154","https://www.cmelectricalservices.com","10 Dormington Drive, Hereford","Hereford","West Midlands","United Kingdom","EV chargepoint installation","Commercial and residential installations","N/A","N/A","N/A","N/A","N/A","N/A","N/A","https://www.gov.uk/electric-vehicle-chargepoint-installers","OZEV-authorised; commercial installs","West Midlands","Commercial; Residential","OZEV authorised","52.05676355121952","-2.691844853658537","2026-05-18"
"Cablecom Electrical Ltd","N/A","N/A","N/A","mail@cablecom-ltd.com","01316 569151","https://www.cablecom-ltd.com","8 Abbeyhill, Edinburgh","Edinburgh","Scotland","United Kingdom","EV chargepoint installation","Commercial and residential installations","N/A","N/A","N/A","N/A","N/A","N/A","N/A","https://www.gov.uk/electric-vehicle-chargepoint-installers","OZEV-authorised; commercial installs","Scotland","Commercial; Residential","OZEV authorised","55.95582322","-3.16970702","2026-05-18"
"Cablefrog Electrical t/a PV Plus Ltd","N/A","N/A","N/A","N/A","N/A","N/A","Unit 3 Radcliffe Road, Southampton","Southampton","N/A","United Kingdom","EV chargepoint installation","Commercial and residential installations","N/A","N/A","N/A","N/A","N/A","N/A","N/A","https://www.gov.uk/electric-vehicle-chargepoint-installers","OZEV-authorised; commercial installs","N/A","Commercial; Residential","OZEV authorised","50.909874655555555","-1.3911686277777775","2026-05-18"
"Cadi Electrics Ltd","N/A","N/A","N/A","info@cadielectricsltd.com","07598 407477","https://www.cadielectricsltd.com","1st Cash's Buisness Centre, 228 Widdrington Road, Coventry","Coventry","West Midlands","United Kingdom","EV chargepoint installation","Commercial and residential installations","N/A","N/A","N/A","N/A","N/A","N/A","N/A","https://www.gov.uk/electric-vehicle-chargepoint-installers","OZEV-authorised; commercial installs","West Midlands","Commercial; Residential","OZEV authorised","52.42142979999996","-1.5080633000000014","2026-05-18"
"Cameron Blair Electrical","N/A","N/A","N/A","cameronblair@hotmail.co.uk","07703 534082","N/A","16 Climie Place, Kilmarnock","Kilmarnock","Scotland","United Kingdom","EV chargepoint installation","Commercial and residential installations","N/A","N/A","N/A","N/A","N/A","N/A","N/A","https://www.gov.uk/electric-vehicle-chargepoint-installers","OZEV-authorised; commercial installs","Scotland","Commercial; Residential","OZEV authorised","55.608588734782614","-4.48294516521739","2026-05-18"
"Cape Electrical & Mechanical Ltd","N/A","N/A","N/A","ross.foley@cape-em.co.uk","01708733900 / 07702499667","https://www.cape-em.co.uk","89 Albert Road Romford, Essex","Essex","South East","United Kingdom","EV chargepoint installation","Commercial and residential installations","N/A","N/A","N/A","N/A","N/A","N/A","N/A","https://www.gov.uk/electric-vehicle-chargepoint-installers","OZEV-authorised; commercial installs","South East","Commercial; Residential","OZEV authorised","51.573475071428575","0.19070169714285715","2026-05-18"
"Capital City Electrical Ltd","N/A","N/A","N/A","N/A","N/A","N/A","131 Gilmore Place, Edinburgh","Edinburgh","Scotland","United Kingdom","EV chargepoint installation","Commercial and residential installations","N/A","N/A","N/A","N/A","N/A","N/A","N/A","https://www.gov.uk/electric-vehicle-chargepoint-installers","OZEV-authorised; commercial installs","Scotland","Commercial; Residential","OZEV authorised","55.939876384090915","-3.2112471000000014","2026-05-18"
"Cargill Property Maintenance Ltd","N/A","N/A","N/A","N/A","N/A","N/A","81 Main Street, Holytown, Motherwell","Motherwell","Scotland","United Kingdom","EV chargepoint installation","Commercial and residential installations","N/A","N/A","N/A","N/A","N/A","N/A","N/A","https://www.gov.uk/electric-vehicle-chargepoint-installers","OZEV-authorised; commercial installs","Scotland","Commercial; Residential","OZEV authorised","55.82227854626865","-3.9725748865671653","2026-05-18"
"Carson Roberts M&E Ltd","N/A","N/A","N/A","info@carsonroberts.co.uk","03301 005414","https://www.carsonroberts.co.uk","20 Park Avenue,, Chelmsford","Chelmsford","East of England","United Kingdom","EV chargepoint installation","Commercial and residential installations","N/A","N/A","N/A","N/A","N/A","N/A","N/A","https://www.gov.uk/electric-vehicle-chargepoint-installers","OZEV-authorised; commercial installs","East of England","Commercial; Residential","OZEV authorised","51.740890150000006","0.4565732291666667","2026-05-18"
"Carter Electrical Contracting","N/A","N/A","N/A","carterelec@outlook.com","07843 672120","https://www.carterelectricalcontracting.co.uk","16 Sibell Street, Chester","Chester","North West","United Kingdom","EV chargepoint installation","Commercial and residential installations","N/A","N/A","N/A","N/A","N/A","N/A","N/A","https://www.gov.uk/electric-vehicle-chargepoint-installers","OZEV-authorised; commercial installs","North West","Commercial; Residential","OZEV authorised","53.1964257057143","-2.8831652857142855","2026-05-18"
"Carter Electrical Installation Ltd","N/A","N/A","N/A","admin@carter-electrical.co.uk","01189 677033","https://www.carter-electrical.co.uk","36A Howard Street, Reading","Reading","South East","United Kingdom","EV chargepoint installation","Commercial and residential installations","N/A","N/A","N/A","N/A","N/A","N/A","N/A","https://www.gov.uk/electric-vehicle-chargepoint-installers","OZEV-authorised; commercial installs","South East","Commercial; Residential","OZEV authorised","51.45398605000001","-0.9792341595238095","2026-05-18"
"Carter Sustainable Construction Ltd","N/A","N/A","N/A","anthonym@cartersc.co.uk","07557 769405","N/A","29 Crosby Yard, Bridgend","Bridgend","Wales","United Kingdom","EV chargepoint installation","Commercial and residential installations","N/A","N/A","N/A","N/A","N/A","N/A","N/A","https://www.gov.uk/electric-vehicle-chargepoint-installers","OZEV-authorised; commercial installs","Wales","Commercial; Residential","OZEV authorised","51.51457314102564","-3.580799430769231","2026-05-18"
"Cathedral Elecrical Contractors Ltd","N/A","N/A","N/A","N/A","N/A","N/A","86 Heaton Road, Canterbury","Canterbury","South East","United Kingdom","EV chargepoint installation","Commercial and residential installations","N/A","N/A","N/A","N/A","N/A","N/A","N/A","https://www.gov.uk/electric-vehicle-chargepoint-installers","OZEV-authorised; commercial installs","South East","Commercial; Residential","OZEV authorised","51.26983046363637","1.075305759090909","2026-05-18"
"Caversham Electrical","N/A","N/A","N/A","info@cavershamelectrical.co.uk","07432 273805","N/A","9 Valley Close, Caversham","Caversham","South East","United Kingdom","EV chargepoint installation","Commercial and residential installations","N/A","N/A","N/A","N/A","N/A","N/A","N/A","https://www.gov.uk/electric-vehicle-chargepoint-installers","OZEV-authorised; commercial installs","South East","Commercial; Residential","OZEV authorised","51.477576309999996","-0.97829259","2026-05-18"
"CB1 Electrical Limited","N/A","N/A","N/A","info@cb1group.co.uk","01223 927019","https://www.cb1group.co.uk","121 Hemingford Road, Cambridge","Cambridge","East of England","United Kingdom","EV chargepoint installation","Commercial and residential installations","N/A","N/A","N/A","N/A","N/A","N/A","N/A","https://www.gov.uk/electric-vehicle-chargepoint-installers","OZEV-authorised; commercial installs","East of England","Commercial; Residential","OZEV authorised","52.19905989846155","0.14911152307692305","2026-05-18"
"CC Cousins Ltd","N/A","N/A","N/A","jacob@cc-cousins.co.uk","07823 526021","https://www.cc-cousins.co.uk","Eagle House, Sir Thomas Longley Road, Rochester","Rochester","South East","United Kingdom","EV chargepoint installation","Commercial and residential installations","N/A","N/A","N/A","N/A","N/A","N/A","N/A","https://www.gov.uk/electric-vehicle-chargepoint-installers","OZEV-authorised; commercial installs","South East","Commercial; Residential","OZEV authorised","51.39107383684211","0.5149929105263159","2026-05-18"
"CD Services Electrical Ltd","N/A","N/A","N/A","N/A","N/A","N/A","Eagle Iron Works, Bromley Street, Hull","Hull","Yorkshire & Humber","United Kingdom","EV chargepoint installation","Commercial and residential installations","N/A","N/A","N/A","N/A","N/A","N/A","N/A","https://www.gov.uk/electric-vehicle-chargepoint-installers","OZEV-authorised; commercial installs","Yorkshire & Humber","Commercial; Residential","OZEV authorised","53.75336517999999","-0.33328862666666664","2026-05-18"
"Celtic Process Control Ltd","N/A","N/A","N/A","ross.davies@celticprocesscontrol.co.uk","01633 280482","https://www.celticprocesscontrol.co.uk","Langland Way, Reevesland Industrial Estate, Newport","Newport","Wales","United Kingdom","EV chargepoint installation","Commercial installations only","N/A","N/A","N/A","N/A","N/A","N/A","N/A","https://www.gov.uk/electric-vehicle-chargepoint-installers","OZEV-authorised; commercial installs","Wales","Commercial","OZEV authorised","51.57258333999998","-2.9640420485714287","2026-05-18"
"Centre Great Ltd","N/A","N/A","N/A","info@centregreat.net","01656 650481","https://www.centregreat.co.uk","11 12 Wyndham Close, Brackla Industrial Estate, Brackla, Bridgend","Bridgend","Wales","United Kingdom","EV chargepoint installation","Commercial and residential installations","N/A","N/A","N/A","N/A","N/A","N/A","N/A","https://www.gov.uk/electric-vehicle-chargepoint-installers","OZEV-authorised; commercial installs","Wales","Commercial; Residential","OZEV authorised","51.51828846666666","-3.5576103999999997","2026-05-18"
"Certified Electricians London Ltd","N/A","N/A","N/A","info@certifiedelectricians.london","02036677195 / 07951966439","https://www.certifiedelectricians.london","FLat 5, 72 Ferry Street, London","London","London","United Kingdom","EV chargepoint installation","Commercial and residential installations","N/A","N/A","N/A","N/A","N/A","N/A","N/A","https://www.gov.uk/electric-vehicle-chargepoint-installers","OZEV-authorised; commercial installs","London","Commercial; Residential","OZEV authorised","51.487378068181826","-0.010380472727272728","2026-05-18"
"Chalfont Electrical Services Ltd","N/A","N/A","N/A","sales@chal-lec.co.uk","02088 961174","https://www.chal-lec.co.uk","7 Bentinck Street, London","London","London","United Kingdom","EV chargepoint installation","Commercial and residential installations","N/A","N/A","N/A","N/A","N/A","N/A","N/A","https://www.gov.uk/electric-vehicle-chargepoint-installers","OZEV-authorised; commercial installs","London","Commercial; Residential","OZEV authorised","51.517252200000016","-0.15016929999999998","2026-05-18"
"Chancery Contracts Ltd","N/A","N/A","N/A","N/A","N/A","N/A","21 Merridale Lane, Claverley, Wolverhampton","Wolverhampton","West Midlands","United Kingdom","EV chargepoint installation","Commercial and residential installations","N/A","N/A","N/A","N/A","N/A","N/A","N/A","https://www.gov.uk/electric-vehicle-chargepoint-installers","OZEV-authorised; commercial installs","West Midlands","Commercial; Residential","OZEV authorised","52.58484115903612","-2.148010036144579","2026-05-18"
"Charged Electric Vehicles Limited t/a ChargedEV","N/A","N/A","N/A","homecharge@chargedev.co.uk","03300 431851","https://www.chargedev.co.uk","Northgate Centre, Lingfield Way,, Darlington","Darlington","North East","United Kingdom","EV chargepoint installation","Commercial and residential installations","N/A","N/A","N/A","N/A","N/A","N/A","N/A","https://www.gov.uk/electric-vehicle-chargepoint-installers","OZEV-authorised; commercial installs","North East","Commercial; Residential","OZEV authorised","54.52315067058824","-1.5129231941176469","2026-05-18"
"ChargePoint","N/A","N/A","N/A","N/A","N/A","N/A","First Floor, 100 Victoria Embankment,, London","London","London","United Kingdom","EV chargepoint installation","Commercial and residential installations","N/A","N/A","N/A","N/A","N/A","N/A","N/A","https://www.gov.uk/electric-vehicle-chargepoint-installers","OZEV-authorised; commercial installs","London","Commercial; Residential","OZEV authorised","51.511575","-0.104916","2026-05-18"
"ChargePro Leads Ltd","N/A","N/A","N/A","N/A","N/A","N/A","28 Whetley Lane, Bradford","Bradford","Yorkshire & Humber","United Kingdom","EV chargepoint installation","Commercial and residential installations","N/A","N/A","N/A","N/A","N/A","N/A","N/A","https://www.gov.uk/electric-vehicle-chargepoint-installers","OZEV-authorised; commercial installs","Yorkshire & Humber","Commercial; Residential","OZEV authorised","53.799865166666656","-1.784078658333333","2026-05-18"
"Chris Brown Electrical Ltd","N/A","N/A","N/A","N/A","N/A","N/A","Bahama, Parkwood Road, Nutfield, Surrey","Surrey","South East","United Kingdom","EV chargepoint installation","Commercial and residential installations","N/A","N/A","N/A","N/A","N/A","N/A","N/A","https://www.gov.uk/electric-vehicle-chargepoint-installers","OZEV-authorised; commercial installs","South East","Commercial; Residential","OZEV authorised","51.23909126363637","-0.13400445454545454","2026-05-18"
"Chris Larkham","N/A","N/A","N/A","chris300zxlarkham@hotmail.com","07976 818756","N/A","Sylvian, Martinstown, Dorchester","Dorchester","West Midlands","United Kingdom","EV chargepoint installation","Commercial and residential installations","N/A","N/A","N/A","N/A","N/A","N/A","N/A","https://www.gov.uk/electric-vehicle-chargepoint-installers","OZEV-authorised; commercial installs","West Midlands","Commercial; Residential","OZEV authorised","53.02082088888889","-2.149155622222222","2026-05-18"
"Christchurch Power and Lighting Ltd","N/A","N/A","N/A","info@christchurchpl.co.uk","07725 914815","https://www.christchurchpl.co.uk","25 Gainsborough Road, Ipswich","Ipswich","East of England","United Kingdom","EV chargepoint installation","Commercial and residential installations","N/A","N/A","N/A","N/A","N/A","N/A","N/A","https://www.gov.uk/electric-vehicle-chargepoint-installers","OZEV-authorised; commercial installs","East of England","Commercial; Residential","OZEV authorised","52.06564856818181","1.1627322727272726","2026-05-18"
"Circlefire Ltd","N/A","N/A","N/A","N/A","01733 459169","https://www.circlefire.co.uk","Unit 1, Treelyn Park, Welbeck Way, Peterborough","Peterborough","East of England","United Kingdom","EV chargepoint installation","Commercial installations only","N/A","N/A","N/A","N/A","N/A","N/A","N/A","https://www.gov.uk/electric-vehicle-chargepoint-installers","OZEV-authorised; commercial installs","East of England","Commercial","OZEV authorised","52.55898826","-0.26290176","2026-05-18"
"Circuit Link Electrical","N/A","N/A","N/A","Contact@circuitlinkelectrical.co.uk","07931 539812","https://www.circuitlinkelectrical.co.uk","32 Harefield Road, Luton","Luton","South East","United Kingdom","EV chargepoint installation","Commercial and residential installations","N/A","N/A","N/A","N/A","N/A","N/A","N/A","https://www.gov.uk/electric-vehicle-chargepoint-installers","OZEV-authorised; commercial installs","South East","Commercial; Residential","OZEV authorised","51.88273163541667","-0.44752165833333324","2026-05-18"
"City & County of Swansea","N/A","N/A","N/A","N/A","N/A","https://www.swansea.gov.uk","Heol Y Gors, Cwmbwrla, Swansea","Swansea","Wales","United Kingdom","EV chargepoint installation","Commercial and residential installations","N/A","N/A","N/A","N/A","N/A","N/A","N/A","https://www.gov.uk/electric-vehicle-chargepoint-installers","OZEV-authorised; commercial installs","Wales","Commercial; Residential","OZEV authorised","51.63437869565218","-3.959230447826087","2026-05-18"
"City Energy Network LTD","N/A","N/A","N/A","N/A","N/A","N/A","4-5 Coptic house, Mount Stuart Square, Cardiff","Cardiff","Wales","United Kingdom","EV chargepoint installation","Commercial and residential installations","N/A","N/A","N/A","N/A","N/A","N/A","N/A","https://www.gov.uk/electric-vehicle-chargepoint-installers","OZEV-authorised; commercial installs","Wales","Commercial; Residential","OZEV authorised","51.46507114925376","-3.1675809641791046","2026-05-18"
"CityEV Ltd","N/A","N/A","N/A","sales@cityev.net","02393 190339","https://www.cityev.net","CityEV Ltd., Technopole, Kingston Crescent, Portsmouth","Portsmouth","South East","United Kingdom","EV chargepoint installation","Commercial and residential installations","N/A","N/A","N/A","N/A","N/A","N/A","N/A","https://www.gov.uk/electric-vehicle-chargepoint-installers","OZEV-authorised; commercial installs","South East","Commercial; Residential","OZEV authorised","50.81257457380957","-1.0846163297619027","2026-05-18"
"Citygate Construction (Scotland) Ltd","N/A","N/A","N/A","N/A","N/A","N/A","24 MacDowall St, Paisley","Paisley","Scotland","United Kingdom","EV chargepoint installation","Commercial and residential installations","N/A","N/A","N/A","N/A","N/A","N/A","N/A","https://www.gov.uk/electric-vehicle-chargepoint-installers","OZEV-authorised; commercial installs","Scotland","Commercial; Residential","OZEV authorised","55.85045741666669","-4.433536130555554","2026-05-18"
"CJ Electrical","N/A","N/A","N/A","info@cjelectrical.energy","07733 028298","N/A","Tilly Whim, Winchester Road, Portsmouth","Portsmouth","South East","United Kingdom","EV chargepoint installation","Commercial and residential installations","N/A","N/A","N/A","N/A","N/A","N/A","N/A","https://www.gov.uk/electric-vehicle-chargepoint-installers","OZEV-authorised; commercial installs","South East","Commercial; Residential","OZEV authorised","50.81077092033898","-1.0752276033898305","2026-05-18"
"CJM Construction Services","N/A","N/A","N/A","cjmyorkshire@gmail.com","07398 030099","N/A","66 Highfield Avenue, Inverness","Inverness","Scotland","United Kingdom","EV chargepoint installation","Commercial and residential installations","N/A","N/A","N/A","N/A","N/A","N/A","N/A","https://www.gov.uk/electric-vehicle-chargepoint-installers","OZEV-authorised; commercial installs","Scotland","Commercial; Residential","OZEV authorised","57.47759326712332","-4.261594286301368","2026-05-18"
"CJM ECS Limited","N/A","N/A","N/A","craig@cjmecs.co.uk","07990 683724","https://www.cjmecs.com","23 Bradnor View Close, Kington","Kington","West Midlands","United Kingdom","EV chargepoint installation","Commercial and residential installations","N/A","N/A","N/A","N/A","N/A","N/A","N/A","https://www.gov.uk/electric-vehicle-chargepoint-installers","OZEV-authorised; commercial installs","West Midlands","Commercial; Residential","OZEV authorised","52.205500633333315","-3.0345634066666674","2026-05-18"
"Clark Electrical & General t/a Clark and Sons Electrical Services","N/A","N/A","N/A","enquiries@clarkeg.com","01908 565044","https://www.clarkeg.com","41 Blundells Rd, Bradville, Milton Keynes","Milton Keynes","South East","United Kingdom","EV chargepoint installation","Commercial and residential installations","N/A","N/A","N/A","N/A","N/A","N/A","N/A","https://www.gov.uk/electric-vehicle-chargepoint-installers","OZEV-authorised; commercial installs","South East","Commercial; Residential","OZEV authorised","52.05881589411764","-0.774749911764706","2026-05-18"
"CLC Contractors Ltd","N/A","N/A","N/A","warrington@clcgroup.com","01925 417200","https://www.clcgroup.com","212-214 Manchester Road, Warrinton","Warrinton","North West","United Kingdom","EV chargepoint installation","Commercial and residential installations","N/A","N/A","N/A","N/A","N/A","N/A","N/A","https://www.gov.uk/electric-vehicle-chargepoint-installers","OZEV-authorised; commercial installs","North West","Commercial; Residential","OZEV authorised","53.39626736315789","-2.5745577947368417","2026-05-18"
"Clear Property Management (SE) Limited","N/A","N/A","N/A","jim.dowling@cpm-ltd.co.uk","07852 560254","https://www.cpm-ltd.co.uk/","Unit 7 Bybow Farm, Orchard Way, Dartford, Kent","Kent","South East","United Kingdom","EV chargepoint installation","Commercial and residential installations","N/A","N/A","N/A","N/A","N/A","N/A","N/A","https://www.gov.uk/electric-vehicle-chargepoint-installers","OZEV-authorised; commercial installs","South East","Commercial; Residential","OZEV authorised","51.4252433547619","0.20888033571428566","2026-05-18"
"Clement Walker Electrical and Mechanical Solutions","N/A","N/A","N/A","N/A","N/A","N/A","Office D4, Venture Wales, Merthyr Tydfil","Merthyr Tydfil","Wales","United Kingdom","EV chargepoint installation","Commercial and residential installations","N/A","N/A","N/A","N/A","N/A","N/A","N/A","https://www.gov.uk/electric-vehicle-chargepoint-installers","OZEV-authorised; commercial installs","Wales","Commercial; Residential","OZEV authorised","51.72011305333332","-3.3556039033333334","2026-05-18"
"Clique Energy Ltd t/a Clique Energy","N/A","N/A","N/A","tommy@cliqueenergy.com","07990 002488","https://www.cliqueenergy.com","36 Bridge Street, Bolton","Bolton","North West","United Kingdom","EV chargepoint installation","Commercial and residential installations","N/A","N/A","N/A","N/A","N/A","N/A","N/A","https://www.gov.uk/electric-vehicle-chargepoint-installers","OZEV-authorised; commercial installs","North West","Commercial; Residential","OZEV authorised","53.58079402222222","-2.428317955555555","2026-05-18"
"CLK Engineering Ltd","N/A","N/A","N/A","N/A","N/A","N/A","10 Jesus Lane, Cambridge","Cambridge","East of England","United Kingdom","EV chargepoint installation","Commercial and residential installations","N/A","N/A","N/A","N/A","N/A","N/A","N/A","https://www.gov.uk/electric-vehicle-chargepoint-installers","OZEV-authorised; commercial installs","East of England","Commercial; Residential","OZEV authorised","52.20817442916666","0.11978430416666669","2026-05-18"
"CMB Electrical Services Dorset Limited","N/A","N/A","N/A","cmbelectricalservicesdorset@hotmail.com","07718 492553","https://www.cmbelectricalservices.co.uk","41 Ackerman Road, Dorchester","Dorchester","South West","United Kingdom","EV chargepoint installation","Commercial and residential installations","N/A","N/A","N/A","N/A","N/A","N/A","N/A","https://www.gov.uk/electric-vehicle-chargepoint-installers","OZEV-authorised; commercial installs","South West","Commercial; Residential","OZEV authorised","50.71072237878788","-2.424654554545454","2026-05-18"
"CMM Electrical Services Ltd","N/A","N/A","N/A","info@cmmelectrical.co.uk","07936 007741","https://www.cmmelectricalservices.co.uk","243 Laburnum Grove,North End, Portsmouth","Portsmouth","South East","United Kingdom","EV chargepoint installation","Commercial and residential installations","N/A","N/A","N/A","N/A","N/A","N/A","N/A","https://www.gov.uk/electric-vehicle-chargepoint-installers","OZEV-authorised; commercial installs","South East","Commercial; Residential","OZEV authorised","50.81589515094341","-1.0690668849056604","2026-05-18"
"CNF Electrical Limited","N/A","N/A","N/A","electrical.cnf@gmail.com","07498 095155","N/A","2 Dragonfly Close,, Salford","Salford","North West","United Kingdom","EV chargepoint installation","Commercial and residential installations","N/A","N/A","N/A","N/A","N/A","N/A","N/A","https://www.gov.uk/electric-vehicle-chargepoint-installers","OZEV-authorised; commercial installs","North West","Commercial; Residential","OZEV authorised","53.49269605405415","-2.260579324324325","2026-05-18"
"Coastal Property Services","N/A","N/A","N/A","ev@coastaleps.co.uk","07720 629601","N/A","Wight Innovation Centre, St Cross Business Park, Newport, Isle of Wight","Isle of Wight","South East","United Kingdom","EV chargepoint installation","Commercial and residential installations","N/A","N/A","N/A","N/A","N/A","N/A","N/A","https://www.gov.uk/electric-vehicle-chargepoint-installers","OZEV-authorised; commercial installs","South East","Commercial; Residential","OZEV authorised","50.71279903333335","-1.2957532087719297","2026-05-18"
"Cogent Energy Ltd","N/A","N/A","N/A","info@cogent.energy","01612 416930","https://www.cogent.energy","Boulton House, 17-21 Chorlton Street, Manchester","Manchester","North West","United Kingdom","EV chargepoint installation","Commercial and residential installations","N/A","N/A","N/A","N/A","N/A","N/A","N/A","https://www.gov.uk/electric-vehicle-chargepoint-installers","OZEV-authorised; commercial installs","North West","Commercial; Residential","OZEV authorised","53.4781868840909","-2.236735427272728","2026-05-18"
"Colby Electrical Ltd","N/A","N/A","N/A","colbyelec@aol.com","07793 546140","N/A","37 Coupar Angus Road, Dundee","Dundee","Scotland","United Kingdom","EV chargepoint installation","Commercial and residential installations","N/A","N/A","N/A","N/A","N/A","N/A","N/A","https://www.gov.uk/electric-vehicle-chargepoint-installers","OZEV-authorised; commercial installs","Scotland","Commercial; Residential","OZEV authorised","56.47640933333333","-3.0160248000000003","2026-05-18"
"Cold Tech Services","N/A","N/A","N/A","N/A","N/A","N/A","Unit 17, Kingsland Trading Estate, St Phillips, Bristol","Bristol","South West","United Kingdom","EV chargepoint installation","Commercial and residential installations","N/A","N/A","N/A","N/A","N/A","N/A","N/A","https://www.gov.uk/electric-vehicle-chargepoint-installers","OZEV-authorised; commercial installs","South West","Commercial; Residential","OZEV authorised","51.455600028571425","-2.5755813714285716","2026-05-18"
"Colin Fielon Electrical Contractor Ltd T/A CFEC Ltd","N/A","N/A","N/A","cfecltd@gmail.com","07515 512925","https://www.cfecltd.co.uk/","21 City Way, Rochester","Rochester","South East","United Kingdom","EV chargepoint installation","Commercial and residential installations","N/A","N/A","N/A","N/A","N/A","N/A","N/A","https://www.gov.uk/electric-vehicle-chargepoint-installers","OZEV-authorised; commercial installs","South East","Commercial; Residential","OZEV authorised","51.37376845714285","0.5110380885714286","2026-05-18"
"Colin Johnstone Electrical Contractor","N/A","N/A","N/A","info@colinjohnstone.co.uk","07720 463120","https://www.colinjohnstone.co.uk","Lisburn Norfolk Avenue, Glencaple","Glencaple","Scotland","United Kingdom","EV chargepoint installation","Commercial installations only","N/A","N/A","N/A","N/A","N/A","N/A","N/A","https://www.gov.uk/electric-vehicle-chargepoint-installers","OZEV-authorised; commercial installs","Scotland","Commercial","OZEV authorised","55.00149882000001","-3.570737846666666","2026-05-18"
"Combat Fix Ltd T/A Redring T/A Redring Property Services","N/A","N/A","N/A","redring@email.com","02077 333533","https://www.redingwebsite.com","2 Flaxman Road, London","London","London","United Kingdom","EV chargepoint installation","Commercial and residential installations","N/A","N/A","N/A","N/A","N/A","N/A","N/A","https://www.gov.uk/electric-vehicle-chargepoint-installers","OZEV-authorised; commercial installs","London","Commercial; Residential","OZEV authorised","51.46708607818182","-0.10173598363636359","2026-05-18"
"Commercial Maintenance Services UK Ltd","N/A","N/A","N/A","info@cmsltd.uk.net","01914 950741","https://www.cms-ev.co.uk","CMS, Tyne House, 3 Temple Street, Gateshide","Gateshide","North East","United Kingdom","EV chargepoint installation","Commercial and residential installations","N/A","N/A","N/A","N/A","N/A","N/A","N/A","https://www.gov.uk/electric-vehicle-chargepoint-installers","OZEV-authorised; commercial installs","North East","Commercial; Residential","OZEV authorised","54.95462865833334","-1.5655069333333331","2026-05-18"
"Commercial Testing Services Ltd","N/A","N/A","N/A","N/A","N/A","N/A","546 Wolverhampton Road East, Wolverhampton","Wolverhampton","West Midlands","United Kingdom","EV chargepoint installation","Commercial and residential installations","N/A","N/A","N/A","N/A","N/A","N/A","N/A","https://www.gov.uk/electric-vehicle-chargepoint-installers","OZEV-authorised; commercial installs","West Midlands","Commercial; Residential","OZEV authorised","52.565679075","-2.1204661375","2026-05-18"
"Compass Cabling Systems Ltd T/A Compass Services Group","N/A","N/A","N/A","N/A","N/A","N/A","Unit 21 Denton Holme Trade Centre, Chapel Place, Carlisle","Carlisle","North West","United Kingdom","EV chargepoint installation","Commercial and residential installations","N/A","N/A","N/A","N/A","N/A","N/A","N/A","https://www.gov.uk/electric-vehicle-chargepoint-installers","OZEV-authorised; commercial installs","North West","Commercial; Residential","OZEV authorised","54.89220019649123","-2.941492528070176","2026-05-18"
"Complete Electrical Solutions (East Anglia) Ltd","N/A","N/A","N/A","N/A","N/A","N/A","1 Sturton Street, Cambridge","Cambridge","East of England","United Kingdom","EV chargepoint installation","Commercial and residential installations","N/A","N/A","N/A","N/A","N/A","N/A","N/A","https://www.gov.uk/electric-vehicle-chargepoint-installers","OZEV-authorised; commercial installs","East of England","Commercial; Residential","OZEV authorised","52.202575970689665","0.14049669482758623","2026-05-18"
"Conaty & Co Electrical Services","N/A","N/A","N/A","adam@conatyandco.com","07703 623316","https://www.conatyandcoelectrical.co.uk","212 Vanilla Factory, 39 Fleet Street, Liverpool","Liverpool","North West","United Kingdom","EV chargepoint installation","Commercial and residential installations","N/A","N/A","N/A","N/A","N/A","N/A","N/A","https://www.gov.uk/electric-vehicle-chargepoint-installers","OZEV-authorised; commercial installs","North West","Commercial; Residential","OZEV authorised","53.402935521126665","-2.9796862295774638","2026-05-18"
"Concept Electrical Contractors (IW) Ltd","N/A","N/A","N/A","info@conceptelectrical.co.uk","07983 298811","https://www.concept­iw.co.uk","Unit 8 Manners View, Dodnor Industrial Estate, Newport, Isle of Wight","Isle of Wight","South East","United Kingdom","EV chargepoint installation","Commercial and residential installations","N/A","N/A","N/A","N/A","N/A","N/A","N/A","https://www.gov.uk/electric-vehicle-chargepoint-installers","OZEV-authorised; commercial installs","South East","Commercial; Residential","OZEV authorised","50.7089779","-1.2947472303030303","2026-05-18"
"Conna Connect","N/A","N/A","N/A","info@connaconnect.com","01245 442879","https://www.connaconnect.com","Swift House, 18 Hoffmans Way, Chelmsford","Chelmsford","East of England","United Kingdom","EV chargepoint installation","Commercial and residential installations","N/A","N/A","N/A","N/A","N/A","N/A","N/A","https://www.gov.uk/electric-vehicle-chargepoint-installers","OZEV-authorised; commercial installs","East of England","Commercial; Residential","OZEV authorised","51.74053827241378","0.47863167241379306","2026-05-18"
"Connect Electrical & Energy Services Ltd","N/A","N/A","N/A","info@connectelectricaluk.com","07734 011206","https://www.connectelectricaluk.com/","Unit 6 Harlan Business Park, Goatmil Road, Merthyr Tydfil","Merthyr Tydfil","Wales","United Kingdom","EV chargepoint installation","Commercial and residential installations","N/A","N/A","N/A","N/A","N/A","N/A","N/A","https://www.gov.uk/electric-vehicle-chargepoint-installers","OZEV-authorised; commercial installs","Wales","Commercial; Residential","OZEV authorised","51.75691829375","-3.3601265812500003","2026-05-18"
"Connect Electrical (Staffs) Ltd","N/A","N/A","N/A","enquiries@connectelectrical-staffs.co.uk","01782 212175","https://www.connectelectrical-staffs.co.uk/","6 Turner Street, Birches Head,, Stoke on Trent","Stoke on Trent","West Midlands","United Kingdom","EV chargepoint installation","Commercial and residential installations","N/A","N/A","N/A","N/A","N/A","N/A","N/A","https://www.gov.uk/electric-vehicle-chargepoint-installers","OZEV-authorised; commercial installs","West Midlands","Commercial; Residential","OZEV authorised","53.03174013636363","-2.1665118363636364","2026-05-18"
"Connected Kerb","N/A","N/A","N/A","andreea.clinci@connectedkerb.com","N/A","https://www.connectedkerb.com","51-52 Firth Street, London","London","London","United Kingdom","EV chargepoint installation","Commercial and residential installations","N/A","N/A","N/A","N/A","N/A","N/A","N/A","https://www.gov.uk/electric-vehicle-chargepoint-installers","OZEV-authorised; commercial installs","London","Commercial; Residential","OZEV authorised","51.5137178","-0.13199369999999996","2026-05-18"
"Cooper Haynes Ltd","N/A","N/A","N/A","james@cooperhaynes.co.uk","07866 610674","N/A","31 Firs Street, Dudley","Dudley","West Midlands","United Kingdom","EV chargepoint installation","Commercial installations only","N/A","N/A","N/A","N/A","N/A","N/A","N/A","https://www.gov.uk/electric-vehicle-chargepoint-installers","OZEV-authorised; commercial installs","West Midlands","Commercial","OZEV authorised","52.509317759999995","-2.0753221839999996","2026-05-18"
"COOPS RENEWABLES LIMITED","N/A","N/A","N/A","enquiries@coops-renewables.com","01143 212515","https://www.coops-renewables.com","Unit 12 President Buildings, Savile Street East, Sheffield","Sheffield","Yorkshire & Humber","United Kingdom","EV chargepoint installation","Commercial and residential installations","N/A","N/A","N/A","N/A","N/A","N/A","N/A","https://www.gov.uk/electric-vehicle-chargepoint-installers","OZEV-authorised; commercial installs","Yorkshire & Humber","Commercial; Residential","OZEV authorised","53.39410154470591","-1.4466015364705878","2026-05-18"
"Cord Power Technologies Ltd","N/A","N/A","N/A","hello@cord-ev.com","03301 025656","https://www.cord­ev.com","International House, 126 Colmore Row,, Birmingham","Birmingham","West Midlands","United Kingdom","EV chargepoint installation","Commercial and residential installations","N/A","N/A","N/A","N/A","N/A","N/A","N/A","https://www.gov.uk/electric-vehicle-chargepoint-installers","OZEV-authorised; commercial installs","West Midlands","Commercial; Residential","OZEV authorised","52.48016381","-1.9018560900000003","2026-05-18"
"Core Power Electrical","N/A","N/A","N/A","info@corepowerelectrical.co.uk","07817 627812","N/A","21 Woodah Road, Exeter, Devon","Devon","South West","United Kingdom","EV chargepoint installation","Commercial installations only","N/A","N/A","N/A","N/A","N/A","N/A","N/A","https://www.gov.uk/electric-vehicle-chargepoint-installers","OZEV-authorised; commercial installs","South West","Commercial","OZEV authorised","50.719864746875004","-3.54850105","2026-05-18"
"Cosmic (EVC) Ltd T/A Cosmic Charging","N/A","N/A","N/A","james.stevens@cosmic-charging.com","07435 967859","https://www.cosmic-charging.com","Castleton Mill, Castleton Close, Leeds","Leeds","Yorkshire & Humber","United Kingdom","EV chargepoint installation","Commercial and residential installations","N/A","N/A","N/A","N/A","N/A","N/A","N/A","https://www.gov.uk/electric-vehicle-chargepoint-installers","OZEV-authorised; commercial installs","Yorkshire & Humber","Commercial; Residential","OZEV authorised","53.796222810909114","-1.566763127272728","2026-05-18"
"Cotswold EV Charging Ltd","N/A","N/A","N/A","oli@cotswold-ev.co.uk","07557 362696","https://www.cotswold-ev.co.uk","17 The Hazels, Abbeymead, Gloucester","Gloucester","South West","United Kingdom","EV chargepoint installation","Commercial and residential installations","N/A","N/A","N/A","N/A","N/A","N/A","N/A","https://www.gov.uk/electric-vehicle-chargepoint-installers","OZEV-authorised; commercial installs","South West","Commercial; Residential","OZEV authorised","51.851877227777784","-2.201326916666667","2026-05-18"
"Countrywide Electrical Testing Ltd","N/A","N/A","N/A","admin@cwet.co.uk","01752 936166","https://www.countrywideelectricaltesting.co.uk","Unit 7 City Business Park, Plymouth","Plymouth","South West","United Kingdom","EV chargepoint installation","Commercial and residential installations","N/A","N/A","N/A","N/A","N/A","N/A","N/A","https://www.gov.uk/electric-vehicle-chargepoint-installers","OZEV-authorised; commercial installs","South West","Commercial; Residential","OZEV authorised","50.38208243888888","-4.160928389999993","2026-05-18"
"County Electrical Solutions","N/A","N/A","N/A","info@countyelectricalsolutions.co.uk","08081292942 / 07723055377","https://www.countyelectricalsolutions.co.uk","15 Priests Avenue, Rise park, Romford","Romford","South East","United Kingdom","EV chargepoint installation","Commercial and residential installations","N/A","N/A","N/A","N/A","N/A","N/A","N/A","https://www.gov.uk/electric-vehicle-chargepoint-installers","OZEV-authorised; commercial installs","South East","Commercial; Residential","OZEV authorised","51.5909130153846","0.17463728076923082","2026-05-18"
"Coventry Electrical Solutions Ltd","N/A","N/A","N/A","neilally70@gmail.com","07821 897567","N/A","42 Park Road,, Coventry","Coventry","West Midlands","United Kingdom","EV chargepoint installation","Commercial and residential installations","N/A","N/A","N/A","N/A","N/A","N/A","N/A","https://www.gov.uk/electric-vehicle-chargepoint-installers","OZEV-authorised; commercial installs","West Midlands","Commercial; Residential","OZEV authorised","52.40242671395351","-1.5092728325581393","2026-05-18"
"CPCElectricalsNW Ltd t/a Car-tricity","N/A","N/A","N/A","brad.cummings@car-tricity.co.uk","01513 942828","https://www.car-tricity.co.uk","Suite 4102, Charlotte House, Liverpool","Liverpool","North West","United Kingdom","EV chargepoint installation","Commercial and residential installations","N/A","N/A","N/A","N/A","N/A","N/A","N/A","https://www.gov.uk/electric-vehicle-chargepoint-installers","OZEV-authorised; commercial installs","North West","Commercial; Residential","OZEV authorised","53.39534306896555","-2.982986160919541","2026-05-18"
"CRH Electrical Ltd","N/A","N/A","N/A","admin@crhelectricalltd.co.uk","07812 537137","N/A","The Coach House, Headgate,, Colchester","Colchester","East of England","United Kingdom","EV chargepoint installation","Commercial and residential installations","N/A","N/A","N/A","N/A","N/A","N/A","N/A","https://www.gov.uk/electric-vehicle-chargepoint-installers","OZEV-authorised; commercial installs","East of England","Commercial; Residential","OZEV authorised","51.887145610294176","0.8957761676470583","2026-05-18"
"Critten Electrical","N/A","N/A","N/A","N/A","N/A","N/A","18 Dixon Fold, Old Catton, Norwich","Norwich","East of England","United Kingdom","EV chargepoint installation","Commercial and residential installations","N/A","N/A","N/A","N/A","N/A","N/A","N/A","https://www.gov.uk/electric-vehicle-chargepoint-installers","OZEV-authorised; commercial installs","East of England","Commercial; Residential","OZEV authorised","52.65780781923077","1.3062516923076923","2026-05-18"
"CRM Electrical (Scotland) Ltd","N/A","N/A","N/A","Info@crmelectricalservices.scot","07977 710952","https://www.crmelectricalservices.scot","11 Alnwick Drive, Cumbernauld, Glasgow","Glasgow","Scotland","United Kingdom","EV chargepoint installation","Commercial and residential installations","N/A","N/A","N/A","N/A","N/A","N/A","N/A","https://www.gov.uk/electric-vehicle-chargepoint-installers","OZEV-authorised; commercial installs","Scotland","Commercial; Residential","OZEV authorised","55.96435879666667","-3.9985457633333334","2026-05-18"
"CrocElectrical Ltd","N/A","N/A","N/A","info@crocelectrical.com","07356 214485","https://www.crocelectrical.com","Unit 7 Caxton Business Centre, Caxton Way, Stevenage","Stevenage","South East","United Kingdom","EV chargepoint installation","Commercial and residential installations","N/A","N/A","N/A","N/A","N/A","N/A","N/A","https://www.gov.uk/electric-vehicle-chargepoint-installers","OZEV-authorised; commercial installs","South East","Commercial; Residential","OZEV authorised","51.89982698205132","-0.21752554487179468","2026-05-18"
"Croft Electrical Ltd","N/A","N/A","N/A","N/A","N/A","N/A","4 Manor Farm Rise, Oldham","Oldham","North West","United Kingdom","EV chargepoint installation","Commercial and residential installations","N/A","N/A","N/A","N/A","N/A","N/A","N/A","https://www.gov.uk/electric-vehicle-chargepoint-installers","OZEV-authorised; commercial installs","North West","Commercial; Residential","OZEV authorised","53.54512605789473","-2.07785215263158","2026-05-18"
"CrowdHouse Energy Limited","N/A","N/A","N/A","info@che-uk.com","N/A","https://www.che-uk.com","Fifth Floor­Suite 23, 63-­66 Hatton Gardens, London","London","London","United Kingdom","EV chargepoint installation","Commercial installations only","N/A","N/A","N/A","N/A","N/A","N/A","N/A","https://www.gov.uk/electric-vehicle-chargepoint-installers","OZEV-authorised; commercial installs","London","Commercial","OZEV authorised","51.52108647199996","-0.10896835466666666","2026-05-18"
"Crownfield Electrical Services LTD","N/A","N/A","N/A","info@ces-fwt.co.uk","07540 146649","https://www.crownfieldelectricalservices.co.uk","29 Farnan Avenue, Walthamstow, London","London","London","United Kingdom","EV chargepoint installation","Commercial and residential installations","N/A","N/A","N/A","N/A","N/A","N/A","N/A","https://www.gov.uk/electric-vehicle-chargepoint-installers","OZEV-authorised; commercial installs","London","Commercial; Residential","OZEV authorised","51.59183486842105","-0.015723602631578945","2026-05-18"
"CRS Electrical Contractors Ltd","N/A","N/A","N/A","info@crselectrical.uk","01162 625788","https://www.crsgas.co.uk","11A Stanley Road,, Leicester","Leicester","East Midlands","United Kingdom","EV chargepoint installation","Commercial and residential installations","N/A","N/A","N/A","N/A","N/A","N/A","N/A","https://www.gov.uk/electric-vehicle-chargepoint-installers","OZEV-authorised; commercial installs","East Midlands","Commercial; Residential","OZEV authorised","52.623339187499994","-1.1111080625","2026-05-18"
"CRS Gas and Heating Ltd T/A CRS Electrical","N/A","N/A","N/A","steve@crselectrical.uk","07815 428789","N/A","11a Stanley Road, Leicester","Leicester","East Midlands","United Kingdom","EV chargepoint installation","Commercial and residential installations","N/A","N/A","N/A","N/A","N/A","N/A","N/A","https://www.gov.uk/electric-vehicle-chargepoint-installers","OZEV-authorised; commercial installs","East Midlands","Commercial; Residential","OZEV authorised","52.623339187499994","-1.1111080625","2026-05-18"
"CT Sparks Ltd","N/A","N/A","N/A","chris@ct-sparks.co.uk","01908305063 / 07922072802","https://www.ct-sparks.co.uk","65 Caxton Court, Milton Keynes","Milton Keynes","South East","United Kingdom","EV chargepoint installation","Commercial and residential installations","N/A","N/A","N/A","N/A","N/A","N/A","N/A","https://www.gov.uk/electric-vehicle-chargepoint-installers","OZEV-authorised; commercial installs","South East","Commercial; Residential","OZEV authorised","52.04424562439024","-0.8002185243902438","2026-05-18"
"Current Phase Electrical Ltd","N/A","N/A","N/A","hugo@currentphase.co.uk","02082 447108","https://www.currentphase.co.uk","B109 Trident Business Centre, 89 Bickersteth Road, London","London","London","United Kingdom","EV chargepoint installation","Commercial and residential installations","N/A","N/A","N/A","N/A","N/A","N/A","N/A","https://www.gov.uk/electric-vehicle-chargepoint-installers","OZEV-authorised; commercial installs","London","Commercial; Residential","OZEV authorised","51.423516884090915","-0.16373662954545426","2026-05-18"
"Cyrus Cable Ltd","N/A","N/A","N/A","N/A","N/A","N/A","26 Stricklands Lane, Penwortham, Preston","Preston","North West","United Kingdom","EV chargepoint installation","Commercial and residential installations","N/A","N/A","N/A","N/A","N/A","N/A","N/A","https://www.gov.uk/electric-vehicle-chargepoint-installers","OZEV-authorised; commercial installs","North West","Commercial; Residential","OZEV authorised","53.742817441666666","-2.7147823583333337","2026-05-18"
"D F ST. AIMEE LTD","N/A","N/A","N/A","dfstaimeeltd@gmail.com","02075367572 / 07950561051","N/A","Flat 19 Montcalm House, Westferry Road, London","London","London","United Kingdom","EV chargepoint installation","Commercial and residential installations","N/A","N/A","N/A","N/A","N/A","N/A","N/A","https://www.gov.uk/electric-vehicle-chargepoint-installers","OZEV-authorised; commercial installs","London","Commercial; Residential","OZEV authorised","51.49345039999996","-0.026736700000000002","2026-05-18"
"D G Electrics Ltd","N/A","N/A","N/A","N/A","N/A","N/A","15 The Cloisters, Walsall, West Midlands","West Midlands","West Midlands","United Kingdom","EV chargepoint installation","Commercial installations only","N/A","N/A","N/A","N/A","N/A","N/A","N/A","https://www.gov.uk/electric-vehicle-chargepoint-installers","OZEV-authorised; commercial installs","West Midlands","Commercial","OZEV authorised","52.59033626190477","-1.9769329666666668","2026-05-18"
"D H Marine (Shetland) Ltd","N/A","N/A","N/A","N/A","N/A","N/A","Marina Business Park, Lerwick","Lerwick","Scotland","United Kingdom","EV chargepoint installation","Commercial and residential installations","N/A","N/A","N/A","N/A","N/A","N/A","N/A","https://www.gov.uk/electric-vehicle-chargepoint-installers","OZEV-authorised; commercial installs","Scotland","Commercial; Residential","OZEV authorised","60.168613689473695","-1.1655096789473685","2026-05-18"
"D M Jones Electrical Gas and Plumbing Limited","N/A","N/A","N/A","info@dmjoneselectrical.com","01970 617744","https://www.dmjoneselectrical.com","Unit 8B Science Park, Cefn Llan, Aberystwyth","Aberystwyth","West Midlands","United Kingdom","EV chargepoint installation","Commercial and residential installations","N/A","N/A","N/A","N/A","N/A","N/A","N/A","https://www.gov.uk/electric-vehicle-chargepoint-installers","OZEV-authorised; commercial installs","West Midlands","Commercial; Residential","OZEV authorised","52.41212045777781","-4.062275237777779","2026-05-18"
"D W Hargreaves Electrical Contractors Ltd","N/A","N/A","N/A","N/A","N/A","N/A","92-94 Buttermarket Street, Warrington","Warrington","North West","United Kingdom","EV chargepoint installation","Commercial and residential installations","N/A","N/A","N/A","N/A","N/A","N/A","N/A","https://www.gov.uk/electric-vehicle-chargepoint-installers","OZEV-authorised; commercial installs","North West","Commercial; Residential","OZEV authorised","53.389676992","-2.5879362120000002","2026-05-18"
"D. Peebles Electrical Contractors Ltd T/A D Peebles Electrical Contractor","N/A","N/A","N/A","N/A","N/A","N/A","UNIT 8A, 14 Dunkeld Road, Perth","Perth","Scotland","United Kingdom","EV chargepoint installation","Commercial and residential installations","N/A","N/A","N/A","N/A","N/A","N/A","N/A","https://www.gov.uk/electric-vehicle-chargepoint-installers","OZEV-authorised; commercial installs","Scotland","Commercial; Residential","OZEV authorised","56.40256981379311","-3.4418484896551718","2026-05-18"
"DACCS Services Limited","N/A","N/A","N/A","kev@daccsservices.co.uk","07863 338440","https://www.daccsservices.co.uk","73 Church Road,, Salisbury","Salisbury","South West","United Kingdom","EV chargepoint installation","Commercial and residential installations","N/A","N/A","N/A","N/A","N/A","N/A","N/A","https://www.gov.uk/electric-vehicle-chargepoint-installers","OZEV-authorised; commercial installs","South West","Commercial; Residential","OZEV authorised","51.08261842727273","-1.770566731818182","2026-05-18"
"Daker Ltd","N/A","N/A","N/A","N/A","N/A","N/A","3 Jackson Mews, Water Sheddings, Oldham","Oldham","North West","United Kingdom","EV chargepoint installation","Commercial and residential installations","N/A","N/A","N/A","N/A","N/A","N/A","N/A","https://www.gov.uk/electric-vehicle-chargepoint-installers","OZEV-authorised; commercial installs","North West","Commercial; Residential","OZEV authorised","53.551892908695656","-2.0809836695652173","2026-05-18"
"Dance and Dean Building Services Ltd","N/A","N/A","N/A","jamie@danceanddean.co.uk","01473 744801","https://www.danceanddean.co.uk/","89 Dales Road, Ipswich","Ipswich","East of England","United Kingdom","EV chargepoint installation","Commercial and residential installations","N/A","N/A","N/A","N/A","N/A","N/A","N/A","https://www.gov.uk/electric-vehicle-chargepoint-installers","OZEV-authorised; commercial installs","East of England","Commercial; Residential","OZEV authorised","52.073133278021984","1.1413337593406594","2026-05-18"
"Danor Electrical","N/A","N/A","N/A","N/A","N/A","N/A","Snowdon House, Snowdon Road, Unit 2, Middlesbrough","Middlesbrough","North East","United Kingdom","EV chargepoint installation","Commercial and residential installations","N/A","N/A","N/A","N/A","N/A","N/A","N/A","https://www.gov.uk/electric-vehicle-chargepoint-installers","OZEV-authorised; commercial installs","North East","Commercial; Residential","OZEV authorised","54.581464141176475","-1.2399506705882353","2026-05-18"
"Das Efx electrical Installations Ltd","N/A","N/A","N/A","dasefx72@hotmail.com","07941 840296","N/A","54 Bradford St, Walsall","Walsall","West Midlands","United Kingdom","EV chargepoint installation","Commercial and residential installations","N/A","N/A","N/A","N/A","N/A","N/A","N/A","https://www.gov.uk/electric-vehicle-chargepoint-installers","OZEV-authorised; commercial installs","West Midlands","Commercial; Residential","OZEV authorised","52.58132977377052","-1.984939657377049","2026-05-18"
"Dave Watton Electrical Ltd","N/A","N/A","N/A","info@davewattonelectrical.co.uk","01725 557404","https://www.davewattonelectrical.co.uk","15 Joanna Close, Downton, Salisbury","Salisbury","South West","United Kingdom","EV chargepoint installation","Commercial and residential installations","N/A","N/A","N/A","N/A","N/A","N/A","N/A","https://www.gov.uk/electric-vehicle-chargepoint-installers","OZEV-authorised; commercial installs","South West","Commercial; Residential","OZEV authorised","50.991247556249995","-1.7611544624999997","2026-05-18"
"Davey and Gilbert Ltd","N/A","N/A","N/A","sales@daveyandgilbert.co.uk","01736 741168","https://www.daveyandgilbert.co.uk","Unit 1 Pensans, Rospeath Industrial Estate, Crowlas, Penzance","Penzance","South West","United Kingdom","EV chargepoint installation","Commercial and residential installations","N/A","N/A","N/A","N/A","N/A","N/A","N/A","https://www.gov.uk/electric-vehicle-chargepoint-installers","OZEV-authorised; commercial installs","South West","Commercial; Residential","OZEV authorised","50.1453159338235","-5.477873210294118","2026-05-18"
"David Hall Electrical","N/A","N/A","N/A","N/A","N/A","N/A","131 Monmouth Road, Dorchester","Dorchester","South West","United Kingdom","EV chargepoint installation","Commercial and residential installations","N/A","N/A","N/A","N/A","N/A","N/A","N/A","https://www.gov.uk/electric-vehicle-chargepoint-installers","OZEV-authorised; commercial installs","South West","Commercial; Residential","OZEV authorised","50.7085115225","-2.4343127925","2026-05-18"
"David J. Williams Ltd","N/A","N/A","N/A","e-services@davidwilliams.ltd.uk","08000 599599","https://www.davidjwilliams.ltd.uk","Unit 3, Fairground Way, Walsall","Walsall","West Midlands","United Kingdom","EV chargepoint installation","Commercial and residential installations","N/A","N/A","N/A","N/A","N/A","N/A","N/A","https://www.gov.uk/electric-vehicle-chargepoint-installers","OZEV-authorised; commercial installs","West Midlands","Commercial; Residential","OZEV authorised","52.57812432258065","-1.9900079306451612","2026-05-18"
"DB North","N/A","N/A","N/A","davebnorth@ymail.com","07769 901534","N/A","Bryn View, Parklands, Newtown","Newtown","West Midlands","United Kingdom","EV chargepoint installation","Commercial and residential installations","N/A","N/A","N/A","N/A","N/A","N/A","N/A","https://www.gov.uk/electric-vehicle-chargepoint-installers","OZEV-authorised; commercial installs","West Midlands","Commercial; Residential","OZEV authorised","52.511299883333336","-3.3201610500000003","2026-05-18"
"DBS Electrical Limited","N/A","N/A","N/A","N/A","N/A","N/A","Unit 4 Taygate Trading Estate, Dundee","Dundee","Scotland","United Kingdom","EV chargepoint installation","Commercial and residential installations","N/A","N/A","N/A","N/A","N/A","N/A","N/A","https://www.gov.uk/electric-vehicle-chargepoint-installers","OZEV-authorised; commercial installs","Scotland","Commercial; Residential","OZEV authorised","56.47639169473685","-2.9837446473684217","2026-05-18"
"DC & CO Property services Ltd","N/A","N/A","N/A","dc@dacps.com","02084 604208","https://www.dacps.com","Robins Nest, 25b Edward Road, Bromley","Bromley","South East","United Kingdom","EV chargepoint installation","Commercial and residential installations","N/A","N/A","N/A","N/A","N/A","N/A","N/A","https://www.gov.uk/electric-vehicle-chargepoint-installers","OZEV-authorised; commercial installs","South East","Commercial; Residential","OZEV authorised","51.41501509411762","0.02566689215686276","2026-05-18"
"DC Farquharson Electrical Services","N/A","N/A","N/A","craigfarquharson213@hotmail.com","01738634236 / 07818603055","N/A","4 Poplar Crescent, Perth","Perth","Scotland","United Kingdom","EV chargepoint installation","Commercial and residential installations","N/A","N/A","N/A","N/A","N/A","N/A","N/A","https://www.gov.uk/electric-vehicle-chargepoint-installers","OZEV-authorised; commercial installs","Scotland","Commercial; Residential","OZEV authorised","56.39067495000002","-3.4750067749999998","2026-05-18"
"DEIS Services Ltd","N/A","N/A","N/A","admin@deisservices.co.uk","07901 338644","N/A","Unit 9F, Southwick Industrial Estate, Sunderland","Sunderland","North East","United Kingdom","EV chargepoint installation","Commercial installations only","N/A","N/A","N/A","N/A","N/A","N/A","N/A","https://www.gov.uk/electric-vehicle-chargepoint-installers","OZEV-authorised; commercial installs","North East","Commercial","OZEV authorised","54.921782617307684","-1.4139241980769226","2026-05-18"
"Delucas Custom Carpentry T/A Electrical Plus","N/A","N/A","N/A","info@electrical-plus.co.uk","08000 025529","https://www.electrical-plus.co.uk","10 Lythgose Lane, Warrington","Warrington","North West","United Kingdom","EV chargepoint installation","Commercial and residential installations","N/A","N/A","N/A","N/A","N/A","N/A","N/A","https://www.gov.uk/electric-vehicle-chargepoint-installers","OZEV-authorised; commercial installs","North West","Commercial; Residential","OZEV authorised","53.39445293902442","-2.590052965853661","2026-05-18"
"DELVE & NANKERVIS LTD","N/A","N/A","N/A","info@delve-nankervis.co.uk","01736 796804","N/A","Penbeagle Industrial Estate, St Ives, Cornwall","Cornwall","South West","United Kingdom","EV chargepoint installation","Commercial and residential installations","N/A","N/A","N/A","N/A","N/A","N/A","N/A","https://www.gov.uk/electric-vehicle-chargepoint-installers","OZEV-authorised; commercial installs","South West","Commercial; Residential","OZEV authorised","50.20330192413793","-5.4932086086206935","2026-05-18"
"Derby Electricals Ltd","N/A","N/A","N/A","derbyelecltd@gmail.com","07827 493608","N/A","17-19 Morledge, Derby, Derby","Derby","East Midlands","United Kingdom","EV chargepoint installation","Commercial and residential installations","N/A","N/A","N/A","N/A","N/A","N/A","N/A","https://www.gov.uk/electric-vehicle-chargepoint-installers","OZEV-authorised; commercial installs","East Midlands","Commercial; Residential","OZEV authorised","52.922147527941185","-1.4737296352941174","2026-05-18"
"Derek Mitchell Group Ltd","N/A","N/A","N/A","accounts2@dm-group.co.uk","01387 268868","https://www.dm-group.co.uk","Heathhall Industrial Estate, Dumfries","Dumfries","Scotland","United Kingdom","EV chargepoint installation","Commercial and residential installations","N/A","N/A","N/A","N/A","N/A","N/A","N/A","https://www.gov.uk/electric-vehicle-chargepoint-installers","OZEV-authorised; commercial installs","Scotland","Commercial; Residential","OZEV authorised","55.092499","-3.570718390909091","2026-05-18"
"Derryl Little","N/A","N/A","N/A","derryllittle@sky.com","07766 191419","https://www.derryllittle.co.uk","7 Bryce Court, Dumfries","Dumfries","Scotland","United Kingdom","EV chargepoint installation","Commercial and residential installations","N/A","N/A","N/A","N/A","N/A","N/A","N/A","https://www.gov.uk/electric-vehicle-chargepoint-installers","OZEV-authorised; commercial installs","Scotland","Commercial; Residential","OZEV authorised","55.08262711111111","-3.6507740111111113","2026-05-18"
"Design Electrical & Energy Services Limited","N/A","N/A","N/A","niamh@designelectricalni.co.uk","02895 215070","https://www.designelectricalni.co.uk/","28 - 36 Duncrue Crescent , Unit 11, Belfast","Belfast","Northern Ireland","United Kingdom","EV chargepoint installation","Commercial and residential installations","N/A","N/A","N/A","N/A","N/A","N/A","N/A","https://www.gov.uk/electric-vehicle-chargepoint-installers","OZEV-authorised; commercial installs","Northern Ireland","Commercial; Residential","OZEV authorised","54.62757469058824","-5.916808480000001","2026-05-18"
"Development Plus Ltd","N/A","N/A","N/A","N/A","N/A","N/A","Unit 13 Phoenix Business Park, Newport","Newport","Wales","United Kingdom","EV chargepoint installation","Commercial and residential installations","N/A","N/A","N/A","N/A","N/A","N/A","N/A","https://www.gov.uk/electric-vehicle-chargepoint-installers","OZEV-authorised; commercial installs","Wales","Commercial; Residential","OZEV authorised","51.585816106382985","-2.972791308510638","2026-05-18"
"Devitech Ltd","N/A","N/A","N/A","projects@devitech.co.uk","08455 651314","https://www.devitech.co.uk","Leeming Building, Ludgate Hill, Leeds","Leeds","Yorkshire & Humber","United Kingdom","EV chargepoint installation","Commercial and residential installations","N/A","N/A","N/A","N/A","N/A","N/A","N/A","https://www.gov.uk/electric-vehicle-chargepoint-installers","OZEV-authorised; commercial installs","Yorkshire & Humber","Commercial; Residential","OZEV authorised","53.79752726363638","-1.5399961795454542","2026-05-18"
"DFP Services Ltd","N/A","N/A","N/A","N/A","N/A","https://www.dfpservices.co.uk","One West Durham, St Johns Road, Meadowfield Industrial Estate, Durham","Durham","North East","United Kingdom","EV chargepoint installation","Commercial installations only","N/A","N/A","N/A","N/A","N/A","N/A","N/A","https://www.gov.uk/electric-vehicle-chargepoint-installers","OZEV-authorised; commercial installs","North East","Commercial","OZEV authorised","54.75102852857143","-1.611920657142857","2026-05-18"
"DG Project Solutions Ltd","N/A","N/A","N/A","c.mcmillan@dgprojectsolutions.co.uk","01387 203921","https://www.dgprojectsolutions.co.uk","Unit 8F, Catherinefield Ind Est, Dumfries","Dumfries","Scotland","United Kingdom","EV chargepoint installation","Commercial and residential installations","N/A","N/A","N/A","N/A","N/A","N/A","N/A","https://www.gov.uk/electric-vehicle-chargepoint-installers","OZEV-authorised; commercial installs","Scotland","Commercial; Residential","OZEV authorised","55.09806071842105","-3.5682927342105266","2026-05-18"
"Diamond Electrical Solutions Ltd (Brighton)","N/A","N/A","N/A","service@diamondsolutionsgroup.co.uk","01273 917916","https://www.diamondsolutionsgroup.co.uk","5 Bartholomews, Brighton","Brighton","South East","United Kingdom","EV chargepoint installation","Commercial and residential installations","N/A","N/A","N/A","N/A","N/A","N/A","N/A","https://www.gov.uk/electric-vehicle-chargepoint-installers","OZEV-authorised; commercial installs","South East","Commercial; Residential","OZEV authorised","50.82092735211264","-0.13974181690140838","2026-05-18"
"Disc Electrical Ltd","N/A","N/A","N/A","N/A","01270 666633","https://www.discelectrical.co.uk","Unit 10 , Wistaston Road Business Centre, Wistaston Road, Crewe","Crewe","North West","United Kingdom","EV chargepoint installation","Commercial and residential installations","N/A","N/A","N/A","N/A","N/A","N/A","N/A","https://www.gov.uk/electric-vehicle-chargepoint-installers","OZEV-authorised; commercial installs","North West","Commercial; Residential","OZEV authorised","53.096148369444435","-2.4506968944444436","2026-05-18"
"DJH Electrical Ltd","N/A","N/A","N/A","N/A","N/A","N/A","Unit 307 Business First, 25 Goodlass Road, Liverpool","Liverpool","North West","United Kingdom","EV chargepoint installation","Commercial and residential installations","N/A","N/A","N/A","N/A","N/A","N/A","N/A","https://www.gov.uk/electric-vehicle-chargepoint-installers","OZEV-authorised; commercial installs","North West","Commercial; Residential","OZEV authorised","53.35406177804875","-2.8706187451219534","2026-05-18"
"DLA Electrical","N/A","N/A","N/A","dan@dlaelectrical.co.uk","N/A","N/A","Blake House , 66 Bootham, York","York","Yorkshire & Humber","United Kingdom","EV chargepoint installation","Commercial and residential installations","N/A","N/A","N/A","N/A","N/A","N/A","N/A","https://www.gov.uk/electric-vehicle-chargepoint-installers","OZEV-authorised; commercial installs","Yorkshire & Humber","Commercial; Residential","OZEV authorised","53.964101738095245","-1.0881084880952376","2026-05-18"
"DM Electrical (Fife) Ltd","N/A","N/A","N/A","deekmatthews@aol.co.uk","07825 835640","N/A","84 Barry Road, Kirkcaldy","Kirkcaldy","Scotland","United Kingdom","EV chargepoint installation","Commercial and residential installations","N/A","N/A","N/A","N/A","N/A","N/A","N/A","https://www.gov.uk/electric-vehicle-chargepoint-installers","OZEV-authorised; commercial installs","Scotland","Commercial; Residential","OZEV authorised","56.1402881","-3.1740396843749994","2026-05-18"
"DNA Electrical Projects Ltd","N/A","N/A","N/A","info@dnaelectricalprojectsltd.com","07951 713551","https://www.dnaelectricalprojectsltd.com","73 Dunnikier Road, Kirkcaldy","Kirkcaldy","Scotland","United Kingdom","EV chargepoint installation","Commercial and residential installations","N/A","N/A","N/A","N/A","N/A","N/A","N/A","https://www.gov.uk/electric-vehicle-chargepoint-installers","OZEV-authorised; commercial installs","Scotland","Commercial; Residential","OZEV authorised","56.117729184782625","-3.1562694239130438","2026-05-18"
"Docklands Electrical Ltd","N/A","N/A","N/A","shiraz@docklandselectrical.co.uk","02078 632405","https://www.docklandselectrical.co.uk","17 Ensign House, Admirals Way, London","London","London","United Kingdom","EV chargepoint installation","Commercial and residential installations","N/A","N/A","N/A","N/A","N/A","N/A","N/A","https://www.gov.uk/electric-vehicle-chargepoint-installers","OZEV-authorised; commercial installs","London","Commercial; Residential","OZEV authorised","51.501289758928586","-0.021042755357142846","2026-05-18"
"Doctor Sparx","N/A","N/A","N/A","doctorsparx.info@gmail.com","07539 156739","N/A","17 Fordrough Lane, Birmingham","Birmingham","West Midlands","United Kingdom","EV chargepoint installation","Commercial and residential installations","N/A","N/A","N/A","N/A","N/A","N/A","N/A","https://www.gov.uk/electric-vehicle-chargepoint-installers","OZEV-authorised; commercial installs","West Midlands","Commercial; Residential","OZEV authorised","52.48192519464285","-1.8493300999999995","2026-05-18"
"Domestic Electrical Services Ltd T/A DomElec","N/A","N/A","N/A","dp@domelec.co.uk","01244 422101","https://www.domelec.co.uk","Suite 12, Unit 1 Meadows View, Rhosddu Industrial Estate,, Wrexham","Wrexham","Wales","United Kingdom","EV chargepoint installation","Commercial and residential installations","N/A","N/A","N/A","N/A","N/A","N/A","N/A","https://www.gov.uk/electric-vehicle-chargepoint-installers","OZEV-authorised; commercial installs","Wales","Commercial; Residential","OZEV authorised","53.06510066037737","-3.0045805132075465","2026-05-18"
"Doncaster M B C Trading Services","N/A","N/A","N/A","pbm@doncaster.gov.uk","01302 736574","N/A","North Bridge Depot, North Bridge Road, Doncaster","Doncaster","Yorkshire & Humber","United Kingdom","EV chargepoint installation","Commercial and residential installations","N/A","N/A","N/A","N/A","N/A","N/A","N/A","https://www.gov.uk/electric-vehicle-chargepoint-installers","OZEV-authorised; commercial installs","Yorkshire & Humber","Commercial; Residential","OZEV authorised","53.52804711875","-1.1424431625","2026-05-18"
"DPH Management Services Ltd","N/A","N/A","N/A","mandybiss@dphltd.co.uk","02920 309581","https://www.dphmsl.com","17 Wingate Business Exchange, 64-66 Wingate Square, London","London","London","United Kingdom","EV chargepoint installation","Commercial and residential installations","N/A","N/A","N/A","N/A","N/A","N/A","N/A","https://www.gov.uk/electric-vehicle-chargepoint-installers","OZEV-authorised; commercial installs","London","Commercial; Residential","OZEV authorised","51.46299698","-0.14061364","2026-05-18"
"DPL Group Ltd","N/A","N/A","N/A","N/A","N/A","N/A","Unit 4 Greenwich Business Park, Ipswich","Ipswich","East of England","United Kingdom","EV chargepoint installation","Commercial and residential installations","N/A","N/A","N/A","N/A","N/A","N/A","N/A","https://www.gov.uk/electric-vehicle-chargepoint-installers","OZEV-authorised; commercial installs","East of England","Commercial; Residential","OZEV authorised","52.04168184594594","1.1673639027027027","2026-05-18"
"DPS Limited","N/A","N/A","N/A","N/A","N/A","N/A","Unit 8 Sutton Park, Sutton Road,, Southend","Southend","East of England","United Kingdom","EV chargepoint installation","Commercial and residential installations","N/A","N/A","N/A","N/A","N/A","N/A","N/A","https://www.gov.uk/electric-vehicle-chargepoint-installers","OZEV-authorised; commercial installs","East of England","Commercial; Residential","OZEV authorised","51.556886770000006","0.7178493300000001","2026-05-18"
"DPSS Cabling Services Ltd","N/A","N/A","N/A","info@dpsscabling.co.uk","01895 251010","https://www.dpsscabling.co.uk","3rd Floor, 86­90 Paul Street,, London","London","London","United Kingdom","EV chargepoint installation","Commercial installations only","N/A","N/A","N/A","N/A","N/A","N/A","N/A","https://www.gov.uk/electric-vehicle-chargepoint-installers","OZEV-authorised; commercial installs","London","Commercial","OZEV authorised","51.525556482978736","-0.08361228723404251","2026-05-18"
"Dragon Security & Electrical Ltd","N/A","N/A","N/A","info@dragonse.com","01492 330330","https://www.dragonse.com","First Floor, Network House, Mochdre","Mochdre","Wales","United Kingdom","EV chargepoint installation","Commercial and residential installations","N/A","N/A","N/A","N/A","N/A","N/A","N/A","https://www.gov.uk/electric-vehicle-chargepoint-installers","OZEV-authorised; commercial installs","Wales","Commercial; Residential","OZEV authorised","53.28864962173914","-3.7655395086956527","2026-05-18"
"DRS FM Services Ltd","N/A","N/A","N/A","admin@drsfmservices.co.uk","01792 277170","https://www.drsfmservices.co.uk","Phoenix House, Llys Felin Newydd, Enterprise Park, Swansea","Swansea","Wales","United Kingdom","EV chargepoint installation","Commercial and residential installations","N/A","N/A","N/A","N/A","N/A","N/A","N/A","https://www.gov.uk/electric-vehicle-chargepoint-installers","OZEV-authorised; commercial installs","Wales","Commercial; Residential","OZEV authorised","51.65572534107143","-3.9083314624999974","2026-05-18"
"DT Electrical","N/A","N/A","N/A","DTELECTRICAL@OUTLOOK.COM","01736 697324","https://www.DTELECTRICALCONTRACTORS.CO.UK","Unit 5a Longrock Industrial Estate,, Penzance","Penzance","South West","United Kingdom","EV chargepoint installation","Commercial and residential installations","N/A","N/A","N/A","N/A","N/A","N/A","N/A","https://www.gov.uk/electric-vehicle-chargepoint-installers","OZEV-authorised; commercial installs","South West","Commercial; Residential","OZEV authorised","50.12988796455695","-5.505329781012657","2026-05-18"
"DWM Electrical Ltd","N/A","N/A","N/A","N/A","N/A","N/A","13 Ver Road, St Albans","St Albans","South East","United Kingdom","EV chargepoint installation","Commercial and residential installations","N/A","N/A","N/A","N/A","N/A","N/A","N/A","https://www.gov.uk/electric-vehicle-chargepoint-installers","OZEV-authorised; commercial installs","South East","Commercial; Residential","OZEV authorised","51.752393825","-0.3465049","2026-05-18"
"Dynamic Electrical Services (South) Ltd","N/A","N/A","N/A","N/A","N/A","N/A","Suite 2, Block A, Cumberland Business Park, Baffins, Portsmouth","Portsmouth","South East","United Kingdom","EV chargepoint installation","Commercial and residential installations","N/A","N/A","N/A","N/A","N/A","N/A","N/A","https://www.gov.uk/electric-vehicle-chargepoint-installers","OZEV-authorised; commercial installs","South East","Commercial; Residential","OZEV authorised","50.79582496712331","-1.078939019178082","2026-05-18"
"Dynamic Energy Solutions Holdings Ltd","N/A","N/A","N/A","N/A","N/A","N/A","10 Currie Avenue, Swindon","Swindon","South West","United Kingdom","EV chargepoint installation","Commercial and residential installations","N/A","N/A","N/A","N/A","N/A","N/A","N/A","https://www.gov.uk/electric-vehicle-chargepoint-installers","OZEV-authorised; commercial installs","South West","Commercial; Residential","OZEV authorised","51.55044594444444","-1.7963499777777778","2026-05-18"
"E R Jenkin & Sons Ltd","N/A","N/A","N/A","nick@erjenkin.co.uk","01736 361188","https://www.erjenkin.co.uk","Unit 20H Long Rock Industrial Estate, Long Rock, Penzance","Penzance","South West","United Kingdom","EV chargepoint installation","Commercial and residential installations","N/A","N/A","N/A","N/A","N/A","N/A","N/A","https://www.gov.uk/electric-vehicle-chargepoint-installers","OZEV-authorised; commercial installs","South West","Commercial; Residential","OZEV authorised","50.12988796455695","-5.505329781012657","2026-05-18"
"E-bond Electrical","N/A","N/A","N/A","ebondelectrical@gmail.com","07498 950185","https://www.ebondelectrical.com","25 The Fairways, Taunton","Taunton","South West","United Kingdom","EV chargepoint installation","Commercial and residential installations","N/A","N/A","N/A","N/A","N/A","N/A","N/A","https://www.gov.uk/electric-vehicle-chargepoint-installers","OZEV-authorised; commercial installs","South West","Commercial; Residential","OZEV authorised","51.00505746904763","-3.1039813309523816","2026-05-18"
"E.P.R Electrical","N/A","N/A","N/A","epr.electrical@outlook.com","07714 688523","N/A","22 Gloweth Barton, Truro","Truro","South West","United Kingdom","EV chargepoint installation","Commercial and residential installations","N/A","N/A","N/A","N/A","N/A","N/A","N/A","https://www.gov.uk/electric-vehicle-chargepoint-installers","OZEV-authorised; commercial installs","South West","Commercial; Residential","OZEV authorised","50.26376284444445","-5.091902622222221","2026-05-18"
"E2 Services Ltd","N/A","N/A","N/A","N/A","N/A","N/A","24-25 Foley Road, London","London","London","United Kingdom","EV chargepoint installation","Commercial and residential installations","N/A","N/A","N/A","N/A","N/A","N/A","N/A","https://www.gov.uk/electric-vehicle-chargepoint-installers","OZEV-authorised; commercial installs","London","Commercial; Residential","OZEV authorised","51.51935709999999","-0.14054180000000002","2026-05-18"
"E2M (Uk) Ltd","N/A","N/A","N/A","electrical@e2mltd.co.uk","01924 872222","https://www.e2mltd.co.uk","18-42 Charlotte Street, Wakefield","Wakefield","Yorkshire & Humber","United Kingdom","EV chargepoint installation","Commercial and residential installations","N/A","N/A","N/A","N/A","N/A","N/A","N/A","https://www.gov.uk/electric-vehicle-chargepoint-installers","OZEV-authorised; commercial installs","Yorkshire & Humber","Commercial; Residential","OZEV authorised","53.679284839473645","-1.4940585184210533","2026-05-18"
"East West Connect Ltd","N/A","N/A","N/A","ev@eastwestconnect.com","02082 084184","https://www.eastwestconnect.com","Unit 5 Silicon Business Centre, 28 Wadsworth Road, Perivale, Greenford","Greenford","South East","United Kingdom","EV chargepoint installation","Commercial and residential installations","N/A","N/A","N/A","N/A","N/A","N/A","N/A","https://www.gov.uk/electric-vehicle-chargepoint-installers","OZEV-authorised; commercial installs","South East","Commercial; Residential","OZEV authorised","51.535681577777765","-0.30991018253968255","2026-05-18"
"Eastfield Electrical Services Ltd","N/A","N/A","N/A","andy.yates@eastfieldelectrical.co.uk","07870 877021","N/A","128 Crompton Way, Bolton","Bolton","North West","United Kingdom","EV chargepoint installation","Commercial and residential installations","N/A","N/A","N/A","N/A","N/A","N/A","N/A","https://www.gov.uk/electric-vehicle-chargepoint-installers","OZEV-authorised; commercial installs","North West","Commercial; Residential","OZEV authorised","53.585831084","-2.4032572959999996","2026-05-18"
"Easy Heat Systems Ltd","N/A","N/A","N/A","contact@mcdermottgroup.co.uk","01738 445222","https://www.easyheatsystems.co.uk/","McDermott House,Inveralmond Place, Perth","Perth","Scotland","United Kingdom","EV chargepoint installation","Commercial and residential installations","N/A","N/A","N/A","N/A","N/A","N/A","N/A","https://www.gov.uk/electric-vehicle-chargepoint-installers","OZEV-authorised; commercial installs","Scotland","Commercial; Residential","OZEV authorised","56.41771118421053","-3.4711795736842106","2026-05-18"
"EBS Electrical Building Solutions","N/A","N/A","N/A","info@electricalbuildingsolutions.co.uk","07469 943588","https://www.electricalbuildingsolutions.co.uk","UNit 42 Bizspace Business Park, Kings Road Tyseley, Birmingham","Birmingham","West Midlands","United Kingdom","EV chargepoint installation","Commercial and residential installations","N/A","N/A","N/A","N/A","N/A","N/A","N/A","https://www.gov.uk/electric-vehicle-chargepoint-installers","OZEV-authorised; commercial installs","West Midlands","Commercial; Residential","OZEV authorised","52.45887793846149","-1.8395792769230763","2026-05-18"
"Echo Engineering Solutions Ltd t/a Charge On Your Drive","N/A","N/A","N/A","jack.burns@echo-es.co.uk","01616 330362","https://www.chargeonyourdrive.com","Soho Works, Soho Street,, Oldham","Oldham","North West","United Kingdom","EV chargepoint installation","Commercial and residential installations","N/A","N/A","N/A","N/A","N/A","N/A","N/A","https://www.gov.uk/electric-vehicle-chargepoint-installers","OZEV-authorised; commercial installs","North West","Commercial; Residential","OZEV authorised","53.544481975","-2.095688775","2026-05-18"
"ECIS ECPS T/A Euro Control Panel Specialists (ECPS) Ltd","N/A","N/A","N/A","N/A","02871 861174","N/A","3 Carrakeel Industrial Park, Maydown, Derry","Derry","Northern Ireland","United Kingdom","EV chargepoint installation","Commercial installations only","N/A","N/A","N/A","N/A","N/A","N/A","N/A","https://www.gov.uk/electric-vehicle-chargepoint-installers","OZEV-authorised; commercial installs","Northern Ireland","Commercial","OZEV authorised","55.043404245454546","-7.242509072727273","2026-05-18"
"Eco Alba Limited T/A Alba Heat And Power","N/A","N/A","N/A","N/A","N/A","N/A","4 East Albert Road, Kirkcaldy","Kirkcaldy","Scotland","United Kingdom","EV chargepoint installation","Commercial and residential installations","N/A","N/A","N/A","N/A","N/A","N/A","N/A","https://www.gov.uk/electric-vehicle-chargepoint-installers","OZEV-authorised; commercial installs","Scotland","Commercial; Residential","OZEV authorised","56.11568669166667","-3.1581680750000003","2026-05-18"
"ECO Electrical T/A Take Charge","N/A","N/A","N/A","N/A","N/A","N/A","50 Millais Road Bush Hill Park, Eco Electrical, London","London","South East","United Kingdom","EV chargepoint installation","Commercial and residential installations","N/A","N/A","N/A","N/A","N/A","N/A","N/A","https://www.gov.uk/electric-vehicle-chargepoint-installers","OZEV-authorised; commercial installs","South East","Commercial; Residential","OZEV authorised","51.64399566585365","-0.06539161951219513","2026-05-18"
"Eco Glo","N/A","N/A","N/A","N/A","N/A","N/A","73 Leyburn road, Edmonton, London","London","London","United Kingdom","EV chargepoint installation","Commercial and residential installations","N/A","N/A","N/A","N/A","N/A","N/A","N/A","https://www.gov.uk/electric-vehicle-chargepoint-installers","OZEV-authorised; commercial installs","London","Commercial; Residential","OZEV authorised","51.609495100000004","-0.059869126829268295","2026-05-18"
"Eco Power Renewable Energy Ltd","N/A","N/A","N/A","aidan.w@ecopowerrenewables.co.uk","07476 940400","https://www.ecopowerrenewableenergy.co.uk","Unit 18, Jupiter Business Park, Bentley Road, Doncaster","Doncaster","Yorkshire & Humber","United Kingdom","EV chargepoint installation","Commercial and residential installations","N/A","N/A","N/A","N/A","N/A","N/A","N/A","https://www.gov.uk/electric-vehicle-chargepoint-installers","OZEV-authorised; commercial installs","Yorkshire & Humber","Commercial; Residential","OZEV authorised","53.53948816853933","-1.147997557303371","2026-05-18"
"Eco Tech Integration Ltd","N/A","N/A","N/A","sadeghk@ecotechintegration.co.uk","07779 984999","N/A","Unit 5, 255 Water Road, Wembley","Wembley","South East","United Kingdom","EV chargepoint installation","Commercial and residential installations","N/A","N/A","N/A","N/A","N/A","N/A","N/A","https://www.gov.uk/electric-vehicle-chargepoint-installers","OZEV-authorised; commercial installs","South East","Commercial; Residential","OZEV authorised","51.5386492","-0.2872447999999999","2026-05-18"
"Eco-Lectrical Services Ltd","N/A","N/A","N/A","Info@eco-lectrical.com","07879 440524","https://www.eco-lectrical.com","31 Hurst Rise Road,, Oxford","Oxford","South East","United Kingdom","EV chargepoint installation","Commercial and residential installations","N/A","N/A","N/A","N/A","N/A","N/A","N/A","https://www.gov.uk/electric-vehicle-chargepoint-installers","OZEV-authorised; commercial installs","South East","Commercial; Residential","OZEV authorised","51.74724484848484","-1.3015180212121213","2026-05-18"
"EcoGreen Electrical & EV Ltd","N/A","N/A","N/A","ev@ecogreenelectrical.co.uk","01727 576131","https://www.ecogreenelectrical.co.uk","Arquen House, 4-6 Spicer Street, St Albans","St Albans","South East","United Kingdom","EV chargepoint installation","Commercial and residential installations","N/A","N/A","N/A","N/A","N/A","N/A","N/A","https://www.gov.uk/electric-vehicle-chargepoint-installers","OZEV-authorised; commercial installs","South East","Commercial; Residential","OZEV authorised","51.7519814734694","-0.34256526734693865","2026-05-18"
"Ecomotive Renewables Ltd","N/A","N/A","N/A","contact@ev-vcs.com","07711 480085","https://www.ecomotiverenewables.com","6 Rosemarkie Grove, Motherwel","Motherwel","Scotland","United Kingdom","EV chargepoint installation","Commercial and residential installations","N/A","N/A","N/A","N/A","N/A","N/A","N/A","https://www.gov.uk/electric-vehicle-chargepoint-installers","OZEV-authorised; commercial installs","Scotland","Commercial; Residential","OZEV authorised","55.819100171428566","-3.9541274428571427","2026-05-18"
"EcoStar Renewables Ltd","N/A","N/A","N/A","michael@ecostar-renewables.co.uk","07776 101184","https://www.ecostar-renewables.co.uk","Collingwood House, Newcastle, Newcastle Upon Tyne","Newcastle Upon Tyne","North East","United Kingdom","EV chargepoint installation","Commercial and residential installations","N/A","N/A","N/A","N/A","N/A","N/A","N/A","https://www.gov.uk/electric-vehicle-chargepoint-installers","OZEV-authorised; commercial installs","North East","Commercial; Residential","OZEV authorised","54.96998933978489","-1.6133746924731163","2026-05-18"
"Ecotech Mechanical & Electrical Solutions Ltd","N/A","N/A","N/A","enquiries@ecotechme.co.uk","01217 530239","https://www.ecotcechgroup.uk","65 Avoca Court, 140 Cheapside, Birmingham","Birmingham","West Midlands","United Kingdom","EV chargepoint installation","Commercial and residential installations","N/A","N/A","N/A","N/A","N/A","N/A","N/A","https://www.gov.uk/electric-vehicle-chargepoint-installers","OZEV-authorised; commercial installs","West Midlands","Commercial; Residential","OZEV authorised","52.47114411818176","-1.8823147363636368","2026-05-18"
"EDF Energy Customers Ltd","N/A","N/A","N/A","ev@edfenergy.com","N/A","https://www.edfenergy.com/electric-cars","90 Whitfield Street, London","London","London","United Kingdom","EV chargepoint installation","Commercial and residential installations","N/A","N/A","N/A","N/A","N/A","N/A","N/A","https://www.gov.uk/electric-vehicle-chargepoint-installers","OZEV-authorised; commercial installs","London","Commercial; Residential","OZEV authorised","51.52226421818185","-0.13698666818181815","2026-05-18"
"Edgley Contracting Ltd","N/A","N/A","N/A","paul@edgleycontracting.co.uk","07802 627967","https://www.edgleycontracting.co.uk","3 Brent Close, Brent Close, Dartford","Dartford","South East","United Kingdom","EV chargepoint installation","Commercial and residential installations","N/A","N/A","N/A","N/A","N/A","N/A","N/A","https://www.gov.uk/electric-vehicle-chargepoint-installers","OZEV-authorised; commercial installs","South East","Commercial; Residential","OZEV authorised","51.44355652333333","0.2398009866666667","2026-05-18"
"EDI Services Group UK Ltd","N/A","N/A","N/A","info@ediservicesgroup.co.uk","01224 968030","https://www.ediservicesltd.co.uk/","4 Rubislaw Terrace, Aberdeenshire","Aberdeenshire","Scotland","United Kingdom","EV chargepoint installation","Commercial and residential installations","N/A","N/A","N/A","N/A","N/A","N/A","N/A","https://www.gov.uk/electric-vehicle-chargepoint-installers","OZEV-authorised; commercial installs","Scotland","Commercial; Residential","OZEV authorised","57.14348970428572","-2.11758159","2026-05-18"
"Efficient Maintenance Limited","N/A","N/A","N/A","info@efficientmaintenancelimited.com","02030 055285","https://www.efficientmaintenancelimited.com","3rd Floor 86-90 Paul Street, London","London","London","United Kingdom","EV chargepoint installation","Commercial and residential installations","N/A","N/A","N/A","N/A","N/A","N/A","N/A","https://www.gov.uk/electric-vehicle-chargepoint-installers","OZEV-authorised; commercial installs","London","Commercial; Residential","OZEV authorised","51.525556482978736","-0.08361228723404251","2026-05-18"
"EFS Systems (UK) Ltd","N/A","N/A","N/A","N/A","N/A","N/A","Unit 31a Pant Industrial Estate, Dowlais, Merthyr Tydfil","Merthyr Tydfil","Wales","United Kingdom","EV chargepoint installation","Commercial and residential installations","N/A","N/A","N/A","N/A","N/A","N/A","N/A","https://www.gov.uk/electric-vehicle-chargepoint-installers","OZEV-authorised; commercial installs","Wales","Commercial; Residential","OZEV authorised","51.76854607594937","-3.3630890797468354","2026-05-18"
"EJ Parker Technical Services (Scotland North) Ltd","N/A","N/A","N/A","N/A","N/A","N/A","Units 3&4, 9 Carsgate Road,, Inverness","Inverness","Scotland","United Kingdom","EV chargepoint installation","Commercial and residential installations","N/A","N/A","N/A","N/A","N/A","N/A","N/A","https://www.gov.uk/electric-vehicle-chargepoint-installers","OZEV-authorised; commercial installs","Scotland","Commercial; Residential","OZEV authorised","57.48811260526316","-4.244678605263158","2026-05-18"
"Elco Group Ltd","N/A","N/A","N/A","jodi@elco-group.co.uk","01322 479957","https://www.elco-group.co.uk","Unit 67, Basepoint Business Park, Dartford","Dartford","South East","United Kingdom","EV chargepoint installation","Commercial and residential installations","N/A","N/A","N/A","N/A","N/A","N/A","N/A","https://www.gov.uk/electric-vehicle-chargepoint-installers","OZEV-authorised; commercial installs","South East","Commercial; Residential","OZEV authorised","51.45000341395349","0.21457877441860465","2026-05-18"
"Elecbuild Electrical & Building Services","N/A","N/A","N/A","info@elecbuild.co.uk","01206 580363","https://www.elecbuild.co.uk","1a Challenge Way, Colchester","Colchester","East of England","United Kingdom","EV chargepoint installation","Commercial and residential installations","N/A","N/A","N/A","N/A","N/A","N/A","N/A","https://www.gov.uk/electric-vehicle-chargepoint-installers","OZEV-authorised; commercial installs","East of England","Commercial; Residential","OZEV authorised","51.88540240344827","0.918942668965517","2026-05-18"
"Elecktec Ltd","N/A","N/A","N/A","darren@elecktec.co.uk","01274 512791","https://www.elecktec.co.uk","Unit 4 Great Russel Court, Fieldhead Business Park, Bradford","Bradford","Yorkshire & Humber","United Kingdom","EV chargepoint installation","Commercial installations only","N/A","N/A","N/A","N/A","N/A","N/A","N/A","https://www.gov.uk/electric-vehicle-chargepoint-installers","OZEV-authorised; commercial installs","Yorkshire & Humber","Commercial","OZEV authorised","53.79447688461539","-1.772034988461539","2026-05-18"
"Elecplumb Ltd","N/A","N/A","N/A","admin@elecplumb.co.uk","02086 109775","https://www.elecplumb.co.uk","Unit 22 Nathan Way Business Park, 82-100 Nathan Way, London","London","London","United Kingdom","EV chargepoint installation","Commercial and residential installations","N/A","N/A","N/A","N/A","N/A","N/A","N/A","https://www.gov.uk/electric-vehicle-chargepoint-installers","OZEV-authorised; commercial installs","London","Commercial; Residential","OZEV authorised","51.493303433333324","0.09534220370370369","2026-05-18"
"Electric and Fire Ltd","N/A","N/A","N/A","N/A","07809 618061","N/A","773A Romford Road, Manor Park, London","London","London","United Kingdom","EV chargepoint installation","Commercial and residential installations","N/A","N/A","N/A","N/A","N/A","N/A","N/A","https://www.gov.uk/electric-vehicle-chargepoint-installers","OZEV-authorised; commercial installs","London","Commercial; Residential","OZEV authorised","51.55214032500001","0.051042366666666644","2026-05-18"
"Electric Intelligence Ltd","N/A","N/A","N/A","N/A","N/A","https://www.electricintelligence.co.uk","5th Floor, 167-169 Great Portland Street, London","London","London","United Kingdom","EV chargepoint installation","Commercial and residential installations","N/A","N/A","N/A","N/A","N/A","N/A","N/A","https://www.gov.uk/electric-vehicle-chargepoint-installers","OZEV-authorised; commercial installs","London","Commercial; Residential","OZEV authorised","51.521673400000026","-0.14370519999999998","2026-05-18"
"Electric Space Ltd","N/A","N/A","N/A","info@electricspace.org.uk","07552 414743","https://www.electricspace.org.uk","Flat 1 Addison Court, 15 Heath Road, Twickenham, London","London","South East","United Kingdom","EV chargepoint installation","Commercial and residential installations","N/A","N/A","N/A","N/A","N/A","N/A","N/A","https://www.gov.uk/electric-vehicle-chargepoint-installers","OZEV-authorised; commercial installs","South East","Commercial; Residential","OZEV authorised","51.4452203862069","-0.3301468965517241","2026-05-18"
"Electric Touch","N/A","N/A","N/A","Electric_touchs@yahoo.co.uk","07435 568059","N/A","174 Lister Avenue, Bradford","Bradford","Yorkshire & Humber","United Kingdom","EV chargepoint installation","Commercial and residential installations","N/A","N/A","N/A","N/A","N/A","N/A","N/A","https://www.gov.uk/electric-vehicle-chargepoint-installers","OZEV-authorised; commercial installs","Yorkshire & Humber","Commercial; Residential","OZEV authorised","53.77721704999999","-1.735846805555556","2026-05-18"
"Electric4U","N/A","N/A","N/A","N/A","N/A","N/A","Unit 138, 61 Victoria Road, Surbiton","Surbiton","South East","United Kingdom","EV chargepoint installation","Commercial and residential installations","N/A","N/A","N/A","N/A","N/A","N/A","N/A","https://www.gov.uk/electric-vehicle-chargepoint-installers","OZEV-authorised; commercial installs","South East","Commercial; Residential","OZEV authorised","51.3918713","-0.3069619","2026-05-18"
"Electrical and Electronics Solutions Limited","N/A","N/A","N/A","silbar.fernandes20@gmail.com","07923 111225","https://www.electrical-and-electronics-solutions-limited.business.site","14 Collett Avenue,, Swindon","Swindon","South West","United Kingdom","EV chargepoint installation","Commercial and residential installations","N/A","N/A","N/A","N/A","N/A","N/A","N/A","https://www.gov.uk/electric-vehicle-chargepoint-installers","OZEV-authorised; commercial installs","South West","Commercial; Residential","OZEV authorised","51.574735865853675","-1.7968864097560977","2026-05-18"
"Electrical Service Team","N/A","N/A","N/A","guj@electricalserviceteam.com","02032 921393","https://www.electricalserviceteam.com","10 Chestnut Grove, Isleworth","Isleworth","South East","United Kingdom","EV chargepoint installation","Commercial and residential installations","N/A","N/A","N/A","N/A","N/A","N/A","N/A","https://www.gov.uk/electric-vehicle-chargepoint-installers","OZEV-authorised; commercial installs","South East","Commercial; Residential","OZEV authorised","51.463925040000014","-0.3300129333333333","2026-05-18"
"Electrical Solution (IOW) Ltd","N/A","N/A","N/A","enquiries@esiow.co.uk","01983 303088","N/A","14 Dodnor Park, Newport, Isle of Wight","Isle of Wight","South East","United Kingdom","EV chargepoint installation","Commercial and residential installations","N/A","N/A","N/A","N/A","N/A","N/A","N/A","https://www.gov.uk/electric-vehicle-chargepoint-installers","OZEV-authorised; commercial installs","South East","Commercial; Residential","OZEV authorised","50.71115488333332","-1.296948111111111","2026-05-18"
"Electrical Solutions Group Ltd","N/A","N/A","N/A","info@es-group.info","01245 392013","N/A","Waterhouse Business Centre, Unit 64 2 Cromar Way, Chelmsford","Chelmsford","East of England","United Kingdom","EV chargepoint installation","Commercial and residential installations","N/A","N/A","N/A","N/A","N/A","N/A","N/A","https://www.gov.uk/electric-vehicle-chargepoint-installers","OZEV-authorised; commercial installs","East of England","Commercial; Residential","OZEV authorised","51.72905493690475","0.4570066261904761","2026-05-18"
"Electrical Touch","N/A","N/A","N/A","N/A","07999 161162","https://www.electricaltouch.co.uk","5 Cromwell Road, Derby","Derby","East Midlands","United Kingdom","EV chargepoint installation","Commercial and residential installations","N/A","N/A","N/A","N/A","N/A","N/A","N/A","https://www.gov.uk/electric-vehicle-chargepoint-installers","OZEV-authorised; commercial installs","East Midlands","Commercial; Residential","OZEV authorised","52.90912364848484","-1.484580724242424","2026-05-18"
"Electricians On-Call Ltd","N/A","N/A","N/A","nick@eoclondon.co.uk","02074 166644","https://www.eoclondon.co.uk","18 Bulstrode Street, London","London","London","United Kingdom","EV chargepoint installation","Commercial and residential installations","N/A","N/A","N/A","N/A","N/A","N/A","N/A","https://www.gov.uk/electric-vehicle-chargepoint-installers","OZEV-authorised; commercial installs","London","Commercial; Residential","OZEV authorised","51.5178055","-0.1510405","2026-05-18"
"electricians4u Ltd","N/A","N/A","N/A","N/A","N/A","N/A","220 Walton Road, London","London","London","United Kingdom","EV chargepoint installation","Commercial and residential installations","N/A","N/A","N/A","N/A","N/A","N/A","N/A","https://www.gov.uk/electric-vehicle-chargepoint-installers","OZEV-authorised; commercial installs","London","Commercial; Residential","OZEV authorised","51.550812497368426","0.06396218684210524","2026-05-18"
"Electricity Supply Solutions","N/A","N/A","N/A","raj.fagura@electricityss.co.uk","08003 102102","https://www.electricityss.co.uk","276a St Thomas Road, Derby, Derbyshire","Derbyshire","East Midlands","United Kingdom","EV chargepoint installation","Commercial and residential installations","N/A","N/A","N/A","N/A","N/A","N/A","N/A","https://www.gov.uk/electric-vehicle-chargepoint-installers","OZEV-authorised; commercial installs","East Midlands","Commercial; Residential","OZEV authorised","52.9008077508772","-1.4784757789473686","2026-05-18"
"Electrify Wales Ltd","N/A","N/A","N/A","hello@electrify.wales","01646 839054","https://www.electrify.wales/","Unit 10, Celtic Business Park, Thornton Road, Milford Haven, Pembrokeshire","Pembrokeshire","Wales","United Kingdom","EV chargepoint installation","Commercial and residential installations","N/A","N/A","N/A","N/A","N/A","N/A","N/A","https://www.gov.uk/electric-vehicle-chargepoint-installers","OZEV-authorised; commercial installs","Wales","Commercial; Residential","OZEV authorised","51.72712465333333","-5.0289217","2026-05-18"
"Electropoint Installations UK Ltd t/a Electropoint","N/A","N/A","N/A","enquiries@electropointuk.com","01413 012285","https://www.electropointuk.com","7 Windmill Court, Hamilton, Scotland","Scotland","Scotland","United Kingdom","EV chargepoint installation","Commercial and residential installations","N/A","N/A","N/A","N/A","N/A","N/A","N/A","https://www.gov.uk/electric-vehicle-chargepoint-installers","OZEV-authorised; commercial installs","Scotland","Commercial; Residential","OZEV authorised","55.77749098000001","-4.044843036","2026-05-18"
"Elegant Electrical Ltd","N/A","N/A","N/A","admin@elegantelectrical.co.uk","02030 533048","N/A","41 Ash Tree Dell, London","London","London","United Kingdom","EV chargepoint installation","Commercial and residential installations","N/A","N/A","N/A","N/A","N/A","N/A","N/A","https://www.gov.uk/electric-vehicle-chargepoint-installers","OZEV-authorised; commercial installs","London","Commercial; Residential","OZEV authorised","51.58502713442622","-0.26172559180327876","2026-05-18"
"Elektra (Norwich) Ltd","N/A","N/A","N/A","enquiries@elektra-electrical.co.uk","01603 418316","https://www.elektra-electrical.co.uk","The Union Building, 51-59 Rose Lane, Norwich","Norwich","East of England","United Kingdom","EV chargepoint installation","Commercial and residential installations","N/A","N/A","N/A","N/A","N/A","N/A","N/A","https://www.gov.uk/electric-vehicle-chargepoint-installers","OZEV-authorised; commercial installs","East of England","Commercial; Residential","OZEV authorised","52.62835010731709","1.301375529268292","2026-05-18"
"ELES ELECTRICAL SERVICES LTD","N/A","N/A","N/A","info@eles.uk","07925 585946","N/A","165 Obree Avenue, Preswick, Scotland","Scotland","Scotland","United Kingdom","EV chargepoint installation","Commercial and residential installations","N/A","N/A","N/A","N/A","N/A","N/A","N/A","https://www.gov.uk/electric-vehicle-chargepoint-installers","OZEV-authorised; commercial installs","Scotland","Commercial; Residential","OZEV authorised","55.48465426136364","-4.595315179545455","2026-05-18"
"Elite Electrical Projects Nottingham Limited","N/A","N/A","N/A","eeprojects@virginmedia.com","07914 388699","N/A","28 Sunnydale Road, Bakersfield, Nottingham","Nottingham","East Midlands","United Kingdom","EV chargepoint installation","Commercial installations only","N/A","N/A","N/A","N/A","N/A","N/A","N/A","https://www.gov.uk/electric-vehicle-chargepoint-installers","OZEV-authorised; commercial installs","East Midlands","Commercial","OZEV authorised","52.96241922545454","-1.1091489399999999","2026-05-18"
"Elk Electrics","N/A","N/A","N/A","info@elkelectrics.co.uk","07766 491408","https://www.elkelectrics.co.uk","Flat 14 Arden Court, Bodenham Road, Hereford","Hereford","West Midlands","United Kingdom","EV chargepoint installation","Commercial and residential installations","N/A","N/A","N/A","N/A","N/A","N/A","N/A","https://www.gov.uk/electric-vehicle-chargepoint-installers","OZEV-authorised; commercial installs","West Midlands","Commercial; Residential","OZEV authorised","52.05804180000001","-2.7011646117647055","2026-05-18"
"Elmwood Mechanical & Electrical services","N/A","N/A","N/A","andrewjwoodward@me.com","01613 003800","https://www.elmwoodelectrical.com","Bollin House, Oakfield Road, Cheadle Royal Business Park, Cheadle","Cheadle","North West","United Kingdom","EV chargepoint installation","Commercial and residential installations","N/A","N/A","N/A","N/A","N/A","N/A","N/A","https://www.gov.uk/electric-vehicle-chargepoint-installers","OZEV-authorised; commercial installs","North West","Commercial; Residential","OZEV authorised","53.37839929999999","-2.2243732916666668","2026-05-18"
"EMB Electrical Limited","N/A","N/A","N/A","embelectricalltd@hotmail.com","N/A","N/A","Phoenix House, 283 Church Street, Blackpool","Blackpool","North West","United Kingdom","EV chargepoint installation","Commercial and residential installations","N/A","N/A","N/A","N/A","N/A","N/A","N/A","https://www.gov.uk/electric-vehicle-chargepoint-installers","OZEV-authorised; commercial installs","North West","Commercial; Residential","OZEV authorised","53.8184142","-3.0398561999999996","2026-05-18"
"Ember Energy Ltd","N/A","N/A","N/A","info@emberenergy.co.uk","01563 501582","https://www.emberenergy.co.uk","Waterside Farm,Glasgow Road,, Galston","Galston","Scotland","United Kingdom","EV chargepoint installation","Commercial and residential installations","N/A","N/A","N/A","N/A","N/A","N/A","N/A","https://www.gov.uk/electric-vehicle-chargepoint-installers","OZEV-authorised; commercial installs","Scotland","Commercial; Residential","OZEV authorised","55.60717122105264","-4.383938042105264","2026-05-18"
"EMC Electrical Contractors LLP","N/A","N/A","N/A","john@emcelectrical.co.uk","07931 880610","https://www.emcelectrical.uk","50 Osborne Road, Cale Green, STOCKPORT","STOCKPORT","North West","United Kingdom","EV chargepoint installation","Commercial and residential installations","N/A","N/A","N/A","N/A","N/A","N/A","N/A","https://www.gov.uk/electric-vehicle-chargepoint-installers","OZEV-authorised; commercial installs","North West","Commercial; Residential","OZEV authorised","53.39809231249998","-2.154996329166667","2026-05-18"
"Encom Energy Ltd","N/A","N/A","N/A","info@encomenergy.co.uk","02895 380910","https://www.encomenergy.co.uk","19 Herron Road, Belfast","Belfast","Northern Ireland","United Kingdom","EV chargepoint installation","Commercial and residential installations","N/A","N/A","N/A","N/A","N/A","N/A","N/A","https://www.gov.uk/electric-vehicle-chargepoint-installers","OZEV-authorised; commercial installs","Northern Ireland","Commercial; Residential","OZEV authorised","54.628798236144576","-5.866622702409641","2026-05-18"
"Energee Services Limited","N/A","N/A","N/A","jd@energee.co.uk","01878 700717","N/A","Benderloch, Frobost, Isle of South Uist, Western Isles, Scotland","Scotland","Scotland","United Kingdom","EV chargepoint installation","Commercial and residential installations","N/A","N/A","N/A","N/A","N/A","N/A","N/A","https://www.gov.uk/electric-vehicle-chargepoint-installers","OZEV-authorised; commercial installs","Scotland","Commercial; Residential","OZEV authorised","57.201300233333335","-7.398705420833333","2026-05-18"
"Energise EV Ltd","N/A","N/A","N/A","N/A","N/A","N/A","2 Clos Y Dderwen, Kidwelly, Carmarthen, Wales","Wales","Wales","United Kingdom","EV chargepoint installation","Commercial and residential installations","N/A","N/A","N/A","N/A","N/A","N/A","N/A","https://www.gov.uk/electric-vehicle-chargepoint-installers","OZEV-authorised; commercial installs","Wales","Commercial; Residential","OZEV authorised","51.740334975","-4.294908575","2026-05-18"
"Energy Installations","N/A","N/A","N/A","energyinstallations@outlook.com","07999 399942","https://www.energyinstallation.co.uk","40 Hencroft Street South, Slough","Slough","South East","United Kingdom","EV chargepoint installation","Commercial and residential installations","N/A","N/A","N/A","N/A","N/A","N/A","N/A","https://www.gov.uk/electric-vehicle-chargepoint-installers","OZEV-authorised; commercial installs","South East","Commercial; Residential","OZEV authorised","51.505357276000026","-0.5903049719999999","2026-05-18"
"Engie Power Ltd","N/A","N/A","N/A","ev@engie.com","N/A","https://www.engie.com","No. 1 Leeds, 26 Whitehall Road,, Leeds","Leeds","Yorkshire & Humber","United Kingdom","EV chargepoint installation","Commercial and residential installations","N/A","N/A","N/A","N/A","N/A","N/A","N/A","https://www.gov.uk/electric-vehicle-chargepoint-installers","OZEV-authorised; commercial installs","Yorkshire & Humber","Commercial; Residential","OZEV authorised","53.7933108563218","-1.5598968597701135","2026-05-18"
"EOM (Electrical Contractors) Limited","N/A","N/A","N/A","admin@eomltd.co.uk","01686 625242","N/A","Unit B, Mochdre Industrial Estate, Mochdre","Mochdre","West Midlands","United Kingdom","EV chargepoint installation","Commercial and residential installations","N/A","N/A","N/A","N/A","N/A","N/A","N/A","https://www.gov.uk/electric-vehicle-chargepoint-installers","OZEV-authorised; commercial installs","West Midlands","Commercial; Residential","OZEV authorised","52.50257040131579","-3.336327186842104","2026-05-18"
"Equans E&S Solutions Limited","N/A","N/A","N/A","matthew.brown1@equans.com","07827 882207","https://www.equans.co.uk","Becket House, 1 Lambeth Palace Road, London","London","London","United Kingdom","EV chargepoint installation","Commercial installations only","N/A","N/A","N/A","N/A","N/A","N/A","N/A","https://www.gov.uk/electric-vehicle-chargepoint-installers","OZEV-authorised; commercial installs","London","Commercial","OZEV authorised","51.49996887692306","-0.1162463807692308","2026-05-18"
"Esco Electrical Contractors Ltd","N/A","N/A","N/A","N/A","N/A","N/A","83 Lever Street, Bolton","Bolton","North West","United Kingdom","EV chargepoint installation","Commercial and residential installations","N/A","N/A","N/A","N/A","N/A","N/A","N/A","https://www.gov.uk/electric-vehicle-chargepoint-installers","OZEV-authorised; commercial installs","North West","Commercial; Residential","OZEV authorised","53.569392307142856","-2.424291035714286","2026-05-18"
"ESE Group Holdings Ltd","N/A","N/A","N/A","N/A","N/A","N/A","Unit 5, Sprint Way, Liverpool","Liverpool","North West","United Kingdom","EV chargepoint installation","Commercial and residential installations","N/A","N/A","N/A","N/A","N/A","N/A","N/A","https://www.gov.uk/electric-vehicle-chargepoint-installers","OZEV-authorised; commercial installs","North West","Commercial; Residential","OZEV authorised","53.353922184374994","-2.8733259562499995","2026-05-18"
"Essex Services Group Limited t/a ESG Limited","N/A","N/A","N/A","jharmon@esglimited.com","01708 708888","https://www.esglimited.com","Viking Business Centre, Danes Road, Romford","Romford","South East","United Kingdom","EV chargepoint installation","Commercial and residential installations","N/A","N/A","N/A","N/A","N/A","N/A","N/A","https://www.gov.uk/electric-vehicle-chargepoint-installers","OZEV-authorised; commercial installs","South East","Commercial; Residential","OZEV authorised","51.56991428307692","0.16637344307692306","2026-05-18"
"ETA Electrical Services Ltd","N/A","N/A","N/A","N/A","N/A","N/A","Unit 5-6 Hassock, Workshops Stroudley Road, Basingstoke","Basingstoke","South East","United Kingdom","EV chargepoint installation","Commercial and residential installations","N/A","N/A","N/A","N/A","N/A","N/A","N/A","https://www.gov.uk/electric-vehicle-chargepoint-installers","OZEV-authorised; commercial installs","South East","Commercial; Residential","OZEV authorised","51.27508011395349","-1.063762906976744","2026-05-18"
"Etech Electrical Contractors Ltd","N/A","N/A","N/A","etech@outlook.com","07841 236665","https://www.etechelec.co.uk","211 Humber Way, Slough","Slough","South East","United Kingdom","EV chargepoint installation","Commercial and residential installations","N/A","N/A","N/A","N/A","N/A","N/A","N/A","https://www.gov.uk/electric-vehicle-chargepoint-installers","OZEV-authorised; commercial installs","South East","Commercial; Residential","OZEV authorised","51.49730272716047","-0.5404104938271604","2026-05-18"
"Eureka North Wales Ltd","N/A","N/A","N/A","N/A","N/A","N/A","Quinton Hazel Enterprise Park, Glan Y Mor Road, Mochdre, Conwy","Conwy","Wales","United Kingdom","EV chargepoint installation","Commercial and residential installations","N/A","N/A","N/A","N/A","N/A","N/A","N/A","https://www.gov.uk/electric-vehicle-chargepoint-installers","OZEV-authorised; commercial installs","Wales","Commercial; Residential","OZEV authorised","53.29865906923079","-3.7633163980769266","2026-05-18"
"EV Charge London Ltd","N/A","N/A","N/A","richard@evchargelondon.com","02036 635643","https://www.evchargelondon.com","Suite 4 Elizabeth Wheeler House, The Mall, Bromley, Kent","Kent","South East","United Kingdom","EV chargepoint installation","Commercial and residential installations","N/A","N/A","N/A","N/A","N/A","N/A","N/A","https://www.gov.uk/electric-vehicle-chargepoint-installers","OZEV-authorised; commercial installs","South East","Commercial; Residential","OZEV authorised","51.402083599999976","0.01707429999999999","2026-05-18"
"EV Domestic Ltd T/A EV Domestic","N/A","N/A","N/A","N/A","N/A","N/A","25 Fitzgerald House, St George's Grove, London","London","London","United Kingdom","EV chargepoint installation","Commercial and residential installations","N/A","N/A","N/A","N/A","N/A","N/A","N/A","https://www.gov.uk/electric-vehicle-chargepoint-installers","OZEV-authorised; commercial installs","London","Commercial; Residential","OZEV authorised","51.43502070000002","-0.17528990000000008","2026-05-18"
"EV Electrify UK","N/A","N/A","N/A","N/A","N/A","N/A","19 Myrtle Grove, Hole, Chester","Chester","North West","United Kingdom","EV chargepoint installation","Commercial and residential installations","N/A","N/A","N/A","N/A","N/A","N/A","N/A","https://www.gov.uk/electric-vehicle-chargepoint-installers","OZEV-authorised; commercial installs","North West","Commercial; Residential","OZEV authorised","53.199226138461526","-2.861826723076923","2026-05-18"
"EV Energy Limited","N/A","N/A","N/A","z.ashref@evenergy.ltd","N/A","https://www.evenergy.ltd","111 Millfields Road, Wolverhampton, West Midlands","West Midlands","West Midlands","United Kingdom","EV chargepoint installation","Commercial and residential installations","N/A","N/A","N/A","N/A","N/A","N/A","N/A","https://www.gov.uk/electric-vehicle-chargepoint-installers","OZEV-authorised; commercial installs","West Midlands","Commercial; Residential","OZEV authorised","52.565103508333344","-2.0938390833333336","2026-05-18"
"EV Energy Solutions Ltd","N/A","N/A","N/A","N/A","N/A","N/A","Unit 4 Hurricane Business Park, Hurricane Drive, Liverpool","Liverpool","North West","United Kingdom","EV chargepoint installation","Commercial and residential installations","N/A","N/A","N/A","N/A","N/A","N/A","N/A","https://www.gov.uk/electric-vehicle-chargepoint-installers","OZEV-authorised; commercial installs","North West","Commercial; Residential","OZEV authorised","53.34231777317077","-2.8791383719512207","2026-05-18"
"EV Energy Systems Ltd","N/A","N/A","N/A","zashref@evenergysystems.co.uk","07512 687319","https://www.evenergysystems.co.uk","3rd & 4th Floors, 84 Salop Street, Wolverhampton","Wolverhampton","West Midlands","United Kingdom","EV chargepoint installation","Commercial and residential installations","N/A","N/A","N/A","N/A","N/A","N/A","N/A","https://www.gov.uk/electric-vehicle-chargepoint-installers","OZEV-authorised; commercial installs","West Midlands","Commercial; Residential","OZEV authorised","52.58389115625","-2.13297455625","2026-05-18"
"EV Range","N/A","N/A","N/A","ross.gibson@ev-range.co.uk","07720 295406","https://www.EV-Range.co.uk","18 Fairways, Irvine","Irvine","Scotland","United Kingdom","EV chargepoint installation","Commercial and residential installations","N/A","N/A","N/A","N/A","N/A","N/A","N/A","https://www.gov.uk/electric-vehicle-chargepoint-installers","OZEV-authorised; commercial installs","Scotland","Commercial; Residential","OZEV authorised","55.63491071935485","-4.679448512903226","2026-05-18"
"EV-ON Group Ltd t/a EV-ON","N/A","N/A","N/A","N/A","N/A","N/A","27 Old Gloucester Street, London","London","London","United Kingdom","EV chargepoint installation","Commercial and residential installations","N/A","N/A","N/A","N/A","N/A","N/A","N/A","https://www.gov.uk/electric-vehicle-chargepoint-installers","OZEV-authorised; commercial installs","London","Commercial; Residential","OZEV authorised","51.520584","-0.122185","2026-05-18"
"EVC Chargers Ltd","N/A","N/A","N/A","beechjordan@evcchargers.co.uk","07961 051633","https://www.evcchargers.co.uk","5 DURHAM CLOSE, GUILDFORD","GUILDFORD","South East","United Kingdom","EV chargepoint installation","Commercial and residential installations","N/A","N/A","N/A","N/A","N/A","N/A","N/A","https://www.gov.uk/electric-vehicle-chargepoint-installers","OZEV-authorised; commercial installs","South East","Commercial; Residential","OZEV authorised","51.25301802173912","-0.5988179695652174","2026-05-18"
"EVCC Ltd","N/A","N/A","N/A","evccltd@gmail.com","07772514073 / 07760678536","https://www.EVCCLTD.CO.UK","27 Queens Road, Vicars Cross, Chester","Chester","North West","United Kingdom","EV chargepoint installation","Commercial and residential installations","N/A","N/A","N/A","N/A","N/A","N/A","N/A","https://www.gov.uk/electric-vehicle-chargepoint-installers","OZEV-authorised; commercial installs","North West","Commercial; Residential","OZEV authorised","53.19651556","-2.8591583685714284","2026-05-18"
"EVChargeandGo Ltd t/a Urban Evolution","N/A","N/A","N/A","energy@urbanevolution.io","0330 043 2911","https://www.urbanevolution.io","Trafalgar House, Fitzalan Place, Cardiff, Wales","Wales","Wales","United Kingdom","EV chargepoint installation","Commercial and residential installations","N/A","N/A","N/A","N/A","N/A","N/A","N/A","https://www.gov.uk/electric-vehicle-chargepoint-installers","OZEV-authorised; commercial installs","Wales","Commercial; Residential","OZEV authorised","51.48272137500004","-3.1671217705882366","2026-05-18"
"Evercharge EV","N/A","N/A","N/A","bruce@everchargeev.co.uk","07450 228641","https://www.Everchargeev.co.uk","Cornerstone House, Station Road,, Selkirk","Selkirk","Scotland","United Kingdom","EV chargepoint installation","Commercial and residential installations","N/A","N/A","N/A","N/A","N/A","N/A","N/A","https://www.gov.uk/electric-vehicle-chargepoint-installers","OZEV-authorised; commercial installs","Scotland","Commercial; Residential","OZEV authorised","55.549520438888884","-2.8466125500000006","2026-05-18"
"Evergreen Electric Vehicles","N/A","N/A","N/A","finance@evergreen-ev.co.uk","01913 233642","https://www.evergreen-ev.co.uk","22 Foyle Street, Sunderland","Sunderland","North East","United Kingdom","EV chargepoint installation","Commercial and residential installations","N/A","N/A","N/A","N/A","N/A","N/A","N/A","https://www.gov.uk/electric-vehicle-chargepoint-installers","OZEV-authorised; commercial installs","North East","Commercial; Residential","OZEV authorised","54.90508092608699","-1.3782881304347823","2026-05-18"
"Eversure Charging Ltd","N/A","N/A","N/A","hello@eversurecharging.com","07944 449666","https://www.eversurecharging.com","Business & Technology Centre, Bessemer Drive, Stevenage, Hertfordshire","Hertfordshire","South East","United Kingdom","EV chargepoint installation","Commercial and residential installations","N/A","N/A","N/A","N/A","N/A","N/A","N/A","https://www.gov.uk/electric-vehicle-chargepoint-installers","OZEV-authorised; commercial installs","South East","Commercial; Residential","OZEV authorised","51.90185600000004","-0.2161926204819277","2026-05-18"
"Everun Ltd","N/A","N/A","N/A","hello@everun.ltd","02896 922513","https://www.evchargeni.com","37 Dargan Road, Belfast","Belfast","Northern Ireland","United Kingdom","EV chargepoint installation","Commercial and residential installations","N/A","N/A","N/A","N/A","N/A","N/A","N/A","https://www.gov.uk/electric-vehicle-chargepoint-installers","OZEV-authorised; commercial installs","Northern Ireland","Commercial; Residential","OZEV authorised","54.62929098181819","-5.911480954545454","2026-05-18"
"Excel Business Environments Ltd","N/A","N/A","N/A","paul@excelbel.co.uk","01925 489880","https://www.excelbel.co.uk","5 Bewsey Road,, Warrington","Warrington","North West","United Kingdom","EV chargepoint installation","Commercial installations only","N/A","N/A","N/A","N/A","N/A","N/A","N/A","https://www.gov.uk/electric-vehicle-chargepoint-installers","OZEV-authorised; commercial installs","North West","Commercial","OZEV authorised","53.3935676","-2.59865306","2026-05-18"
"Exquisite Electrical Limited","N/A","N/A","N/A","N/A","N/A","N/A","Flat 26 Vermeer Court, 1 Rembrandt Close, London","London","London","United Kingdom","EV chargepoint installation","Commercial and residential installations","N/A","N/A","N/A","N/A","N/A","N/A","N/A","https://www.gov.uk/electric-vehicle-chargepoint-installers","OZEV-authorised; commercial installs","London","Commercial; Residential","OZEV authorised","51.49442349999996","-0.005589400000000001","2026-05-18"
"F K B Electrical Ltd T/A FKB Electrical Limited","N/A","N/A","N/A","N/A","N/A","https://www.fkb.co.uk","Unit 10, Quakers Coppice, Crewe, Cheshire","Cheshire","North West","United Kingdom","EV chargepoint installation","Commercial and residential installations","N/A","N/A","N/A","N/A","N/A","N/A","N/A","https://www.gov.uk/electric-vehicle-chargepoint-installers","OZEV-authorised; commercial installs","North West","Commercial; Residential","OZEV authorised","53.088308","-2.418204","2026-05-18"
"Fagin Enterprise Limited T/A Car Charger UK","N/A","N/A","N/A","accounts@car-charger.uk","03332424041 / 07502983259","https://www.car-charger.uk","86-90 Paul Street,, London","London","London","United Kingdom","EV chargepoint installation","Commercial and residential installations","N/A","N/A","N/A","N/A","N/A","N/A","N/A","https://www.gov.uk/electric-vehicle-chargepoint-installers","OZEV-authorised; commercial installs","London","Commercial; Residential","OZEV authorised","51.525556482978736","-0.08361228723404251","2026-05-18"
"Fairburn Group Ltd","N/A","N/A","N/A","N/A","N/A","N/A","73-79 Clarence Street, Hull","Hull","Yorkshire & Humber","United Kingdom","EV chargepoint installation","Commercial and residential installations","N/A","N/A","N/A","N/A","N/A","N/A","N/A","https://www.gov.uk/electric-vehicle-chargepoint-installers","OZEV-authorised; commercial installs","Yorkshire & Humber","Commercial; Residential","OZEV authorised","53.7471203","-0.32424992500000005","2026-05-18"
"Fairways Electrical Limited","N/A","N/A","N/A","N/A","N/A","N/A","32 The Tything, Worcester","Worcester","West Midlands","United Kingdom","EV chargepoint installation","Commercial and residential installations","N/A","N/A","N/A","N/A","N/A","N/A","N/A","https://www.gov.uk/electric-vehicle-chargepoint-installers","OZEV-authorised; commercial installs","West Midlands","Commercial; Residential","OZEV authorised","52.19846140985919","-2.2244055464788732","2026-05-18"
"Falcon Innovations Limited","N/A","N/A","N/A","N/A","N/A","N/A","53 Queens Park Parade, Northampton","Northampton","East Midlands","United Kingdom","EV chargepoint installation","Commercial and residential installations","N/A","N/A","N/A","N/A","N/A","N/A","N/A","https://www.gov.uk/electric-vehicle-chargepoint-installers","OZEV-authorised; commercial installs","East Midlands","Commercial; Residential","OZEV authorised","52.25517423859653","-0.9002334157894745","2026-05-18"
"Feeney Electrical Ltd","N/A","N/A","N/A","info@feeneyelectrical.com","02871 811085","https://www.feeneyelectrical.com","Unit 7D, Benbow Estate, 15 Killylane Road, Eglinton, Derry","Derry","Northern Ireland","United Kingdom","EV chargepoint installation","Commercial and residential installations","N/A","N/A","N/A","N/A","N/A","N/A","N/A","https://www.gov.uk/electric-vehicle-chargepoint-installers","OZEV-authorised; commercial installs","Northern Ireland","Commercial; Residential","OZEV authorised","55.02792529705883","-7.16587409117647","2026-05-18"
"Finlay Electrical Ltd","N/A","N/A","N/A","jonathan@finlayelectrical.co.uk","07767 648373","https://www.finlayelectrical.co.uk","Unit 1, 13 Frances Street, Newtownards","Newtownards","Northern Ireland","United Kingdom","EV chargepoint installation","Commercial and residential installations","N/A","N/A","N/A","N/A","N/A","N/A","N/A","https://www.gov.uk/electric-vehicle-chargepoint-installers","OZEV-authorised; commercial installs","Northern Ireland","Commercial; Residential","OZEV authorised","54.59341089999999","-5.694188106451612","2026-05-18"
"First Call Systems and Services Ltd","N/A","N/A","N/A","andy@fcssuk.co.uk","07775 627634","N/A","Business & Technology Centre, Bessemer Drive, Stevenage","Stevenage","South East","United Kingdom","EV chargepoint installation","Commercial and residential installations","N/A","N/A","N/A","N/A","N/A","N/A","N/A","https://www.gov.uk/electric-vehicle-chargepoint-installers","OZEV-authorised; commercial installs","South East","Commercial; Residential","OZEV authorised","51.90185600000004","-0.2161926204819277","2026-05-18"
"First Electric Rodney Street Ltd","N/A","N/A","N/A","N/A","N/A","N/A","40 Rodney Street, Liverpool","Liverpool","North West","United Kingdom","EV chargepoint installation","Commercial and residential installations","N/A","N/A","N/A","N/A","N/A","N/A","N/A","https://www.gov.uk/electric-vehicle-chargepoint-installers","OZEV-authorised; commercial installs","North West","Commercial; Residential","OZEV authorised","53.401339205263135","-2.973734934210526","2026-05-18"
"First-rate Maintenance Ltd","N/A","N/A","N/A","help@first-ratemaintenance.com","01912 436493","https://www.first-ratemaintenance.com","101 Percy Street, Newcastle upon Tyne","Newcastle upon Tyne","North East","United Kingdom","EV chargepoint installation","Commercial and residential installations","N/A","N/A","N/A","N/A","N/A","N/A","N/A","https://www.gov.uk/electric-vehicle-chargepoint-installers","OZEV-authorised; commercial installs","North East","Commercial; Residential","OZEV authorised","54.978039687323935","-1.6143755971831","2026-05-18"
"Flow Electrical Services T/A Flow Electrical Services Wales Ltd","N/A","N/A","N/A","flowelectricalservices@outlook.com","07496 103934","https://www.flowelectricalservices.com/","1 Clos y Bryniau, Merthyr Tydfil","Merthyr Tydfil","Wales","United Kingdom","EV chargepoint installation","Commercial and residential installations","N/A","N/A","N/A","N/A","N/A","N/A","N/A","https://www.gov.uk/electric-vehicle-chargepoint-installers","OZEV-authorised; commercial installs","Wales","Commercial; Residential","OZEV authorised","51.747058700000004","-3.3650865578947373","2026-05-18"
"Flower Power Electrical Services","N/A","N/A","N/A","flowerpowerelectrical@gmail.com","07974 262348","N/A","51 Parc Wartha Crescent, Penzance","Penzance","South West","United Kingdom","EV chargepoint installation","Commercial and residential installations","N/A","N/A","N/A","N/A","N/A","N/A","N/A","https://www.gov.uk/electric-vehicle-chargepoint-installers","OZEV-authorised; commercial installs","South West","Commercial; Residential","OZEV authorised","50.121243383999996","-5.542939832000001","2026-05-18"
"Fortis Electrical Installations Ltd","N/A","N/A","N/A","john@fortiselectrical.co.uk","01483 323475","https://www.renewables-fortiselectrical.co.uk/","228 Worplesdon Road, Guildford","Guildford","South East","United Kingdom","EV chargepoint installation","Commercial and residential installations","N/A","N/A","N/A","N/A","N/A","N/A","N/A","https://www.gov.uk/electric-vehicle-chargepoint-installers","OZEV-authorised; commercial installs","South East","Commercial; Residential","OZEV authorised","51.25651358135592","-0.594007920338983","2026-05-18"
"Four Shires Electrical Engineering","N/A","N/A","N/A","markspark.jones@googlemail.com","07599 888622","https://www.fourshireselectrical.uk","5 Windermere Road, Wrexham","Wrexham","Wales","United Kingdom","EV chargepoint installation","Commercial and residential installations","N/A","N/A","N/A","N/A","N/A","N/A","N/A","https://www.gov.uk/electric-vehicle-chargepoint-installers","OZEV-authorised; commercial installs","Wales","Commercial; Residential","OZEV authorised","53.06762938333333","-2.986333138888889","2026-05-18"
"Fox Contractors Ltd t/a Smart EV Solutions","N/A","N/A","N/A","N/A","N/A","N/A","224 Strand Road, Preston","Preston","North West","United Kingdom","EV chargepoint installation","Commercial and residential installations","N/A","N/A","N/A","N/A","N/A","N/A","N/A","https://www.gov.uk/electric-vehicle-chargepoint-installers","OZEV-authorised; commercial installs","North West","Commercial; Residential","OZEV authorised","53.76372242941176","-2.722665523529411","2026-05-18"
"Fox Electrical Installations Ltd","N/A","N/A","N/A","paul@fox-electrical.com","07921 195193","N/A","Unit 9 Mill House, Twin Spires Centre, 155 Northumberland Street, Belfast","Belfast","Northern Ireland","United Kingdom","EV chargepoint installation","Commercial installations only","N/A","N/A","N/A","N/A","N/A","N/A","N/A","https://www.gov.uk/electric-vehicle-chargepoint-installers","OZEV-authorised; commercial installs","Northern Ireland","Commercial","OZEV authorised","54.600136876404505","-5.948377903370789","2026-05-18"
"FPM Facility Services Ltd","N/A","N/A","N/A","N/A","N/A","N/A","256 Capability Gree, Luton, Bedfordshire","Bedfordshire","South East","United Kingdom","EV chargepoint installation","Commercial and residential installations","N/A","N/A","N/A","N/A","N/A","N/A","N/A","https://www.gov.uk/electric-vehicle-chargepoint-installers","OZEV-authorised; commercial installs","South East","Commercial; Residential","OZEV authorised","51.86561768192772","-0.4085935481927713","2026-05-18"
"Fraser Mackenzie Ltd T/A Fraser Mackenzie Electrical Contractors","N/A","N/A","N/A","N/A","N/A","N/A","30 Rosshill Drive, Maryburgh, Dingwall","Dingwall","Scotland","United Kingdom","EV chargepoint installation","Commercial and residential installations","N/A","N/A","N/A","N/A","N/A","N/A","N/A","https://www.gov.uk/electric-vehicle-chargepoint-installers","OZEV-authorised; commercial installs","Scotland","Commercial; Residential","OZEV authorised","57.57079475","-4.44442615","2026-05-18"
"FSE Group LTD","N/A","N/A","N/A","info@fsegroupltd.co.uk","07713 587981","https://www.fsegroupltd.co.uk/","Office 29a, 13/14 Neptune Court, Vanguard Way, Cardiff","Cardiff","Wales","United Kingdom","EV chargepoint installation","Commercial and residential installations","N/A","N/A","N/A","N/A","N/A","N/A","N/A","https://www.gov.uk/electric-vehicle-chargepoint-installers","OZEV-authorised; commercial installs","Wales","Commercial; Residential","OZEV authorised","51.47422181269838","-3.152991238095238","2026-05-18"
"FSR Electrical Ltd","N/A","N/A","N/A","info@fsrelectrical.co.uk","01267 468090","https://www.fsrelectrical.co.uk/","Unit 6 BRS Yard, Alltycnap Road, Carmarthen","Carmarthen","Wales","United Kingdom","EV chargepoint installation","Commercial and residential installations","N/A","N/A","N/A","N/A","N/A","N/A","N/A","https://www.gov.uk/electric-vehicle-chargepoint-installers","OZEV-authorised; commercial installs","Wales","Commercial; Residential","OZEV authorised","51.849293629999956","-4.3274545625000025","2026-05-18"
"Fused Electrical (Chester) Ltd","N/A","N/A","N/A","N/A","N/A","N/A","9 Blackfriars Court, Blackfriars, Chester","Chester","North West","United Kingdom","EV chargepoint installation","Commercial and residential installations","N/A","N/A","N/A","N/A","N/A","N/A","N/A","https://www.gov.uk/electric-vehicle-chargepoint-installers","OZEV-authorised; commercial installs","North West","Commercial; Residential","OZEV authorised","53.18758461538461","-2.8957244923076924","2026-05-18"
"Fusion Electrical Installations Ltd","N/A","N/A","N/A","admin@fusionelectrical.io","07415 059883","https://www.fusionelectrical.io","16 St Anthony's Avenue, Hemel Hempstead","Hemel Hempstead","South East","United Kingdom","EV chargepoint installation","Commercial and residential installations","N/A","N/A","N/A","N/A","N/A","N/A","N/A","https://www.gov.uk/electric-vehicle-chargepoint-installers","OZEV-authorised; commercial installs","South East","Commercial; Residential","OZEV authorised","51.74659917368422","-0.4416604526315789","2026-05-18"
"Fusion Electrical Services Ltd","N/A","N/A","N/A","sales@fusionelectrical.co.uk","08001 588181","https://www.fusionelectricalservices.co.uk","109 Capital Busines Centre, Carlton Road, South Croydon, Surrey","Surrey","South East","United Kingdom","EV chargepoint installation","Commercial and residential installations","N/A","N/A","N/A","N/A","N/A","N/A","N/A","https://www.gov.uk/electric-vehicle-chargepoint-installers","OZEV-authorised; commercial installs","South East","Commercial; Residential","OZEV authorised","51.35307638125001","-0.09378107395833334","2026-05-18"
"Fusion Facilities Electrical Contractors","N/A","N/A","N/A","N/A","N/A","N/A","Unit 21, Belasis Court, Billingham","Billingham","North East","United Kingdom","EV chargepoint installation","Commercial and residential installations","N/A","N/A","N/A","N/A","N/A","N/A","N/A","https://www.gov.uk/electric-vehicle-chargepoint-installers","OZEV-authorised; commercial installs","North East","Commercial; Residential","OZEV authorised","54.60313290999999","-1.271142388","2026-05-18"
"Future Renewables","N/A","N/A","N/A","info@fresl.net","02866 389657","https://www.fresl.net","Unit 4 Ballinamallard Ent Centre, Ballinamallard","Ballinamallard","Northern Ireland","United Kingdom","EV chargepoint installation","Commercial and residential installations","N/A","N/A","N/A","N/A","N/A","N/A","N/A","https://www.gov.uk/electric-vehicle-chargepoint-installers","OZEV-authorised; commercial installs","Northern Ireland","Commercial; Residential","OZEV authorised","54.41561370677968","-7.597083666101699","2026-05-18"
"G D Chalmers Ltd","N/A","N/A","N/A","pmorrow@getchalmers.com","07770 644371","https://www.getchalmers.com","101 Neilston Road, Paisley","Paisley","Scotland","United Kingdom","EV chargepoint installation","Commercial and residential installations","N/A","N/A","N/A","N/A","N/A","N/A","N/A","https://www.gov.uk/electric-vehicle-chargepoint-installers","OZEV-authorised; commercial installs","Scotland","Commercial; Residential","OZEV authorised","55.83332696500001","-4.42254364","2026-05-18"
"G E S (UK) Limited","N/A","N/A","N/A","greg.gesuk@outlook.com","01415786654 / 07975596336","N/A","15 Millersneuk Drive, Lenzie, Glasgow","Glasgow","Scotland","United Kingdom","EV chargepoint installation","Commercial and residential installations","N/A","N/A","N/A","N/A","N/A","N/A","N/A","https://www.gov.uk/electric-vehicle-chargepoint-installers","OZEV-authorised; commercial installs","Scotland","Commercial; Residential","OZEV authorised","55.9224158117647","-4.143394482352941","2026-05-18"
"G E Services (Lim) Ltd","N/A","N/A","N/A","briangeservices@gmail.com","07798 612240","N/A","16 Ballyleagry Road, Limavady","Limavady","Northern Ireland","United Kingdom","EV chargepoint installation","Commercial and residential installations","N/A","N/A","N/A","N/A","N/A","N/A","N/A","https://www.gov.uk/electric-vehicle-chargepoint-installers","OZEV-authorised; commercial installs","Northern Ireland","Commercial; Residential","OZEV authorised","55.01101310454546","-6.906304186363636","2026-05-18"
"G P Mason Electrical Limited","N/A","N/A","N/A","N/A","N/A","N/A","6-8 Durham Road, Southern-On-Sea","Southern-On-Sea","East of England","United Kingdom","EV chargepoint installation","Commercial and residential installations","N/A","N/A","N/A","N/A","N/A","N/A","N/A","https://www.gov.uk/electric-vehicle-chargepoint-installers","OZEV-authorised; commercial installs","East of England","Commercial; Residential","OZEV authorised","51.547286446875006","0.7347308968750002","2026-05-18"
"G powles Building & Electrical Services","N/A","N/A","N/A","N/A","N/A","N/A","41 Glenthorne Road,, Hereford","Hereford","West Midlands","United Kingdom","EV chargepoint installation","Commercial and residential installations","N/A","N/A","N/A","N/A","N/A","N/A","N/A","https://www.gov.uk/electric-vehicle-chargepoint-installers","OZEV-authorised; commercial installs","West Midlands","Commercial; Residential","OZEV authorised","52.07448004444445","-2.7238734044444444","2026-05-18"
"G Tech Electrical UK LTD","N/A","N/A","N/A","gtechelecsolarpv@gmail.com","07775 762588","https://www.gtechelectrical.co.uk","18 Bridge Terrace, Denton Holme, Carlisle","Carlisle","North West","United Kingdom","EV chargepoint installation","Commercial and residential installations","N/A","N/A","N/A","N/A","N/A","N/A","N/A","https://www.gov.uk/electric-vehicle-chargepoint-installers","OZEV-authorised; commercial installs","North West","Commercial; Residential","OZEV authorised","54.88208630909091","-2.940493118181818","2026-05-18"
"G&A Barnie Group Ltd","N/A","N/A","N/A","N/A","N/A","N/A","16 Carsegate Road South, Inverness","Inverness","Scotland","United Kingdom","EV chargepoint installation","Commercial and residential installations","N/A","N/A","N/A","N/A","N/A","N/A","N/A","https://www.gov.uk/electric-vehicle-chargepoint-installers","OZEV-authorised; commercial installs","Scotland","Commercial; Residential","OZEV authorised","57.486565865714276","-4.244562297142858","2026-05-18"
"G.R.D Electrical","N/A","N/A","N/A","grantdodd@hotmail.co.uk","07800 864635","N/A","36 Causeway Street, Kidwelly","Kidwelly","Wales","United Kingdom","EV chargepoint installation","Commercial installations only","N/A","N/A","N/A","N/A","N/A","N/A","N/A","https://www.gov.uk/electric-vehicle-chargepoint-installers","OZEV-authorised; commercial installs","Wales","Commercial","OZEV authorised","51.735706732075485","-4.306403803773586","2026-05-18"
"G.W Electrics (Scotland) Ltd","N/A","N/A","N/A","N/A","N/A","N/A","194 Quarry Street, Hamilton, South Lanarkshire","South Lanarkshire","Scotland","United Kingdom","EV chargepoint installation","Commercial and residential installations","N/A","N/A","N/A","N/A","N/A","N/A","N/A","https://www.gov.uk/electric-vehicle-chargepoint-installers","OZEV-authorised; commercial installs","Scotland","Commercial; Residential","OZEV authorised","55.76397341176471","-4.005151252941176","2026-05-18"
"Garbutt Electrical Services Ltd","N/A","N/A","N/A","steve@ges-electrical.co.uk","07944 298647","https://www.ges­electrical.co.uk","Unit 2K High Force Road, Riverside Park, Middlesbrough","Middlesbrough","North East","United Kingdom","EV chargepoint installation","Commercial and residential installations","N/A","N/A","N/A","N/A","N/A","N/A","N/A","https://www.gov.uk/electric-vehicle-chargepoint-installers","OZEV-authorised; commercial installs","North East","Commercial; Residential","OZEV authorised","54.58608005131576","-1.252752148684212","2026-05-18"
"Garrett Bros","N/A","N/A","N/A","julius@garrettbros.co.uk","07858 073318","https://www.garrettbros.co.uk","Cletts, South Ronaldsay, Orkney","Orkney","Scotland","United Kingdom","EV chargepoint installation","Commercial and residential installations","N/A","N/A","N/A","N/A","N/A","N/A","N/A","https://www.gov.uk/electric-vehicle-chargepoint-installers","OZEV-authorised; commercial installs","Scotland","Commercial; Residential","OZEV authorised","58.81194452424243","-2.93797551969697","2026-05-18"
"Gary Lewis Electrical Services","N/A","N/A","N/A","glewiselectricalservices@gmail.com","07525 182686","N/A","7 Bramble Close, Llanllwcharian, Newtownards","Newtownards","West Midlands","United Kingdom","EV chargepoint installation","Commercial and residential installations","N/A","N/A","N/A","N/A","N/A","N/A","N/A","https://www.gov.uk/electric-vehicle-chargepoint-installers","OZEV-authorised; commercial installs","West Midlands","Commercial; Residential","OZEV authorised","52.52377994285714","-3.2946518142857144","2026-05-18"
"Gayle Electrical Ltd","N/A","N/A","N/A","info@gayle-electrical.co.uk","01216080299 / 07946589372","N/A","48 Old Farm Road, Birmingham","Birmingham","West Midlands","United Kingdom","EV chargepoint installation","Commercial installations only","N/A","N/A","N/A","N/A","N/A","N/A","N/A","https://www.gov.uk/electric-vehicle-chargepoint-installers","OZEV-authorised; commercial installs","West Midlands","Commercial","OZEV authorised","52.4855367611111","-1.8041827277777776","2026-05-18"
"GB Lighting & Electrical","N/A","N/A","N/A","info@invictus-elec.co.uk","N/A","N/A","8 Dale Close, Daventry","Daventry","East Midlands","United Kingdom","EV chargepoint installation","Commercial and residential installations","N/A","N/A","N/A","N/A","N/A","N/A","N/A","https://www.gov.uk/electric-vehicle-chargepoint-installers","OZEV-authorised; commercial installs","East Midlands","Commercial; Residential","OZEV authorised","52.274619091666665","-1.1701570249999997","2026-05-18"
"GDS ELECTRICS LTD T/A STAR Development Group Ltd","N/A","N/A","N/A","steve.taylor@stardg.co.uk","07824 163895","https://www.stardg.co.uk","52 Upper street, Islington","Islington","London","United Kingdom","EV chargepoint installation","Commercial and residential installations","N/A","N/A","N/A","N/A","N/A","N/A","N/A","https://www.gov.uk/electric-vehicle-chargepoint-installers","OZEV-authorised; commercial installs","London","Commercial; Residential","OZEV authorised","51.535511000000035","-0.1053201000000001","2026-05-18"
"Gelvin Electrics","N/A","N/A","N/A","gelvinelectrics@aol.com","07738 061005","N/A","Unit 18, Aghanloo Industrial Estate, Londonderry","Londonderry","Northern Ireland","United Kingdom","EV chargepoint installation","Commercial and residential installations","N/A","N/A","N/A","N/A","N/A","N/A","N/A","https://www.gov.uk/electric-vehicle-chargepoint-installers","OZEV-authorised; commercial installs","Northern Ireland","Commercial; Residential","OZEV authorised","55.073745672131174","-6.931397067213111","2026-05-18"
"GEM ENVIRONMENTAL BUILDING SERVICES LIMITED","N/A","N/A","N/A","artur.rewolt@gemebs.com","N/A","https://www.gemebs.com","130 Shafstesbury Avenue, 2nd Floor, London","London","London","United Kingdom","EV chargepoint installation","Commercial and residential installations","N/A","N/A","N/A","N/A","N/A","N/A","N/A","https://www.gov.uk/electric-vehicle-chargepoint-installers","OZEV-authorised; commercial installs","London","Commercial; Residential","OZEV authorised","51.512674100000034","-0.12970229999999996","2026-05-18"
"Genco Electrical Projects Ltd","N/A","N/A","N/A","john.pearson@gencoelectrical.co.uk","07776 451759","https://www.gencoelectrical.co.uk","9 Colne Road, Huddersfield","Huddersfield","Yorkshire & Humber","United Kingdom","EV chargepoint installation","Commercial and residential installations","N/A","N/A","N/A","N/A","N/A","N/A","N/A","https://www.gov.uk/electric-vehicle-chargepoint-installers","OZEV-authorised; commercial installs","Yorkshire & Humber","Commercial; Residential","OZEV authorised","53.63982944583333","-1.7841302249999995","2026-05-18"
"GENREN UK Ltd","N/A","N/A","N/A","stuart@genren.co.uk","01743 664554","https://www.genren.co.uk","1 Brassey Road, Shrewsbury","Shrewsbury","West Midlands","United Kingdom","EV chargepoint installation","Commercial and residential installations","N/A","N/A","N/A","N/A","N/A","N/A","N/A","https://www.gov.uk/electric-vehicle-chargepoint-installers","OZEV-authorised; commercial installs","West Midlands","Commercial; Residential","OZEV authorised","52.70291439375","-2.74187755625","2026-05-18"
"George Electrical Limited","N/A","N/A","N/A","luke@georgeelectrical.co.uk","07469 951581","N/A","The Union Building, 51-59 Rose Lane, Norwich","Norwich","East of England","United Kingdom","EV chargepoint installation","Commercial and residential installations","N/A","N/A","N/A","N/A","N/A","N/A","N/A","https://www.gov.uk/electric-vehicle-chargepoint-installers","OZEV-authorised; commercial installs","East of England","Commercial; Residential","OZEV authorised","52.62835010731709","1.301375529268292","2026-05-18"
"Gibson & Goold Ayr","N/A","N/A","N/A","N/A","N/A","N/A","3 Old Farm Road,, Ayr","Ayr","Scotland","United Kingdom","EV chargepoint installation","Commercial and residential installations","N/A","N/A","N/A","N/A","N/A","N/A","N/A","https://www.gov.uk/electric-vehicle-chargepoint-installers","OZEV-authorised; commercial installs","Scotland","Commercial; Residential","OZEV authorised","55.47705231999999","-4.599857026666667","2026-05-18"
"Glintedge Limited","N/A","N/A","N/A","ngozi@glintedge.co.uk","07865 145900","N/A","Flat 49 Pinnacle House, 15 Heritage Avenue, London","London","London","United Kingdom","EV chargepoint installation","Commercial and residential installations","N/A","N/A","N/A","N/A","N/A","N/A","N/A","https://www.gov.uk/electric-vehicle-chargepoint-installers","OZEV-authorised; commercial installs","London","Commercial; Residential","OZEV authorised","51.59617590000003","-0.24225320000000025","2026-05-18"
"Global Fire & Security Ltd","N/A","N/A","N/A","james@gfs-group.co.uk","02083 133336","https://www.gfs-group.co.uk/","19 Napier Road, London","London","South East","United Kingdom","EV chargepoint installation","Commercial and residential installations","N/A","N/A","N/A","N/A","N/A","N/A","N/A","https://www.gov.uk/electric-vehicle-chargepoint-installers","OZEV-authorised; commercial installs","South East","Commercial; Residential","OZEV authorised","51.397562876562496","0.024775734375","2026-05-18"
"Gloucester Electrical Contractors Ltd","N/A","N/A","N/A","info@gecinfo.co.uk","07730 131003","N/A","4 Barton Close, Innsworth, Gloucester","Gloucester","South West","United Kingdom","EV chargepoint installation","Commercial and residential installations","N/A","N/A","N/A","N/A","N/A","N/A","N/A","https://www.gov.uk/electric-vehicle-chargepoint-installers","OZEV-authorised; commercial installs","South West","Commercial; Residential","OZEV authorised","51.88398424545455","-2.2039087","2026-05-18"
"glowarm contractors ltd","N/A","N/A","N/A","info@glowarmcontractors.co.uk","07415 283094","N/A","45 Westbourne Road, Luton","Luton","South East","United Kingdom","EV chargepoint installation","Commercial and residential installations","N/A","N/A","N/A","N/A","N/A","N/A","N/A","https://www.gov.uk/electric-vehicle-chargepoint-installers","OZEV-authorised; commercial installs","South East","Commercial; Residential","OZEV authorised","51.8878302289855","-0.433245604347826","2026-05-18"
"Glowbolt Group LTD","N/A","N/A","N/A","N/A","N/A","N/A","Endeavour House, Saville Road, Peterborough","Peterborough","East of England","United Kingdom","EV chargepoint installation","Commercial and residential installations","N/A","N/A","N/A","N/A","N/A","N/A","N/A","https://www.gov.uk/electric-vehicle-chargepoint-installers","OZEV-authorised; commercial installs","East of England","Commercial; Residential","OZEV authorised","52.583933581481496","-0.26394654814814805","2026-05-18"
"GME Electrical Services","N/A","N/A","N/A","contact@gme-electrical.com","01392 949184","https://www.gme-electrical.com","43 Newhayes Close, Exeter","Exeter","South West","United Kingdom","EV chargepoint installation","Commercial and residential installations","N/A","N/A","N/A","N/A","N/A","N/A","N/A","https://www.gov.uk/electric-vehicle-chargepoint-installers","OZEV-authorised; commercial installs","South West","Commercial; Residential","OZEV authorised","50.70882227272727","-3.5437134363636367","2026-05-18"
"Go Evstation Limited","N/A","N/A","N/A","Enquiry@goevstation.co.uk","03300 010991","https://www.goevstation.co.uk","Unit 20, Cottesbrooke Park, Heartlands Business Park, Daventry","Daventry","East Midlands","United Kingdom","EV chargepoint installation","Commercial and residential installations","N/A","N/A","N/A","N/A","N/A","N/A","N/A","https://www.gov.uk/electric-vehicle-chargepoint-installers","OZEV-authorised; commercial installs","East Midlands","Commercial; Residential","OZEV authorised","52.27317188153847","-1.1755872246153847","2026-05-18"
"Goldfinch Electrical Ltd t/a G Electrical Ltd","N/A","N/A","N/A","N/A","N/A","N/A","142 Bishpam Road, Blackpool","Blackpool","North West","United Kingdom","EV chargepoint installation","Commercial and residential installations","N/A","N/A","N/A","N/A","N/A","N/A","N/A","https://www.gov.uk/electric-vehicle-chargepoint-installers","OZEV-authorised; commercial installs","North West","Commercial; Residential","OZEV authorised","53.84264825625002","-3.03246484375","2026-05-18"
"Goodridge Electrical Ltd","N/A","N/A","N/A","info@gel.uk.com","01892 257122","https://www.gel.uk.com/","The Pantiles Chambers, 85 High Street, Tunbridge Wells","Tunbridge Wells","South East","United Kingdom","EV chargepoint installation","Commercial installations only","N/A","N/A","N/A","N/A","N/A","N/A","N/A","https://www.gov.uk/electric-vehicle-chargepoint-installers","OZEV-authorised; commercial installs","South East","Commercial","OZEV authorised","51.12721639999998","0.2600889000000001","2026-05-18"
"Gorsmith Electrical Ltd","N/A","N/A","N/A","N/A","N/A","https://www.gorsmith.co.uk","89 Brintons Road, Southampton","Southampton","N/A","United Kingdom","EV chargepoint installation","Commercial and residential installations","N/A","N/A","N/A","N/A","N/A","N/A","N/A","https://www.gov.uk/electric-vehicle-chargepoint-installers","OZEV-authorised; commercial installs","N/A","Commercial; Residential","OZEV authorised","50.9091516375","-1.3977773624999998","2026-05-18"
"Gower Renewables Limited","N/A","N/A","N/A","info@gowerrenewables.co.uk","01792 002529","https://www.gowerrenewables.co.uk/","Suite 7 - The Hub, Copper Court, Phoenix Way, Swansea Enterprise Park, Swansea","Swansea","Wales","United Kingdom","EV chargepoint installation","Commercial and residential installations","N/A","N/A","N/A","N/A","N/A","N/A","N/A","https://www.gov.uk/electric-vehicle-chargepoint-installers","OZEV-authorised; commercial installs","Wales","Commercial; Residential","OZEV authorised","51.65572534107143","-3.9083314624999974","2026-05-18"
"GP Services (Dumfries) t/a G.P Electric Limited","N/A","N/A","N/A","gordon@gpelectric.co.uk","N/A","https://www.gpelectricalservices.co.uk","127 Annan Road, Dumfries","Dumfries","Scotland","United Kingdom","EV chargepoint installation","Commercial and residential installations","N/A","N/A","N/A","N/A","N/A","N/A","N/A","https://www.gov.uk/electric-vehicle-chargepoint-installers","OZEV-authorised; commercial installs","Scotland","Commercial; Residential","OZEV authorised","55.07054066111112","-3.5940248388888896","2026-05-18"
"Grace Installations Ltd","N/A","N/A","N/A","ianroff.grace@gmail.com","07950 760324","https://www.graceinstallations.co.uk","48 Hayes Chase, West Wickham","West Wickham","South East","United Kingdom","EV chargepoint installation","Commercial and residential installations","N/A","N/A","N/A","N/A","N/A","N/A","N/A","https://www.gov.uk/electric-vehicle-chargepoint-installers","OZEV-authorised; commercial installs","South East","Commercial; Residential","OZEV authorised","51.390415379999986","-0.0008978639999999998","2026-05-18"
"Gray's Services LTD","N/A","N/A","N/A","info@graysservices.co.uk","02082 260209","https://www.graysservices.co.uk/","79 Fourth Avenue, Manor Park, London","London","London","United Kingdom","EV chargepoint installation","Commercial and residential installations","N/A","N/A","N/A","N/A","N/A","N/A","N/A","https://www.gov.uk/electric-vehicle-chargepoint-installers","OZEV-authorised; commercial installs","London","Commercial; Residential","OZEV authorised","51.549825389393924","0.05586375757575759","2026-05-18"
"Green Dream Renewables","N/A","N/A","N/A","info@greendreamrenewables.co.uk","07478 302983","https://www.greendreamrenewables.co.uk","Flat 1 Honeysuckle Court, 43 Grove Road, Sutton, Surrey","Surrey","South East","United Kingdom","EV chargepoint installation","Commercial and residential installations","N/A","N/A","N/A","N/A","N/A","N/A","N/A","https://www.gov.uk/electric-vehicle-chargepoint-installers","OZEV-authorised; commercial installs","South East","Commercial; Residential","OZEV authorised","51.3590417376471","-0.198039611764706","2026-05-18"
"Green Electrical & Maintenance Services Ltd","N/A","N/A","N/A","N/A","N/A","N/A","The Garden Office, 4 Carnegie Road, St Albans","St Albans","South East","United Kingdom","EV chargepoint installation","Commercial and residential installations","N/A","N/A","N/A","N/A","N/A","N/A","N/A","https://www.gov.uk/electric-vehicle-chargepoint-installers","OZEV-authorised; commercial installs","South East","Commercial; Residential","OZEV authorised","51.77122955483871","-0.33766603225806446","2026-05-18"
"Green Electrical Installations Ltd","N/A","N/A","N/A","N/A","N/A","N/A","31 Trensale Avenue, Coventry","Coventry","West Midlands","United Kingdom","EV chargepoint installation","Commercial and residential installations","N/A","N/A","N/A","N/A","N/A","N/A","N/A","https://www.gov.uk/electric-vehicle-chargepoint-installers","OZEV-authorised; commercial installs","West Midlands","Commercial; Residential","OZEV authorised","52.41658140454547","-1.5336471999999999","2026-05-18"
"Green Light Engineering Limited","N/A","N/A","N/A","mark@green-light.co.uk","07984 184390","N/A","Unit 4 Windsor Park, 50 Windsor Avenue, London","London","London","United Kingdom","EV chargepoint installation","Commercial and residential installations","N/A","N/A","N/A","N/A","N/A","N/A","N/A","https://www.gov.uk/electric-vehicle-chargepoint-installers","OZEV-authorised; commercial installs","London","Commercial; Residential","OZEV authorised","51.411414229411754","-0.18510747647058823","2026-05-18"
"Green Warmth Ltd","N/A","N/A","N/A","N/A","N/A","N/A","Unit 10 Withy Bush Trading Estate, Haverfordwest","Haverfordwest","Wales","United Kingdom","EV chargepoint installation","Commercial and residential installations","N/A","N/A","N/A","N/A","N/A","N/A","N/A","https://www.gov.uk/electric-vehicle-chargepoint-installers","OZEV-authorised; commercial installs","Wales","Commercial; Residential","OZEV authorised","51.82534261276597","-4.958701863829788","2026-05-18"
"Greenarc Limited","N/A","N/A","N/A","electrical@greenarc.com","03456 461410","https://www.greenarc.com","Head Office, First Floor, G Mill, Dean Clough, Halifax","Halifax","Yorkshire & Humber","United Kingdom","EV chargepoint installation","Commercial and residential installations","N/A","N/A","N/A","N/A","N/A","N/A","N/A","https://www.gov.uk/electric-vehicle-chargepoint-installers","OZEV-authorised; commercial installs","Yorkshire & Humber","Commercial; Residential","OZEV authorised","53.728198444086","-1.8637172172043022","2026-05-18"
"Greener Home Heating Ltd","N/A","N/A","N/A","greenerhomeheating@gmail.com","07734 426031","https://www.grennerhomeheating.co.uk","Ripabeck, Haverfordwest","Haverfordwest","Wales","United Kingdom","EV chargepoint installation","Commercial and residential installations","N/A","N/A","N/A","N/A","N/A","N/A","N/A","https://www.gov.uk/electric-vehicle-chargepoint-installers","OZEV-authorised; commercial installs","Wales","Commercial; Residential","OZEV authorised","51.874105965","-4.969519720000001","2026-05-18"
"Greener Home Projects Ltd","N/A","N/A","N/A","N/A","N/A","N/A","Room 1 Ashland House, Dobson Park Way, Wigan","Wigan","North West","United Kingdom","EV chargepoint installation","Commercial and residential installations","N/A","N/A","N/A","N/A","N/A","N/A","N/A","https://www.gov.uk/electric-vehicle-chargepoint-installers","OZEV-authorised; commercial installs","North West","Commercial; Residential","OZEV authorised","53.540057399999995","-2.603460322222222","2026-05-18"
"Greenewables Ltd T/A Greenewables, Community EV Charging, EV for Schools","N/A","N/A","N/A","doyle@yemaya.group","07858 510674","https://www.greenewables.net/","Bray House, Duke of York Street, London","London","London","United Kingdom","EV chargepoint installation","Commercial and residential installations","N/A","N/A","N/A","N/A","N/A","N/A","N/A","https://www.gov.uk/electric-vehicle-chargepoint-installers","OZEV-authorised; commercial installs","London","Commercial; Residential","OZEV authorised","51.508067","-0.1363038","2026-05-18"
"Greens Power & Controls Limited","N/A","N/A","N/A","info@gpcltd.net","07787 971936","https://www.gpcltd.net","32 Silcoates Lane,Wrenthorpe,, Wakefield","Wakefield","Yorkshire & Humber","United Kingdom","EV chargepoint installation","Commercial and residential installations","N/A","N/A","N/A","N/A","N/A","N/A","N/A","https://www.gov.uk/electric-vehicle-chargepoint-installers","OZEV-authorised; commercial installs","Yorkshire & Humber","Commercial; Residential","OZEV authorised","53.696725121951246","-1.5283172341463414","2026-05-18"
"Greentick Electrical","N/A","N/A","N/A","jordanledger@greentickelectrical.co.uk","01482 422710","https://www.greentickelectrical.co.uk/","Unit C Upton Street,, Hull","Hull","Yorkshire & Humber","United Kingdom","EV chargepoint installation","Commercial and residential installations","N/A","N/A","N/A","N/A","N/A","N/A","N/A","https://www.gov.uk/electric-vehicle-chargepoint-installers","OZEV-authorised; commercial installs","Yorkshire & Humber","Commercial; Residential","OZEV authorised","53.755746631250005","-0.320440575","2026-05-18"
"Greenway Electrical","N/A","N/A","N/A","dan@greenwayelectrical.uk","07803 340890","https://www.greenwayelectrical.uk","19 Greenway Crescent, Taunton","Taunton","South West","United Kingdom","EV chargepoint installation","Commercial and residential installations","N/A","N/A","N/A","N/A","N/A","N/A","N/A","https://www.gov.uk/electric-vehicle-chargepoint-installers","OZEV-authorised; commercial installs","South West","Commercial; Residential","OZEV authorised","51.028357453125004","-3.10966616875","2026-05-18"
"Greg Palmer Electrical Services","N/A","N/A","N/A","greg.palmer20@hotmail.com","07790 927730","N/A","15 Ridgebourne close, Llandrindod Wells","Llandrindod Wells","Wales","United Kingdom","EV chargepoint installation","Commercial and residential installations","N/A","N/A","N/A","N/A","N/A","N/A","N/A","https://www.gov.uk/electric-vehicle-chargepoint-installers","OZEV-authorised; commercial installs","Wales","Commercial; Residential","OZEV authorised","52.232020635000005","-3.3813707750000006","2026-05-18"
"Grid Set Construction Limited","N/A","N/A","N/A","yasir@grid-set.co.uk","07538 756485","https://www.grid-set.co.uk/gridset","1st & 2nd Floor, 32-38 Stafford Street, Leonard Coates Way, Stoke-on-Trent","Stoke-on-Trent","West Midlands","United Kingdom","EV chargepoint installation","Commercial and residential installations","N/A","N/A","N/A","N/A","N/A","N/A","N/A","https://www.gov.uk/electric-vehicle-chargepoint-installers","OZEV-authorised; commercial installs","West Midlands","Commercial; Residential","OZEV authorised","53.025146","-2.175647","2026-05-18"
"GU Solutions Ltd","N/A","N/A","N/A","info@gusolutions.co.uk","01256 473326","https://www.gusolutions.co.uk","68 Bounty Road, Basingstoke","Basingstoke","South East","United Kingdom","EV chargepoint installation","Commercial and residential installations","N/A","N/A","N/A","N/A","N/A","N/A","N/A","https://www.gov.uk/electric-vehicle-chargepoint-installers","OZEV-authorised; commercial installs","South East","Commercial; Residential","OZEV authorised","51.26030116666666","-1.09137286","2026-05-18"
"Gulley Electrical Ltd","N/A","N/A","N/A","N/A","N/A","N/A","Barnwood Point, Corinium Avenue, Barnwood, Gloucester","Gloucester","South West","United Kingdom","EV chargepoint installation","Commercial and residential installations","N/A","N/A","N/A","N/A","N/A","N/A","N/A","https://www.gov.uk/electric-vehicle-chargepoint-installers","OZEV-authorised; commercial installs","South West","Commercial; Residential","OZEV authorised","51.866544861111116","-2.2086625185185187","2026-05-18"
"Gunn Electrical","N/A","N/A","N/A","N/A","N/A","N/A","21 Epworth Close, Truro, Cornwall","Cornwall","South West","United Kingdom","EV chargepoint installation","Commercial and residential installations","N/A","N/A","N/A","N/A","N/A","N/A","N/A","https://www.gov.uk/electric-vehicle-chargepoint-installers","OZEV-authorised; commercial installs","South West","Commercial; Residential","OZEV authorised","50.262436399999984","-5.043471273333334","2026-05-18"
"GW Power-Safe Ltd","N/A","N/A","N/A","info@gwpower.co.uk","01482 429354","https://www.gwpower.co.uk","80 Scott Street, Hull","Hull","Yorkshire & Humber","United Kingdom","EV chargepoint installation","Commercial and residential installations","N/A","N/A","N/A","N/A","N/A","N/A","N/A","https://www.gov.uk/electric-vehicle-chargepoint-installers","OZEV-authorised; commercial installs","Yorkshire & Humber","Commercial; Residential","OZEV authorised","53.75021503095239","-0.3355602666666667","2026-05-18"
"H & J EV Solutions Ltd","N/A","N/A","N/A","dartford@mrcharger.co.uk","07581 145558","https://www.mrcharger.co.uk","33 Palmerston Road, London","London","London","United Kingdom","EV chargepoint installation","Commercial and residential installations","N/A","N/A","N/A","N/A","N/A","N/A","N/A","https://www.gov.uk/electric-vehicle-chargepoint-installers","OZEV-authorised; commercial installs","London","Commercial; Residential","OZEV authorised","51.58692651355932","-0.029801381355932206","2026-05-18"
"H Gollop Ltd T/A EcoSmart Electrical & Renewables","N/A","N/A","N/A","info@be-ecosmart.co.uk","07896 871481","https://www.ecosmartelectricalservices.co.uk","9 Cornwall Rd, Rochester","Rochester","South East","United Kingdom","EV chargepoint installation","Commercial and residential installations","N/A","N/A","N/A","N/A","N/A","N/A","N/A","https://www.gov.uk/electric-vehicle-chargepoint-installers","OZEV-authorised; commercial installs","South East","Commercial; Residential","OZEV authorised","51.37886592692309","0.49967508461538457","2026-05-18"
"H.E Services","N/A","N/A","N/A","N/A","N/A","N/A","Whitewall Road, Medway City Estate, Strood","Strood","South East","United Kingdom","EV chargepoint installation","Commercial and residential installations","N/A","N/A","N/A","N/A","N/A","N/A","N/A","https://www.gov.uk/electric-vehicle-chargepoint-installers","OZEV-authorised; commercial installs","South East","Commercial; Residential","OZEV authorised","51.3985661861111","0.5110673833333333","2026-05-18"
"HAGE Engineers Limited","N/A","N/A","N/A","N/A","N/A","N/A","1 Madrepore Road, Torquay","Torquay","South West","United Kingdom","EV chargepoint installation","Commercial and residential installations","N/A","N/A","N/A","N/A","N/A","N/A","N/A","https://www.gov.uk/electric-vehicle-chargepoint-installers","OZEV-authorised; commercial installs","South West","Commercial; Residential","OZEV authorised","50.465379010294114","-3.5265264147058835","2026-05-18"
"Hannaby & Jones LTD","N/A","N/A","N/A","info@hannabyandjones.co.uk","01978 313639","https://www.hannabyandjones.co.uk","17 Ffordd Ystrad, Wrexham","Wrexham","Wales","United Kingdom","EV chargepoint installation","Commercial and residential installations","N/A","N/A","N/A","N/A","N/A","N/A","N/A","https://www.gov.uk/electric-vehicle-chargepoint-installers","OZEV-authorised; commercial installs","Wales","Commercial; Residential","OZEV authorised","53.03511817199999","-2.99694125","2026-05-18"
"Harkins & Vickers Electrical Solutions Ltd","N/A","N/A","N/A","edinburgh@harkinsandvickers.co.uk","01312 253205","https://www.harkinsandvickers.co.uk","1 Rodney Street, Edinburgh","Edinburgh","Scotland","United Kingdom","EV chargepoint installation","Commercial and residential installations","N/A","N/A","N/A","N/A","N/A","N/A","N/A","https://www.gov.uk/electric-vehicle-chargepoint-installers","OZEV-authorised; commercial installs","Scotland","Commercial; Residential","OZEV authorised","55.96215641249998","-3.1966896625000008","2026-05-18"
"Harry Burnicle Electrical and Mechanical Contractors","N/A","N/A","N/A","info@harryburnicle.com","01915 676780","https://www.harryburnicle.com","216 Hylton Road, Sunderland","Sunderland","North East","United Kingdom","EV chargepoint installation","Commercial and residential installations","N/A","N/A","N/A","N/A","N/A","N/A","N/A","https://www.gov.uk/electric-vehicle-chargepoint-installers","OZEV-authorised; commercial installs","North East","Commercial; Residential","OZEV authorised","54.90550100588236","-1.4079054058823528","2026-05-18"
"Harvey Electrical Services (Northern) Ltd","N/A","N/A","N/A","N/A","N/A","N/A","Birch House, 80 Eastmount Road, Darlington","Darlington","North East","United Kingdom","EV chargepoint installation","Commercial and residential installations","N/A","N/A","N/A","N/A","N/A","N/A","N/A","https://www.gov.uk/electric-vehicle-chargepoint-installers","OZEV-authorised; commercial installs","North East","Commercial; Residential","OZEV authorised","54.53166966000003","-1.5463310292307682","2026-05-18"
"HD Electrical (Bridgend)","N/A","N/A","N/A","glyndw07@hotmail.co.uk","07890 346586","N/A","18 Nant Ffornwg,, Bridgend","Bridgend","Wales","United Kingdom","EV chargepoint installation","Commercial and residential installations","N/A","N/A","N/A","N/A","N/A","N/A","N/A","https://www.gov.uk/electric-vehicle-chargepoint-installers","OZEV-authorised; commercial installs","Wales","Commercial; Residential","OZEV authorised","51.51687023103448","-3.601575948275862","2026-05-18"
"Heatelec","N/A","N/A","N/A","info@heatelec.uk","01442 386988","https://www.heatelec.uk","29 Oakdene Road, Nash Mills,, Hemel Hempstead","Hemel Hempstead","South East","United Kingdom","EV chargepoint installation","Commercial and residential installations","N/A","N/A","N/A","N/A","N/A","N/A","N/A","https://www.gov.uk/electric-vehicle-chargepoint-installers","OZEV-authorised; commercial installs","South East","Commercial; Residential","OZEV authorised","51.73574205853659","-0.4542924658536586","2026-05-18"
"Helios Eco Energy Ltd","N/A","N/A","N/A","N/A","N/A","N/A","Sinderland Bic, Wearfield, Sunderland","Sunderland","North East","United Kingdom","EV chargepoint installation","Commercial and residential installations","N/A","N/A","N/A","N/A","N/A","N/A","N/A","https://www.gov.uk/electric-vehicle-chargepoint-installers","OZEV-authorised; commercial installs","North East","Commercial; Residential","OZEV authorised","54.91828370169494","-1.4152796830508472","2026-05-18"
"Helix-50","N/A","N/A","N/A","N/A","N/A","N/A","GreyFriars House, Sidings Court, Doncaster","Doncaster","Yorkshire & Humber","United Kingdom","EV chargepoint installation","Commercial and residential installations","N/A","N/A","N/A","N/A","N/A","N/A","N/A","https://www.gov.uk/electric-vehicle-chargepoint-installers","OZEV-authorised; commercial installs","Yorkshire & Humber","Commercial; Residential","OZEV authorised","53.50828512413793","-1.121825068965517","2026-05-18"
"Hemway Maintenance Services Limited","N/A","N/A","N/A","N/A","N/A","https://www.hemway.uk.com","7-9 Macon Court, Crewe, Cheshire","Cheshire","North West","United Kingdom","EV chargepoint installation","Commercial and residential installations","N/A","N/A","N/A","N/A","N/A","N/A","N/A","https://www.gov.uk/electric-vehicle-chargepoint-installers","OZEV-authorised; commercial installs","North West","Commercial; Residential","OZEV authorised","53.092331759649106","-2.4316501403508766","2026-05-18"
"Hereford Energy Solutions Ltd","N/A","N/A","N/A","george.burrows@hesrenewables.co.uk","01432 808782","https://www.hesrenewables.co.uk","Unit 4, 178 Widemarsh Street, Hereford","Hereford","West Midlands","United Kingdom","EV chargepoint installation","Commercial and residential installations","N/A","N/A","N/A","N/A","N/A","N/A","N/A","https://www.gov.uk/electric-vehicle-chargepoint-installers","OZEV-authorised; commercial installs","West Midlands","Commercial; Residential","OZEV authorised","52.06166905254236","-2.7141221694915263","2026-05-18"
"Heywood Electrical","N/A","N/A","N/A","N/A","N/A","N/A","Hyfrydle, Hall Park, Haverfordwest","Haverfordwest","Wales","United Kingdom","EV chargepoint installation","Commercial and residential installations","N/A","N/A","N/A","N/A","N/A","N/A","N/A","https://www.gov.uk/electric-vehicle-chargepoint-installers","OZEV-authorised; commercial installs","Wales","Commercial; Residential","OZEV authorised","51.810074786666654","-4.963694433333334","2026-05-18"
"HHS Electrical Ltd","N/A","N/A","N/A","N/A","N/A","N/A","34a Musters Road, West Bridgford, Nottingham","Nottingham","East Midlands","United Kingdom","EV chargepoint installation","Commercial and residential installations","N/A","N/A","N/A","N/A","N/A","N/A","N/A","https://www.gov.uk/electric-vehicle-chargepoint-installers","OZEV-authorised; commercial installs","East Midlands","Commercial; Residential","OZEV authorised","52.93533701999999","-1.1334293057142852","2026-05-18"
"Hi-Spec Electrical Services Ltd","N/A","N/A","N/A","N/A","N/A","N/A","169 Gatley Rd, Gatley, Cheshire","Cheshire","North West","United Kingdom","EV chargepoint installation","Commercial and residential installations","N/A","N/A","N/A","N/A","N/A","N/A","N/A","https://www.gov.uk/electric-vehicle-chargepoint-installers","OZEV-authorised; commercial installs","North West","Commercial; Residential","OZEV authorised","53.39257484722222","-2.234060797222222","2026-05-18"
"Higgy's Electrical Services Ltd","N/A","N/A","N/A","info@higgyselectrical.co.uk","07904 865008","N/A","31 Chestnut Way, Dorchester, Dorset","Dorset","South West","United Kingdom","EV chargepoint installation","Commercial and residential installations","N/A","N/A","N/A","N/A","N/A","N/A","N/A","https://www.gov.uk/electric-vehicle-chargepoint-installers","OZEV-authorised; commercial installs","South West","Commercial; Residential","OZEV authorised","50.715359934615385","-2.4528741230769233","2026-05-18"
"Highland Solar Solutions Ltd","N/A","N/A","N/A","jeff@highlandsolarsolutions.com","01463 210577","https://www.highlandsolarsolutions.com/","Unit 8, 43 Harbour Road, Inverness","Inverness","Scotland","United Kingdom","EV chargepoint installation","Commercial and residential installations","N/A","N/A","N/A","N/A","N/A","N/A","N/A","https://www.gov.uk/electric-vehicle-chargepoint-installers","OZEV-authorised; commercial installs","Scotland","Commercial; Residential","OZEV authorised","57.48433281029411","-4.206935247058825","2026-05-18"
"Hill Electrical Ltd","N/A","N/A","N/A","info@ghillelectrical.co.uk","07900 568389","N/A","Unit 5/6 Abercorn Industrial Estate, Abercorn Street, Paisley","Paisley","Scotland","United Kingdom","EV chargepoint installation","Commercial and residential installations","N/A","N/A","N/A","N/A","N/A","N/A","N/A","https://www.gov.uk/electric-vehicle-chargepoint-installers","OZEV-authorised; commercial installs","Scotland","Commercial; Residential","OZEV authorised","55.85323424285713","-4.420917245714288","2026-05-18"
"HJEC Limited","N/A","N/A","N/A","N/A","N/A","N/A","Unit 22, Crosby Yard,, Bridgend","Bridgend","Wales","United Kingdom","EV chargepoint installation","Commercial and residential installations","N/A","N/A","N/A","N/A","N/A","N/A","N/A","https://www.gov.uk/electric-vehicle-chargepoint-installers","OZEV-authorised; commercial installs","Wales","Commercial; Residential","OZEV authorised","51.51457314102564","-3.580799430769231","2026-05-18"
"HJT Electrical","N/A","N/A","N/A","sales@hjtelectrical.co.uk","01248 712045","https://www.hjtelectrical.co.uk","12 Lon Isaf, Menai Bridge","Menai Bridge","Wales","United Kingdom","EV chargepoint installation","Commercial and residential installations","N/A","N/A","N/A","N/A","N/A","N/A","N/A","https://www.gov.uk/electric-vehicle-chargepoint-installers","OZEV-authorised; commercial installs","Wales","Commercial; Residential","OZEV authorised","53.2309899081081","-4.172632729729729","2026-05-18"
"HKG Electrical Services t/a HKG Services","N/A","N/A","N/A","info@hkgelectrical.co.uk","02037 332334","https://www.hkgelectrical.co.uk","6 Derwent Avenue, London","London","London","United Kingdom","EV chargepoint installation","Commercial and residential installations","N/A","N/A","N/A","N/A","N/A","N/A","N/A","https://www.gov.uk/electric-vehicle-chargepoint-installers","OZEV-authorised; commercial installs","London","Commercial; Residential","OZEV authorised","51.61411573913044","-0.08553389565217392","2026-05-18"
"Holly Tree Maintenance Ltd","N/A","N/A","N/A","severitt@hollytreemaintenance.co.uk","01616 523838","https://www.hollytreemaintenance.co.uk","Unit 8, Pennant Industrial Est, Pennant Street, Oldham","Oldham","North West","United Kingdom","EV chargepoint installation","Commercial and residential installations","N/A","N/A","N/A","N/A","N/A","N/A","N/A","https://www.gov.uk/electric-vehicle-chargepoint-installers","OZEV-authorised; commercial installs","North West","Commercial; Residential","OZEV authorised","53.54671512857143","-2.094251857142857","2026-05-18"
"Home Electrics","N/A","N/A","N/A","N/A","07958 416840","N/A","48 Norman Crescent, Hounslow","Hounslow","South East","United Kingdom","EV chargepoint installation","Commercial and residential installations","N/A","N/A","N/A","N/A","N/A","N/A","N/A","https://www.gov.uk/electric-vehicle-chargepoint-installers","OZEV-authorised; commercial installs","South East","Commercial; Residential","OZEV authorised","51.48315548666667","-0.3923968166666666","2026-05-18"
"Home Exeter Limited","N/A","N/A","N/A","N/A","N/A","N/A","Unit 27, Exeter Buisness Centre, 39 Marsh Green Road, Exeter","Exeter","South West","United Kingdom","EV chargepoint installation","Commercial and residential installations","N/A","N/A","N/A","N/A","N/A","N/A","N/A","https://www.gov.uk/electric-vehicle-chargepoint-installers","OZEV-authorised; commercial installs","South West","Commercial; Residential","OZEV authorised","50.705917676744185","-3.53108642209302","2026-05-18"
"Home Insulation Services Ltd","N/A","N/A","N/A","info@hisuk.co.uk","N/A","https://www.hisuk.co.uk","Clifton House, Clifton Road, Blackpool","Blackpool","North West","United Kingdom","EV chargepoint installation","Commercial and residential installations","N/A","N/A","N/A","N/A","N/A","N/A","N/A","https://www.gov.uk/electric-vehicle-chargepoint-installers","OZEV-authorised; commercial installs","North West","Commercial; Residential","OZEV authorised","53.798468959649135","-3.0065002385964905","2026-05-18"
"House Group Developments Ltd T/A WA-ev Charge","N/A","N/A","N/A","joe.fogel@waevcharge.co.uk","0330 043 1353","https://www.waevcharge.co.uk","46 Carr Street, Ipswich","Ipswich","East of England","United Kingdom","EV chargepoint installation","Commercial and residential installations","N/A","N/A","N/A","N/A","N/A","N/A","N/A","https://www.gov.uk/electric-vehicle-chargepoint-installers","OZEV-authorised; commercial installs","East of England","Commercial; Residential","OZEV authorised","52.05724573333333","1.15861995","2026-05-18"
"HRC Electrical LTD","N/A","N/A","N/A","hrcelectricalinfo@gmail.com","07932 223788","https://www.HRCelectrical.co.uk","23 Stokesay Road, Wellington","Wellington","West Midlands","United Kingdom","EV chargepoint installation","Commercial and residential installations","N/A","N/A","N/A","N/A","N/A","N/A","N/A","https://www.gov.uk/electric-vehicle-chargepoint-installers","OZEV-authorised; commercial installs","West Midlands","Commercial; Residential","OZEV authorised","52.71049225599999","-2.53147212","2026-05-18"
"HS Elite Electricians LTD T/A Fife Electricians","N/A","N/A","N/A","admin@fifeelectricians.co.uk","01592 407374","https://www.fife-electricians.com","52 Pentland Place, Kirkcaldy, Fife","Fife","Scotland","United Kingdom","EV chargepoint installation","Commercial and residential installations","N/A","N/A","N/A","N/A","N/A","N/A","N/A","https://www.gov.uk/electric-vehicle-chargepoint-installers","OZEV-authorised; commercial installs","Scotland","Commercial; Residential","OZEV authorised","56.121083871875015","-3.1821981875000005","2026-05-18"
"Hunter Electrics Ltd","N/A","N/A","N/A","hunterelectrics@talk21.com","02881671431 / 07736127991","N/A","16 Lisnacloon Road, Castlederg, County Tyrone","County Tyrone","Northern Ireland","United Kingdom","EV chargepoint installation","Commercial and residential installations","N/A","N/A","N/A","N/A","N/A","N/A","N/A","https://www.gov.uk/electric-vehicle-chargepoint-installers","OZEV-authorised; commercial installs","Northern Ireland","Commercial; Residential","OZEV authorised","54.70403213658536","-7.661029173170732","2026-05-18"
"Hutchison Electrical Services Ltd","N/A","N/A","N/A","info@hutchisonelectrical.net","07921 516501","N/A","Unit 3 Peddie Street, Dundee","Dundee","Scotland","United Kingdom","EV chargepoint installation","Commercial and residential installations","N/A","N/A","N/A","N/A","N/A","N/A","N/A","https://www.gov.uk/electric-vehicle-chargepoint-installers","OZEV-authorised; commercial installs","Scotland","Commercial; Residential","OZEV authorised","56.45810188","-2.992961573333333","2026-05-18"
"Huw Field Electrical Services Ltd","N/A","N/A","N/A","huwfield@btinternet.com","07940 723998","N/A","41 Beeches Park, Boughrood, Brecon","Brecon","Wales","United Kingdom","EV chargepoint installation","Commercial and residential installations","N/A","N/A","N/A","N/A","N/A","N/A","N/A","https://www.gov.uk/electric-vehicle-chargepoint-installers","OZEV-authorised; commercial installs","Wales","Commercial; Residential","OZEV authorised","52.039949150819666","-3.269418163934426","2026-05-18"
"Hyde Electrical Division","N/A","N/A","N/A","Info@hydedivision.com","07713 743994","https://www.hydedivision.com","40 Robert Road, Tipton, West Midlands","West Midlands","West Midlands","United Kingdom","EV chargepoint installation","Commercial and residential installations","N/A","N/A","N/A","N/A","N/A","N/A","N/A","https://www.gov.uk/electric-vehicle-chargepoint-installers","OZEV-authorised; commercial installs","West Midlands","Commercial; Residential","OZEV authorised","52.531898467272725","-2.0622725600000003","2026-05-18"
"I C Electrical Services Ltd","N/A","N/A","N/A","info@icelectricaluk.com","07736 681498","https://www.icelectricaluk.com","20 Marks Road,, Romford","Romford","South East","United Kingdom","EV chargepoint installation","Commercial and residential installations","N/A","N/A","N/A","N/A","N/A","N/A","N/A","https://www.gov.uk/electric-vehicle-chargepoint-installers","OZEV-authorised; commercial installs","South East","Commercial; Residential","OZEV authorised","51.577217662857144","0.17085380142857134","2026-05-18"
"I E D Installations Ltd","N/A","N/A","N/A","steve.edwards@ied-uk.com","01514 278500","https://www.ied-uk.com","16 Skyhawk av, Dakota Business Park, Liverpool","Liverpool","North West","United Kingdom","EV chargepoint installation","Commercial and residential installations","N/A","N/A","N/A","N/A","N/A","N/A","N/A","https://www.gov.uk/electric-vehicle-chargepoint-installers","OZEV-authorised; commercial installs","North West","Commercial; Residential","OZEV authorised","53.34891870588235","-2.884954135294118","2026-05-18"
"I S McKenna Electrical Contrcators","N/A","N/A","N/A","N/A","N/A","N/A","Unit L Charles Bowman Avenue, Claverhouse Industrail Park, Dundee","Dundee","Scotland","United Kingdom","EV chargepoint installation","Commercial and residential installations","N/A","N/A","N/A","N/A","N/A","N/A","N/A","https://www.gov.uk/electric-vehicle-chargepoint-installers","OZEV-authorised; commercial installs","Scotland","Commercial; Residential","OZEV authorised","56.49383894444444","-2.9538267222222214","2026-05-18"
"I.B. Electrical Services","N/A","N/A","N/A","i.boron@live.co.uk","07877 735939","N/A","36 Fourth Avenue, Romford","Romford","South East","United Kingdom","EV chargepoint installation","Commercial and residential installations","N/A","N/A","N/A","N/A","N/A","N/A","N/A","https://www.gov.uk/electric-vehicle-chargepoint-installers","OZEV-authorised; commercial installs","South East","Commercial; Residential","OZEV authorised","51.5626153108108","0.1730211027027027","2026-05-18"
"Iain Craig Electrical","N/A","N/A","N/A","N/A","N/A","N/A","2 Arthur Park, Perth","Perth","Scotland","United Kingdom","EV chargepoint installation","Commercial and residential installations","N/A","N/A","N/A","N/A","N/A","N/A","N/A","https://www.gov.uk/electric-vehicle-chargepoint-installers","OZEV-authorised; commercial installs","Scotland","Commercial; Residential","OZEV authorised","56.386497077142856","-3.460697402857143","2026-05-18"
"Ian Donnelly Electrical Services","N/A","N/A","N/A","iandonn@hotmail.com","07590 008994","N/A","13 Lomond Grove, Cumbernauld","Cumbernauld","Scotland","United Kingdom","EV chargepoint installation","Commercial and residential installations","N/A","N/A","N/A","N/A","N/A","N/A","N/A","https://www.gov.uk/electric-vehicle-chargepoint-installers","OZEV-authorised; commercial installs","Scotland","Commercial; Residential","OZEV authorised","55.93576942799999","-4.018000612000002","2026-05-18"
"Ian Ellis Electrical Services","N/A","N/A","N/A","ianelliselec@btinternet.com","07990 547328","https://www.ianelliselectricalservices.co.uk","10 Penymaes Avenue,, Wrexham","Wrexham","Wales","United Kingdom","EV chargepoint installation","Commercial and residential installations","N/A","N/A","N/A","N/A","N/A","N/A","N/A","https://www.gov.uk/electric-vehicle-chargepoint-installers","OZEV-authorised; commercial installs","Wales","Commercial; Residential","OZEV authorised","53.05227883043477","-2.988385286956522","2026-05-18"
"Ian Jones Electrical Contractors Ltd","N/A","N/A","N/A","N/A","N/A","N/A","Unit 3 Village Workshops, Caersws","Caersws","West Midlands","United Kingdom","EV chargepoint installation","Commercial and residential installations","N/A","N/A","N/A","N/A","N/A","N/A","N/A","https://www.gov.uk/electric-vehicle-chargepoint-installers","OZEV-authorised; commercial installs","West Midlands","Commercial; Residential","OZEV authorised","52.51625114285714","-3.430500742857143","2026-05-18"
"Ian Lambert T/A E-lectrical","N/A","N/A","N/A","Ianlambert@e-lectrical.net","07412 561536","N/A","163 Widemarch Street, Hereford","Hereford","West Midlands","United Kingdom","EV chargepoint installation","Commercial and residential installations","N/A","N/A","N/A","N/A","N/A","N/A","N/A","https://www.gov.uk/electric-vehicle-chargepoint-installers","OZEV-authorised; commercial installs","West Midlands","Commercial; Residential","OZEV authorised","52.06214399189189","-2.715133294594595","2026-05-18"
"IDA Projects Ltd","N/A","N/A","N/A","stan@idaprojects.co.uk","07816 841967","https://www.idaprojects.co.uk","151 Booth Road, London","London","London","United Kingdom","EV chargepoint installation","Commercial and residential installations","N/A","N/A","N/A","N/A","N/A","N/A","N/A","https://www.gov.uk/electric-vehicle-chargepoint-installers","OZEV-authorised; commercial installs","London","Commercial; Residential","OZEV authorised","51.599494480000004","-0.2546830828571429","2026-05-18"
"Ideal Construction and Interiors Ltd","N/A","N/A","N/A","idealci@ymail.com","N/A","N/A","72 Meadfield Road, Langley, Slough","Slough","South East","United Kingdom","EV chargepoint installation","Commercial and residential installations","N/A","N/A","N/A","N/A","N/A","N/A","N/A","https://www.gov.uk/electric-vehicle-chargepoint-installers","OZEV-authorised; commercial installs","South East","Commercial; Residential","OZEV authorised","51.504656086046516","-0.5361403860465116","2026-05-18"
"Ideal Electrical Solutions (UK) Ltd","N/A","N/A","N/A","info@ies-edinburgh.co.uk","01312 582750","https://www.ies-edinburgh.co.uk","4-5 Parsons Green Terrace, Edinburgh","Edinburgh","Scotland","United Kingdom","EV chargepoint installation","Commercial and residential installations","N/A","N/A","N/A","N/A","N/A","N/A","N/A","https://www.gov.uk/electric-vehicle-chargepoint-installers","OZEV-authorised; commercial installs","Scotland","Commercial; Residential","OZEV authorised","55.95506321891893","-3.1541020297297284","2026-05-18"
"IDM Energy Limited","N/A","N/A","N/A","info@idmenergy.co.uk","01463213480 / 07920747177","https://www.idmenergy.co.uk","4a Seafield Road, Inverness","Inverness","Scotland","United Kingdom","EV chargepoint installation","Commercial and residential installations","N/A","N/A","N/A","N/A","N/A","N/A","N/A","https://www.gov.uk/electric-vehicle-chargepoint-installers","OZEV-authorised; commercial installs","Scotland","Commercial; Residential","OZEV authorised","57.48812489066667","-4.213908146666666","2026-05-18"
"IDS Electrical Contractors Ltd","N/A","N/A","N/A","David@ids-electrical.co.uk","01418871447 / 07789932227","https://www.Ids-electrical.co.uk","27a Blackhall Street, Paisley","Paisley","Scotland","United Kingdom","EV chargepoint installation","Commercial and residential installations","N/A","N/A","N/A","N/A","N/A","N/A","N/A","https://www.gov.uk/electric-vehicle-chargepoint-installers","OZEV-authorised; commercial installs","Scotland","Commercial; Residential","OZEV authorised","55.83983760666668","-4.413557659999999","2026-05-18"
"Impact Electrical Ltd","N/A","N/A","N/A","N/A","N/A","N/A","18 Grange Road,, Guilford","Guilford","South East","United Kingdom","EV chargepoint installation","Commercial and residential installations","N/A","N/A","N/A","N/A","N/A","N/A","N/A","https://www.gov.uk/electric-vehicle-chargepoint-installers","OZEV-authorised; commercial installs","South East","Commercial; Residential","OZEV authorised","51.255627614285714","-0.5869763914285715","2026-05-18"
"Impact Renewable Energy Ltd","N/A","N/A","N/A","info@impact-services.co.uk","01603 304306","https://www.impact-services.co.uk","45 Roundtree Way, Norwich","Norwich","East of England","United Kingdom","EV chargepoint installation","Commercial and residential installations","N/A","N/A","N/A","N/A","N/A","N/A","N/A","https://www.gov.uk/electric-vehicle-chargepoint-installers","OZEV-authorised; commercial installs","East of England","Commercial; Residential","OZEV authorised","52.64830710588236","1.323909005882353","2026-05-18"
"Impra Charge Ltd","N/A","N/A","N/A","contact@impracharge.co.uk","N/A","https://www.impracharge.co.uk","28-29 Maxwell Road, Peterborough","Peterborough","East of England","United Kingdom","EV chargepoint installation","Commercial and residential installations","N/A","N/A","N/A","N/A","N/A","N/A","N/A","https://www.gov.uk/electric-vehicle-chargepoint-installers","OZEV-authorised; commercial installs","East of England","Commercial; Residential","OZEV authorised","52.55741988421052","-0.2603416342105261","2026-05-18"
"IMSERV Europe Ltd","N/A","N/A","N/A","colin.kristiansen@imserv.com","01908696000 / 07753904279","https://www.imserv.com","Cygnus, Sunrise Parkway, Linford Wood, Milton Keynes","Milton Keynes","South East","United Kingdom","EV chargepoint installation","Commercial installations only","N/A","N/A","N/A","N/A","N/A","N/A","N/A","https://www.gov.uk/electric-vehicle-chargepoint-installers","OZEV-authorised; commercial installs","South East","Commercial","OZEV authorised","52.05752559791666","-0.7594333333333333","2026-05-18"
"In Charge Construction Limited","N/A","N/A","N/A","info@inchargeconstruction.co.uk","01325 522281","https://www.inchargeconstruction.co.uk","Unit 2 Evolution Business Park, Barrington Way, Darlington","Darlington","North East","United Kingdom","EV chargepoint installation","Commercial and residential installations","N/A","N/A","N/A","N/A","N/A","N/A","N/A","https://www.gov.uk/electric-vehicle-chargepoint-installers","OZEV-authorised; commercial installs","North East","Commercial; Residential","OZEV authorised","54.523207068750004","-1.51216543125","2026-05-18"
"Infinnerty Electrical Ltd","N/A","N/A","N/A","N/A","N/A","N/A","4 Weston Drive, Cheadle Hulme, Stockport","Stockport","North West","United Kingdom","EV chargepoint installation","Commercial and residential installations","N/A","N/A","N/A","N/A","N/A","N/A","N/A","https://www.gov.uk/electric-vehicle-chargepoint-installers","OZEV-authorised; commercial installs","North West","Commercial; Residential","OZEV authorised","53.388166649999995","-2.1739036687500004","2026-05-18"
"Inpulze Electrical Ltd","N/A","N/A","N/A","info@inpulze.co.uk","03337 729476","https://www.inpulzeelectrical.co.uk/","Office 424, KG Business Centre, Kingsfield Close, Northampton","Northampton","East Midlands","United Kingdom","EV chargepoint installation","Commercial and residential installations","N/A","N/A","N/A","N/A","N/A","N/A","N/A","https://www.gov.uk/electric-vehicle-chargepoint-installers","OZEV-authorised; commercial installs","East Midlands","Commercial; Residential","OZEV authorised","52.25257826744187","-0.9179354872093024","2026-05-18"
"Inspect & Test Services Ltd","N/A","N/A","N/A","gordon@insppectandtestservices.co.uk","07714 950546","https://www.inspectandtestservices.co.uk","12 Drumreaney Gardens, Castlecaulfield, Dungannon","Dungannon","Northern Ireland","United Kingdom","EV chargepoint installation","Commercial and residential installations","N/A","N/A","N/A","N/A","N/A","N/A","N/A","https://www.gov.uk/electric-vehicle-chargepoint-installers","OZEV-authorised; commercial installs","Northern Ireland","Commercial; Residential","OZEV authorised","54.51084345666665","-6.831927449999999","2026-05-18"
"Instia Ltd","N/A","N/A","N/A","admin@instia.net","02087 152509","https://www.instia.net","Unit 1 Villiers Court, 40 Upper Mulgrave Road, Cheam","Cheam","South East","United Kingdom","EV chargepoint installation","Commercial and residential installations","N/A","N/A","N/A","N/A","N/A","N/A","N/A","https://www.gov.uk/electric-vehicle-chargepoint-installers","OZEV-authorised; commercial installs","South East","Commercial; Residential","OZEV authorised","51.35507690000001","-0.21248566060606067","2026-05-18"
"Insulation & Heating Installations Ltd","N/A","N/A","N/A","N/A","N/A","N/A","The TAD Centre, Suite 307, Middlesbrough","Middlesbrough","North East","United Kingdom","EV chargepoint installation","Commercial and residential installations","N/A","N/A","N/A","N/A","N/A","N/A","N/A","https://www.gov.uk/electric-vehicle-chargepoint-installers","OZEV-authorised; commercial installs","North East","Commercial; Residential","OZEV authorised","54.55892078472213","-1.2014806527777768","2026-05-18"
"Insync Plumbing Heating and Electrical Services Ltd","N/A","N/A","N/A","N/A","N/A","N/A","5 Springfield Crescent, Weymouth","Weymouth","South West","United Kingdom","EV chargepoint installation","Commercial and residential installations","N/A","N/A","N/A","N/A","N/A","N/A","N/A","https://www.gov.uk/electric-vehicle-chargepoint-installers","OZEV-authorised; commercial installs","South West","Commercial; Residential","OZEV authorised","50.64828506315789","-2.469236878947369","2026-05-18"
"Intelligent Electrical Ltd","N/A","N/A","N/A","admin@intelligentelectrical.co.uk","07815 410842","https://www.intelligentelectrical.co.uk","69 Loughborough Avenue, West Bridgford, Nottingham","Nottingham","East Midlands","United Kingdom","EV chargepoint installation","Commercial and residential installations","N/A","N/A","N/A","N/A","N/A","N/A","N/A","https://www.gov.uk/electric-vehicle-chargepoint-installers","OZEV-authorised; commercial installs","East Midlands","Commercial; Residential","OZEV authorised","52.93355387031243","-1.1360971781249998","2026-05-18"
"Inyo Energy","N/A","N/A","N/A","N/A","N/A","N/A","1-3 Kings Road, Osney Mead, Oxford","Oxford","South East","United Kingdom","EV chargepoint installation","Commercial and residential installations","N/A","N/A","N/A","N/A","N/A","N/A","N/A","https://www.gov.uk/electric-vehicle-chargepoint-installers","OZEV-authorised; commercial installs","South East","Commercial; Residential","OZEV authorised","51.748548773913036","-1.277878071739131","2026-05-18"
"Island Renewables Ltd","N/A","N/A","N/A","info@islandrenewables.co","01983 632280","https://www.islandrenewables.co/","13 Daish Way, Newport, Isle of Wight","Isle of Wight","South East","United Kingdom","EV chargepoint installation","Commercial and residential installations","N/A","N/A","N/A","N/A","N/A","N/A","N/A","https://www.gov.uk/electric-vehicle-chargepoint-installers","OZEV-authorised; commercial installs","South East","Commercial; Residential","OZEV authorised","50.692347188000014","-1.3174510999999998","2026-05-18"
"iSpark Data & Electrical Services Ltd","N/A","N/A","N/A","info@ispark-electrical.co.uk","03332 316472","N/A","Unit 9B Blackbrook Valley Ind Est, Dudley","Dudley","West Midlands","United Kingdom","EV chargepoint installation","Commercial and residential installations","N/A","N/A","N/A","N/A","N/A","N/A","N/A","https://www.gov.uk/electric-vehicle-chargepoint-installers","OZEV-authorised; commercial installs","West Midlands","Commercial; Residential","OZEV authorised","52.49471593714284","-2.098003431428572","2026-05-18"
"IWEC International Ltd t/a IWEC Electrical Services","N/A","N/A","N/A","N/A","N/A","N/A","Glangwendraeth Farm, Priory Street, Kidwelly","Kidwelly","Wales","United Kingdom","EV chargepoint installation","Commercial and residential installations","N/A","N/A","N/A","N/A","N/A","N/A","N/A","https://www.gov.uk/electric-vehicle-chargepoint-installers","OZEV-authorised; commercial installs","Wales","Commercial; Residential","OZEV authorised","51.73877818461539","-4.299256917307692","2026-05-18"
"J & B Electrical Ltd","N/A","N/A","N/A","EV@jandbelectrical.co.uk","01582 729080","https://www.jandbelectrical.co.uk","Newbury House, 1 London Road,, Luton","Luton","South East","United Kingdom","EV chargepoint installation","Commercial and residential installations","N/A","N/A","N/A","N/A","N/A","N/A","N/A","https://www.gov.uk/electric-vehicle-chargepoint-installers","OZEV-authorised; commercial installs","South East","Commercial; Residential","OZEV authorised","51.87198302280699","-0.4179919508771931","2026-05-18"
"J A Butler T/A Java Electrical","N/A","N/A","N/A","N/A","N/A","N/A","48 Grosvenor Road, Swindon","Swindon","South West","United Kingdom","EV chargepoint installation","Commercial and residential installations","N/A","N/A","N/A","N/A","N/A","N/A","N/A","https://www.gov.uk/electric-vehicle-chargepoint-installers","OZEV-authorised; commercial installs","South West","Commercial; Residential","OZEV authorised","51.552915130952385","-1.7970397857142861","2026-05-18"
"J Cooks t/a Rydal Utilities","N/A","N/A","N/A","energyops@rydal-group.co.uk","01733 511116","https://www.rydalutilities.co.uk","19 Church Walk, Elwes House,, Peterborough","Peterborough","East of England","United Kingdom","EV chargepoint installation","Commercial installations only","N/A","N/A","N/A","N/A","N/A","N/A","N/A","https://www.gov.uk/electric-vehicle-chargepoint-installers","OZEV-authorised; commercial installs","East of England","Commercial","OZEV authorised","52.57836744390243","-0.24202147560975604","2026-05-18"
"J Cran Electrical","N/A","N/A","N/A","info@jcranelectrical.co.uk","07766 725955","N/A","65 Main Street, Monkton","Monkton","Scotland","United Kingdom","EV chargepoint installation","Commercial and residential installations","N/A","N/A","N/A","N/A","N/A","N/A","N/A","https://www.gov.uk/electric-vehicle-chargepoint-installers","OZEV-authorised; commercial installs","Scotland","Commercial; Residential","OZEV authorised","55.51754553448276","-4.603433537931033","2026-05-18"
"J Cullerton & Sons","N/A","N/A","N/A","josh.cullerton@jcs-ne.co.uk","01913 831145","https://www.jcs-ne.co.uk","JCS House Unit A, Renny's Lane, Durham","Durham","North East","United Kingdom","EV chargepoint installation","Commercial and residential installations","N/A","N/A","N/A","N/A","N/A","N/A","N/A","https://www.gov.uk/electric-vehicle-chargepoint-installers","OZEV-authorised; commercial installs","North East","Commercial; Residential","OZEV authorised","54.77892667","-1.53417497","2026-05-18"
"J Durka Electrical Services","N/A","N/A","N/A","enquiries@jdurkaelectricalservices.co.uk","07977479071","https://www.jdurkaelectricalservices.co.uk","30 Fairfield Road, Bromley","Bromley","South East","United Kingdom","EV chargepoint installation","Commercial and residential installations","N/A","N/A","N/A","N/A","N/A","N/A","N/A","https://www.gov.uk/electric-vehicle-chargepoint-installers","OZEV-authorised; commercial installs","South East","Commercial; Residential","OZEV authorised","51.41337828857144","0.014013134285714282","2026-05-18"
"J P B Facilities Management Ltd","N/A","N/A","N/A","m.bostock@jpbfacilities.co.uk","01924251424 / 07808586552","https://www.jpbfacilities.co.uk","Unit 7 Navigation Court, Calder Park, Wakefield","Wakefield","Yorkshire & Humber","United Kingdom","EV chargepoint installation","Commercial and residential installations","N/A","N/A","N/A","N/A","N/A","N/A","N/A","https://www.gov.uk/electric-vehicle-chargepoint-installers","OZEV-authorised; commercial installs","Yorkshire & Humber","Commercial; Residential","OZEV authorised","53.65861334736842","-1.5162065342105264","2026-05-18"
"J Wingate Electrical Services","N/A","N/A","N/A","james.wingate@jwingatees.co.uk","07985 434116","https://www.Jwingatees.co.uk","9 Beaufort Road, Gloucester","Gloucester","South West","United Kingdom","EV chargepoint installation","Commercial and residential installations","N/A","N/A","N/A","N/A","N/A","N/A","N/A","https://www.gov.uk/electric-vehicle-chargepoint-installers","OZEV-authorised; commercial installs","South West","Commercial; Residential","OZEV authorised","51.844592983333335","-2.2316611261904757","2026-05-18"
"J&C Contractors (UK) Ltd","N/A","N/A","N/A","william@jandccontractors.co.uk","07889004903 / 01702600350","https://www.jandccontractors.co.uk","Unit 2, Cedar Park, Stock Road., Southend On Sea","Southend On Sea","East of England","United Kingdom","EV chargepoint installation","Commercial and residential installations","N/A","N/A","N/A","N/A","N/A","N/A","N/A","https://www.gov.uk/electric-vehicle-chargepoint-installers","OZEV-authorised; commercial installs","East of England","Commercial; Residential","OZEV authorised","51.5563382","0.7144622333333333","2026-05-18"
"J&R Electrical (NI) Ltd t/a Alternative Energy","N/A","N/A","N/A","info@jandrelectrical.co.uk","02882 250160","N/A","2 Dooish Road, Dromore, Omagh","Omagh","Northern Ireland","United Kingdom","EV chargepoint installation","Commercial and residential installations","N/A","N/A","N/A","N/A","N/A","N/A","N/A","https://www.gov.uk/electric-vehicle-chargepoint-installers","OZEV-authorised; commercial installs","Northern Ireland","Commercial; Residential","OZEV authorised","54.5146897","-7.459261866666666","2026-05-18"
"J.D.Singleton Electrical Contractors Ltd","N/A","N/A","N/A","N/A","N/A","N/A","47 Higher Audley Avenue, Torquay","Torquay","South West","United Kingdom","EV chargepoint installation","Commercial and residential installations","N/A","N/A","N/A","N/A","N/A","N/A","N/A","https://www.gov.uk/electric-vehicle-chargepoint-installers","OZEV-authorised; commercial installs","South West","Commercial; Residential","OZEV authorised","50.480128247826094","-3.538114410869565","2026-05-18"
"J3 electrical services limited","N/A","N/A","N/A","jbelecj3@gmail.com","07792 126715","https://www.J3electricsco.uk","25 Middleton street, St Thomas, Swansea","Swansea","Wales","United Kingdom","EV chargepoint installation","Commercial and residential installations","N/A","N/A","N/A","N/A","N/A","N/A","N/A","https://www.gov.uk/electric-vehicle-chargepoint-installers","OZEV-authorised; commercial installs","Wales","Commercial; Residential","OZEV authorised","51.6231675975","-3.9234601049999993","2026-05-18"
"Jack Blackburn Electrical Ltd","N/A","N/A","N/A","Jack.blackburn@hotmail.co.uk","01326 753344","N/A","24 Comfort Road, Mylor Bridge, Cornwall","Cornwall","South West","United Kingdom","EV chargepoint installation","Commercial and residential installations","N/A","N/A","N/A","N/A","N/A","N/A","N/A","https://www.gov.uk/electric-vehicle-chargepoint-installers","OZEV-authorised; commercial installs","South West","Commercial; Residential","OZEV authorised","50.186977520000006","-5.080864563749998","2026-05-18"
"Jack Hunter Electricians","N/A","N/A","N/A","enquiries@jackhunter.co.uk","01835 823211","N/A","Unit C, Waverley Place, Newton St Boswells","Newton St Boswells","Scotland","United Kingdom","EV chargepoint installation","Commercial and residential installations","N/A","N/A","N/A","N/A","N/A","N/A","N/A","https://www.gov.uk/electric-vehicle-chargepoint-installers","OZEV-authorised; commercial installs","Scotland","Commercial; Residential","OZEV authorised","55.578811400000006","-2.672415528571428","2026-05-18"
"JAS Electrical","N/A","N/A","N/A","jas_electrical@hotmail.com","07930 891504","N/A","1 Riverbridge,Drumahoe,, Londonderry","Londonderry","Northern Ireland","United Kingdom","EV chargepoint installation","Commercial and residential installations","N/A","N/A","N/A","N/A","N/A","N/A","N/A","https://www.gov.uk/electric-vehicle-chargepoint-installers","OZEV-authorised; commercial installs","Northern Ireland","Commercial; Residential","OZEV authorised","54.97901248000001","-7.27730714","2026-05-18"
"Jayserv Mechanical & Electrical Limited","N/A","N/A","N/A","N/A","N/A","https://www.jayserv.co.uk","23 Holmethorpe Avenue, Redhill","Redhill","South East","United Kingdom","EV chargepoint installation","Commercial and residential installations","N/A","N/A","N/A","N/A","N/A","N/A","N/A","https://www.gov.uk/electric-vehicle-chargepoint-installers","OZEV-authorised; commercial installs","South East","Commercial; Residential","OZEV authorised","51.248921888888894","-0.15587196666666664","2026-05-18"
"JB Electrical (Halifax)","N/A","N/A","N/A","joshprestage55@gmail.com","07500 905483","N/A","31 Higgin Lane, Southawram, Halifax","Halifax","Yorkshire & Humber","United Kingdom","EV chargepoint installation","Commercial and residential installations","N/A","N/A","N/A","N/A","N/A","N/A","N/A","https://www.gov.uk/electric-vehicle-chargepoint-installers","OZEV-authorised; commercial installs","Yorkshire & Humber","Commercial; Residential","OZEV authorised","53.71495344464285","-1.8436048089285713","2026-05-18"
"JC Electrical Contractors Midlands Ltd","N/A","N/A","N/A","jcelectricalcontractordav@gmail.com","07832 993556","N/A","5 Hertford Court, Daventry","Daventry","East Midlands","United Kingdom","EV chargepoint installation","Commercial and residential installations","N/A","N/A","N/A","N/A","N/A","N/A","N/A","https://www.gov.uk/electric-vehicle-chargepoint-installers","OZEV-authorised; commercial installs","East Midlands","Commercial; Residential","OZEV authorised","52.24818342499999","-1.1618670875","2026-05-18"
"JEC Electrical Ltd","N/A","N/A","N/A","hello@jecelectrical.co.uk","01452 764333","https://www.jecelectrical.co.uk","29 Broad Leys Rd, Barnwood","Barnwood","South West","United Kingdom","EV chargepoint installation","Commercial and residential installations","N/A","N/A","N/A","N/A","N/A","N/A","N/A","https://www.gov.uk/electric-vehicle-chargepoint-installers","OZEV-authorised; commercial installs","South West","Commercial; Residential","OZEV authorised","51.8550419245283","-2.2057928094339623","2026-05-18"
"Jeff Quick Electrical","N/A","N/A","N/A","office@jeffquickelectrical.co.uk","07764 454010","https://www.jeffquickelectrical.co.uk","38 Steeple View, Old Town, Swindon","Swindon","South West","United Kingdom","EV chargepoint installation","Commercial and residential installations","N/A","N/A","N/A","N/A","N/A","N/A","N/A","https://www.gov.uk/electric-vehicle-chargepoint-installers","OZEV-authorised; commercial installs","South West","Commercial; Residential","OZEV authorised","51.55296754285713","-1.7732115190476194","2026-05-18"
"Jellyfish EV Ltd","N/A","N/A","N/A","hello@jellyfishev.com","N/A","https://www.jellyfishev.com","50 Commercial Road, Newport","Newport","Wales","United Kingdom","EV chargepoint installation","Commercial and residential installations","N/A","N/A","N/A","N/A","N/A","N/A","N/A","https://www.gov.uk/electric-vehicle-chargepoint-installers","OZEV-authorised; commercial installs","Wales","Commercial; Residential","OZEV authorised","51.580020931250004","-2.9903969541666666","2026-05-18"
"Jet Power & Light Ltd T/A Jet Power & Light","N/A","N/A","N/A","jet@jetpowerandlight.co.uk","07983 580149","https://www.jetpowerandlight.co.uk/","109 Beckwith Road, Harrogate","Harrogate","Yorkshire & Humber","United Kingdom","EV chargepoint installation","Commercial and residential installations","N/A","N/A","N/A","N/A","N/A","N/A","N/A","https://www.gov.uk/electric-vehicle-chargepoint-installers","OZEV-authorised; commercial installs","Yorkshire & Humber","Commercial; Residential","OZEV authorised","53.97908433469387","-1.5619973142857142","2026-05-18"
"JGF Electrical & Building Services Ltd","N/A","N/A","N/A","scoleman@jgfelectrical.co.uk","01322 284300","https://www.jgfelectrical.co.uk","Unit 18 Optima Park, Thames Road, Dartford","Dartford","South East","United Kingdom","EV chargepoint installation","Commercial and residential installations","N/A","N/A","N/A","N/A","N/A","N/A","N/A","https://www.gov.uk/electric-vehicle-chargepoint-installers","OZEV-authorised; commercial installs","South East","Commercial; Residential","OZEV authorised","51.462210360526285","0.19196528421052633","2026-05-18"
"JHM Electrical Contractors","N/A","N/A","N/A","rob@jhm-electrical.co.uk","07931 501813","https://www.jhm-electrical.co.uk","8 The Crescent,, Salisbury","Salisbury","South West","United Kingdom","EV chargepoint installation","Commercial and residential installations","N/A","N/A","N/A","N/A","N/A","N/A","N/A","https://www.gov.uk/electric-vehicle-chargepoint-installers","OZEV-authorised; commercial installs","South West","Commercial; Residential","OZEV authorised","51.054202188235294","-1.789045023529412","2026-05-18"
"JJP Services Ltd","N/A","N/A","N/A","jade.owen@jjpservices.co.uk","01686 412557","https://www.jjpservices.co.uk","Unit 8 Parc Derwen Fawr, Llanidloes, Powys","Powys","West Midlands","United Kingdom","EV chargepoint installation","Commercial and residential installations","N/A","N/A","N/A","N/A","N/A","N/A","N/A","https://www.gov.uk/electric-vehicle-chargepoint-installers","OZEV-authorised; commercial installs","West Midlands","Commercial; Residential","OZEV authorised","52.448195600000005","-3.5330729272727273","2026-05-18"
"JKV Interior Contracting Ltd","N/A","N/A","N/A","ksachania.jkv@hotmail.com","07946 713915","N/A","18 North Way, Kingsbury, London","London","London","United Kingdom","EV chargepoint installation","Commercial and residential installations","N/A","N/A","N/A","N/A","N/A","N/A","N/A","https://www.gov.uk/electric-vehicle-chargepoint-installers","OZEV-authorised; commercial installs","London","Commercial; Residential","OZEV authorised","51.5917604","-0.2729071727272728","2026-05-18"
"JLEC Electrical Ltd","N/A","N/A","N/A","N/A","N/A","N/A","Unit 8, Essex Park Industrial Estate, Essex Street,, Bradford","Bradford","Yorkshire & Humber","United Kingdom","EV chargepoint installation","Commercial and residential installations","N/A","N/A","N/A","N/A","N/A","N/A","N/A","https://www.gov.uk/electric-vehicle-chargepoint-installers","OZEV-authorised; commercial installs","Yorkshire & Humber","Commercial; Residential","OZEV authorised","53.78851995384616","-1.7411006230769233","2026-05-18"
"JME Electrical Services","N/A","N/A","N/A","N/A","N/A","N/A","12 Filkins Lane, Chester","Chester","North West","United Kingdom","EV chargepoint installation","Commercial and residential installations","N/A","N/A","N/A","N/A","N/A","N/A","N/A","https://www.gov.uk/electric-vehicle-chargepoint-installers","OZEV-authorised; commercial installs","North West","Commercial; Residential","OZEV authorised","53.19139906829267","-2.8635941365853648","2026-05-18"
"JMES Services","N/A","N/A","N/A","levis219@outlook.com","07850 646167","N/A","6 Grange Bank Close, Huddersfield","Huddersfield","Yorkshire & Humber","United Kingdom","EV chargepoint installation","Commercial and residential installations","N/A","N/A","N/A","N/A","N/A","N/A","N/A","https://www.gov.uk/electric-vehicle-chargepoint-installers","OZEV-authorised; commercial installs","Yorkshire & Humber","Commercial; Residential","OZEV authorised","53.65257854736842","-1.7642732368421052","2026-05-18"
"John Mutch Building Services Ltd","N/A","N/A","N/A","scott@johnmutch.com","01224861999 / 07595070761","https://www.johnmutch.co.uk","218 Holburn Street, Aberdeen","Aberdeen","Scotland","United Kingdom","EV chargepoint installation","Commercial and residential installations","N/A","N/A","N/A","N/A","N/A","N/A","N/A","https://www.gov.uk/electric-vehicle-chargepoint-installers","OZEV-authorised; commercial installs","Scotland","Commercial; Residential","OZEV authorised","57.13796274489797","-2.1145969530612234","2026-05-18"
"John R Ewan (Aberdeen) Ltd","N/A","N/A","N/A","markewan@hotmail.com","07711 169032","N/A","10 Westholme Crescent South, Aberdeen","Aberdeen","Scotland","United Kingdom","EV chargepoint installation","Commercial and residential installations","N/A","N/A","N/A","N/A","N/A","N/A","N/A","https://www.gov.uk/electric-vehicle-chargepoint-installers","OZEV-authorised; commercial installs","Scotland","Commercial; Residential","OZEV authorised","57.14284774444445","-2.1584930555555553","2026-05-18"
"Joltify Ltd","N/A","N/A","N/A","sales@joltify.co.uk","02080 647914","https://www.joltify.co.uk","1 Park Road, Hamton Wick, Kingston Upon Thames","Kingston Upon Thames","South East","United Kingdom","EV chargepoint installation","Commercial and residential installations","N/A","N/A","N/A","N/A","N/A","N/A","N/A","https://www.gov.uk/electric-vehicle-chargepoint-installers","OZEV-authorised; commercial installs","South East","Commercial; Residential","OZEV authorised","51.41318692459018","-0.3129241426229509","2026-05-18"
"Jones & Whitehead Ltd","N/A","N/A","N/A","N/A","N/A","N/A","Penrala, Talgarth, Bangor","Bangor","Wales","United Kingdom","EV chargepoint installation","Commercial and residential installations","N/A","N/A","N/A","N/A","N/A","N/A","N/A","https://www.gov.uk/electric-vehicle-chargepoint-installers","OZEV-authorised; commercial installs","Wales","Commercial; Residential","OZEV authorised","53.19027025","-4.093729675","2026-05-18"
"JOR Property Ltd","N/A","N/A","N/A","estimator@jorproperty.co.uk","01224 894964","https://www.jorproperty.co.uk/","5 Walker Place, Scotland","Scotland","Scotland","United Kingdom","EV chargepoint installation","Commercial and residential installations","N/A","N/A","N/A","N/A","N/A","N/A","N/A","https://www.gov.uk/electric-vehicle-chargepoint-installers","OZEV-authorised; commercial installs","Scotland","Commercial; Residential","OZEV authorised","57.13588941025639","-2.091687889743589","2026-05-18"
"Jordan Electrics Limited","N/A","N/A","N/A","N/A","N/A","N/A","Unit 27, Carfin Industrial Estate, Carfin","Carfin","Scotland","United Kingdom","EV chargepoint installation","Commercial and residential installations","N/A","N/A","N/A","N/A","N/A","N/A","N/A","https://www.gov.uk/electric-vehicle-chargepoint-installers","OZEV-authorised; commercial installs","Scotland","Commercial; Residential","OZEV authorised","55.80753927333334","-3.9705070133333327","2026-05-18"
"Joule Energy","N/A","N/A","N/A","hello@joule-energy.co.uk","07929 786947","https://www.joule-energy.co.uk","27 Gregorys Mill Street, Worcester","Worcester","West Midlands","United Kingdom","EV chargepoint installation","Commercial and residential installations","N/A","N/A","N/A","N/A","N/A","N/A","N/A","https://www.gov.uk/electric-vehicle-chargepoint-installers","OZEV-authorised; commercial installs","West Midlands","Commercial; Residential","OZEV authorised","52.2073512413793","-2.2222320465517247","2026-05-18"
"JRDomotics","N/A","N/A","N/A","jrdomotics@outlook.com","07479 900777","https://www.jrdomotics.com","Merebank Lane, Sutton","Sutton","South East","United Kingdom","EV chargepoint installation","Commercial and residential installations","N/A","N/A","N/A","N/A","N/A","N/A","N/A","https://www.gov.uk/electric-vehicle-chargepoint-installers","OZEV-authorised; commercial installs","South East","Commercial; Residential","OZEV authorised","51.36381259833334","-0.12152289833333325","2026-05-18"
"JSR Electrical (Slough)","N/A","N/A","N/A","jsrthesparky@gmail.com","07399 469164","N/A","60 Blunden Drive, Slough","Slough","South East","United Kingdom","EV chargepoint installation","Commercial and residential installations","N/A","N/A","N/A","N/A","N/A","N/A","N/A","https://www.gov.uk/electric-vehicle-chargepoint-installers","OZEV-authorised; commercial installs","South East","Commercial; Residential","OZEV authorised","51.49858787846155","-0.5324926123076924","2026-05-18"
"JVB Electrical Ltd T/A JVB Solutions","N/A","N/A","N/A","N/A","N/A","N/A","16a Southsea Rd, Kingston Upon Thames","Kingston Upon Thames","South East","United Kingdom","EV chargepoint installation","Commercial and residential installations","N/A","N/A","N/A","N/A","N/A","N/A","N/A","https://www.gov.uk/electric-vehicle-chargepoint-installers","OZEV-authorised; commercial installs","South East","Commercial; Residential","OZEV authorised","51.40165209066667","-0.3033943813333334","2026-05-18"
"K & S Civil Contracts Ltd T/A K&S Group","N/A","N/A","N/A","evprojects@kscivil.co.uk","01417 760636","https://www.kscivil.co.uk","Unit 1, Portcullis Estate, Milton of Campsie, Glasgow","Glasgow","Scotland","United Kingdom","EV chargepoint installation","Commercial and residential installations","N/A","N/A","N/A","N/A","N/A","N/A","N/A","https://www.gov.uk/electric-vehicle-chargepoint-installers","OZEV-authorised; commercial installs","Scotland","Commercial; Residential","OZEV authorised","55.956709","-4.120922","2026-05-18"
"K Barrie Electrical","N/A","N/A","N/A","N/A","N/A","N/A","74 Belmont Avenue, Blackpool","Blackpool","North West","United Kingdom","EV chargepoint installation","Commercial and residential installations","N/A","N/A","N/A","N/A","N/A","N/A","N/A","https://www.gov.uk/electric-vehicle-chargepoint-installers","OZEV-authorised; commercial installs","North West","Commercial; Residential","OZEV authorised","53.81151595344828","-3.0464613034482757","2026-05-18"
"K F Watson Electrical","N/A","N/A","N/A","frances@kfwatsonelectrical.co.uk","01224 566450","https://www.kfwatsonelectrical.co.uk","43 Park Road, Aberdeen","Aberdeen","Scotland","United Kingdom","EV chargepoint installation","Commercial and residential installations","N/A","N/A","N/A","N/A","N/A","N/A","N/A","https://www.gov.uk/electric-vehicle-chargepoint-installers","OZEV-authorised; commercial installs","Scotland","Commercial; Residential","OZEV authorised","57.155762912500016","-2.087877975","2026-05-18"
"K&M Maintenance Services","N/A","N/A","N/A","N/A","N/A","N/A","Unit 8A Electron Works, Brookk Street, Preston","Preston","North West","United Kingdom","EV chargepoint installation","Commercial and residential installations","N/A","N/A","N/A","N/A","N/A","N/A","N/A","https://www.gov.uk/electric-vehicle-chargepoint-installers","OZEV-authorised; commercial installs","North West","Commercial; Residential","OZEV authorised","53.77158115652174","-2.715191439130435","2026-05-18"
"K&R Charging Ltd","N/A","N/A","N/A","kev@kar-charging.com","07733 357620","https://www.kar-charging.com","3 Caseberry Court, Dorchester, Dorset","Dorset","South West","United Kingdom","EV chargepoint installation","Commercial and residential installations","N/A","N/A","N/A","N/A","N/A","N/A","N/A","https://www.gov.uk/electric-vehicle-chargepoint-installers","OZEV-authorised; commercial installs","South West","Commercial; Residential","OZEV authorised","50.7108189","-2.4590827333333336","2026-05-18"
"K&S Electrical Ltd","N/A","N/A","N/A","N/A","N/A","N/A","Portcullis Estate, Milton Campsie,, Stirlingshire","Stirlingshire","Scotland","United Kingdom","EV chargepoint installation","Commercial and residential installations","N/A","N/A","N/A","N/A","N/A","N/A","N/A","https://www.gov.uk/electric-vehicle-chargepoint-installers","OZEV-authorised; commercial installs","Scotland","Commercial; Residential","OZEV authorised","55.956709","-4.120922","2026-05-18"
"KANE Electrical and Renewables Ltd","N/A","N/A","N/A","info@kerltd.com","02895 430220","https://www.kaneelectrics.com","Level 3 Arnott House, 12 - 16 Bridge Street,, Belfast","Belfast","Northern Ireland","United Kingdom","EV chargepoint installation","Commercial and residential installations","N/A","N/A","N/A","N/A","N/A","N/A","N/A","https://www.gov.uk/electric-vehicle-chargepoint-installers","OZEV-authorised; commercial installs","Northern Ireland","Commercial; Residential","OZEV authorised","54.600363016666705","-5.927468736111113","2026-05-18"
"KB Electrical (North West) Ltd","N/A","N/A","N/A","N/A","N/A","N/A","7 Wentworth Drive,, Lancaster","Lancaster","North West","United Kingdom","EV chargepoint installation","Commercial and residential installations","N/A","N/A","N/A","N/A","N/A","N/A","N/A","https://www.gov.uk/electric-vehicle-chargepoint-installers","OZEV-authorised; commercial installs","North West","Commercial; Residential","OZEV authorised","54.04674929722221","-2.773885844444445","2026-05-18"
"KB Electrical NI LTD","N/A","N/A","N/A","N/A","N/A","N/A","7 Ballygonnell Road, Enniskillen","Enniskillen","Northern Ireland","United Kingdom","EV chargepoint installation","Commercial and residential installations","N/A","N/A","N/A","N/A","N/A","N/A","N/A","https://www.gov.uk/electric-vehicle-chargepoint-installers","OZEV-authorised; commercial installs","Northern Ireland","Commercial; Residential","OZEV authorised","54.37339026363637","-7.722962345454547","2026-05-18"
"KC Electrical","N/A","N/A","N/A","enquiries@kcelectrical.uk","07970 741375","N/A","15 Treviglas Lane, Probus, Truro","Truro","South West","United Kingdom","EV chargepoint installation","Commercial and residential installations","N/A","N/A","N/A","N/A","N/A","N/A","N/A","https://www.gov.uk/electric-vehicle-chargepoint-installers","OZEV-authorised; commercial installs","South West","Commercial; Residential","OZEV authorised","50.290668195121945","-4.957168890243904","2026-05-18"
"KDM Electrical","N/A","N/A","N/A","karl@kdmelectrical.co.uk","07967 323835","https://www.kdmelectrical.co.uk","31 High Street, Swinley, Wigan","Wigan","North West","United Kingdom","EV chargepoint installation","Commercial and residential installations","N/A","N/A","N/A","N/A","N/A","N/A","N/A","https://www.gov.uk/electric-vehicle-chargepoint-installers","OZEV-authorised; commercial installs","North West","Commercial; Residential","OZEV authorised","53.554423022727285","-2.626797531818182","2026-05-18"
"Keane Electrical Kent Ltd","N/A","N/A","N/A","info@keaneelectrical.co.uk","07903 151284","https://www.keaneelectrical.co.uk","2 Landale Gardens, Dartford, Kent","Kent","South East","United Kingdom","EV chargepoint installation","Commercial and residential installations","N/A","N/A","N/A","N/A","N/A","N/A","N/A","https://www.gov.uk/electric-vehicle-chargepoint-installers","OZEV-authorised; commercial installs","South East","Commercial; Residential","OZEV authorised","51.43996025333334","0.2031956833333334","2026-05-18"
"Keith Gunn Electrical Solutions Ltd","N/A","N/A","N/A","connect@kges.co.uk","01312 253205","https://www.kges.co.uk","1 Rodney Street, Edinburgh","Edinburgh","Scotland","United Kingdom","EV chargepoint installation","Commercial and residential installations","N/A","N/A","N/A","N/A","N/A","N/A","N/A","https://www.gov.uk/electric-vehicle-chargepoint-installers","OZEV-authorised; commercial installs","Scotland","Commercial; Residential","OZEV authorised","55.96215641249998","-3.1966896625000008","2026-05-18"
"Kempowell Electrical Services Ltd","N/A","N/A","N/A","jamie@kempowell.co.uk","01432 379300","https://www.KEMPOWELL.CO.UK","Unit 3a, Foley Works, Foley Tradiung Estate, Hereford","Hereford","West Midlands","United Kingdom","EV chargepoint installation","Commercial and residential installations","N/A","N/A","N/A","N/A","N/A","N/A","N/A","https://www.gov.uk/electric-vehicle-chargepoint-installers","OZEV-authorised; commercial installs","West Midlands","Commercial; Residential","OZEV authorised","52.05242604259258","-2.7000594462962964","2026-05-18"
"Kentures Ltd","N/A","N/A","N/A","info@kentures.com","02035 761654","https://www.kentures.com","First Floor, 7-13 High Street, Romford, London","London","South East","United Kingdom","EV chargepoint installation","Commercial and residential installations","N/A","N/A","N/A","N/A","N/A","N/A","N/A","https://www.gov.uk/electric-vehicle-chargepoint-installers","OZEV-authorised; commercial installs","South East","Commercial; Residential","OZEV authorised","51.57811547407406","0.18007164444444446","2026-05-18"
"KER Solutions Ltd","N/A","N/A","N/A","N/A","N/A","N/A","Westgate House, 87 St Dunstans Street, Canterbury, Kent","Kent","South East","United Kingdom","EV chargepoint installation","Commercial and residential installations","N/A","N/A","N/A","N/A","N/A","N/A","N/A","https://www.gov.uk/electric-vehicle-chargepoint-installers","OZEV-authorised; commercial installs","South East","Commercial; Residential","OZEV authorised","51.2818325","1.0747744","2026-05-18"
"Kernewek EPS Ltd","N/A","N/A","N/A","martyn@kernewek-eps.com","01872 862034","N/A","The Exchange, Four Turnings, Feock, Truro","Truro","South West","United Kingdom","EV chargepoint installation","Commercial and residential installations","N/A","N/A","N/A","N/A","N/A","N/A","N/A","https://www.gov.uk/electric-vehicle-chargepoint-installers","OZEV-authorised; commercial installs","South West","Commercial; Residential","OZEV authorised","50.21877384074074","-5.061450007407408","2026-05-18"
"KES (Sw) Ltd","N/A","N/A","N/A","N/A","N/A","N/A","Unit 16, Faraday Mill Business Park, Prince Rock","Prince Rock","South West","United Kingdom","EV chargepoint installation","Commercial and residential installations","N/A","N/A","N/A","N/A","N/A","N/A","N/A","https://www.gov.uk/electric-vehicle-chargepoint-installers","OZEV-authorised; commercial installs","South West","Commercial; Residential","OZEV authorised","50.369947144444446","-4.136024522222222","2026-05-18"
"Kevin Burbidge Electrical","N/A","N/A","N/A","N/A","N/A","N/A","6 Danesmead Close, York","York","Yorkshire & Humber","United Kingdom","EV chargepoint installation","Commercial and residential installations","N/A","N/A","N/A","N/A","N/A","N/A","N/A","https://www.gov.uk/electric-vehicle-chargepoint-installers","OZEV-authorised; commercial installs","Yorkshire & Humber","Commercial; Residential","OZEV authorised","53.94169269999999","-1.0769789923076925","2026-05-18"
"KeyGeni Limited","N/A","N/A","N/A","N/A","N/A","N/A","Ground Floor, Moorland House, 73-75 Knowsley Street, Bolton","Bolton","North West","United Kingdom","EV chargepoint installation","Commercial and residential installations","N/A","N/A","N/A","N/A","N/A","N/A","N/A","https://www.gov.uk/electric-vehicle-chargepoint-installers","OZEV-authorised; commercial installs","North West","Commercial; Residential","OZEV authorised","53.58154050666667","-2.4312759800000006","2026-05-18"
"KGL Electrical & Suppliers Ltd","N/A","N/A","N/A","kgl.electrical@gmail.com","01162624203 / 07729201600","https://www.kgl-electrical.co.uk","37 New Bond Street, Leicester","Leicester","East Midlands","United Kingdom","EV chargepoint installation","Commercial and residential installations","N/A","N/A","N/A","N/A","N/A","N/A","N/A","https://www.gov.uk/electric-vehicle-chargepoint-installers","OZEV-authorised; commercial installs","East Midlands","Commercial; Residential","OZEV authorised","52.63684572499999","-1.1343600166666667","2026-05-18"
"Kilmaron Electrical Co T/A Techneco Innovations","N/A","N/A","N/A","admin@kms.group","01592 651222","https://www.kilmaronelectrical.co.uk","Unit 2,Carberry Place, Mitchelston Industrial Estate, Kirkcaldy","Kirkcaldy","Scotland","United Kingdom","EV chargepoint installation","Commercial and residential installations","N/A","N/A","N/A","N/A","N/A","N/A","N/A","https://www.gov.uk/electric-vehicle-chargepoint-installers","OZEV-authorised; commercial installs","Scotland","Commercial; Residential","OZEV authorised","56.13580134242424","-3.145567896969697","2026-05-18"
"Kingdom Electricians Fife Ltd","N/A","N/A","N/A","info@kingdomelectricians.com","07756 757073","https://www.kingdomelectricians.co.uk","17B Hayfield Place, Kirkcaldy","Kirkcaldy","Scotland","United Kingdom","EV chargepoint installation","Commercial and residential installations","N/A","N/A","N/A","N/A","N/A","N/A","N/A","https://www.gov.uk/electric-vehicle-chargepoint-installers","OZEV-authorised; commercial installs","Scotland","Commercial; Residential","OZEV authorised","56.12784805666665","-3.1694112816666675","2026-05-18"
"Kingfisher Electrics Ltd","N/A","N/A","N/A","office@kingfisherelectrics.co.uk","01273 789276","https://www.kingfisherelectrics.co.uk","Flat 4, 10 Selborne Road, Hove","Hove","South East","United Kingdom","EV chargepoint installation","Commercial and residential installations","N/A","N/A","N/A","N/A","N/A","N/A","N/A","https://www.gov.uk/electric-vehicle-chargepoint-installers","OZEV-authorised; commercial installs","South East","Commercial; Residential","OZEV authorised","50.82820973768116","-0.16481666086956523","2026-05-18"
"Kings Electrical & Maintenance Ltd","N/A","N/A","N/A","info@kingseam.co.uk","07542 674210","https://www.kingseam.co.uk","166 Plumstead Road East, Norwich, Norfolk","Norfolk","East of England","United Kingdom","EV chargepoint installation","Commercial and residential installations","N/A","N/A","N/A","N/A","N/A","N/A","N/A","https://www.gov.uk/electric-vehicle-chargepoint-installers","OZEV-authorised; commercial installs","East of England","Commercial; Residential","OZEV authorised","52.64155028275862","1.3443151517241383","2026-05-18"
"Kirkburton Electrical Ltd","N/A","N/A","N/A","info@kirkburtonelectricals.co.uk","07590 837187","https://www.kirkburtonelectricals.co.uk","Unit 8, Silver Court, Huddersfield","Huddersfield","Yorkshire & Humber","United Kingdom","EV chargepoint installation","Commercial and residential installations","N/A","N/A","N/A","N/A","N/A","N/A","N/A","https://www.gov.uk/electric-vehicle-chargepoint-installers","OZEV-authorised; commercial installs","Yorkshire & Humber","Commercial; Residential","OZEV authorised","53.64404147142858","-1.7706273761904765","2026-05-18"
"KJ Electrical","N/A","N/A","N/A","Kjelectrical@mail.com","07540 580049","https://www.kjelectric.co.uk","Prestfelde flat London, Shrewsbury","Shrewsbury","West Midlands","United Kingdom","EV chargepoint installation","Commercial and residential installations","N/A","N/A","N/A","N/A","N/A","N/A","N/A","https://www.gov.uk/electric-vehicle-chargepoint-installers","OZEV-authorised; commercial installs","West Midlands","Commercial; Residential","OZEV authorised","52.70223049999999","-2.72721455","2026-05-18"
"Kojo Electrics Ltd","N/A","N/A","N/A","kojoelectricsltd@yahoo.com","02045 487534","https://www.kelcontracts.co.uk","66 Chaucer House, Sutton","Sutton","South East","United Kingdom","EV chargepoint installation","Commercial and residential installations","N/A","N/A","N/A","N/A","N/A","N/A","N/A","https://www.gov.uk/electric-vehicle-chargepoint-installers","OZEV-authorised; commercial installs","South East","Commercial; Residential","OZEV authorised","51.37050149999995","-0.20054159999999996","2026-05-18"
"Kris Engineering Services Ltd","N/A","N/A","N/A","tusar@krisengineering.co.uk","07732 185540","https://www.krisengineering.co.uk","268 Tokyngton Avenue,, Wembley","Wembley","South East","United Kingdom","EV chargepoint installation","Commercial and residential installations","N/A","N/A","N/A","N/A","N/A","N/A","N/A","https://www.gov.uk/electric-vehicle-chargepoint-installers","OZEV-authorised; commercial installs","South East","Commercial; Residential","OZEV authorised","51.54866819333329","-0.28436929333333333","2026-05-18"
"KTS Electrical","N/A","N/A","N/A","janathdisnaka@gmail.com","07447 906669","N/A","7 Hilltop Road,, Durham","Durham","North East","United Kingdom","EV chargepoint installation","Commercial and residential installations","N/A","N/A","N/A","N/A","N/A","N/A","N/A","https://www.gov.uk/electric-vehicle-chargepoint-installers","OZEV-authorised; commercial installs","North East","Commercial; Residential","OZEV authorised","54.784071130769235","-1.6422336692307693","2026-05-18"
"KW Electrical and Contracting Ltd","N/A","N/A","N/A","N/A","N/A","N/A","4 Sidney Street, Lincoln","Lincoln","East Midlands","United Kingdom","EV chargepoint installation","Commercial and residential installations","N/A","N/A","N/A","N/A","N/A","N/A","N/A","https://www.gov.uk/electric-vehicle-chargepoint-installers","OZEV-authorised; commercial installs","East Midlands","Commercial; Residential","OZEV authorised","53.21511671111111","-0.5479471888888888","2026-05-18"
"L Canavan Electrical","N/A","N/A","N/A","leecanavanelectrical@gmail.com","07759 923534","N/A","9 Bunces Close, Eton Wick, Windsor","Windsor","South East","United Kingdom","EV chargepoint installation","Commercial and residential installations","N/A","N/A","N/A","N/A","N/A","N/A","N/A","https://www.gov.uk/electric-vehicle-chargepoint-installers","OZEV-authorised; commercial installs","South East","Commercial; Residential","OZEV authorised","51.495535210606064","-0.6215600484848484","2026-05-18"
"L E Engineering Ltd","N/A","N/A","N/A","jim.donaldson@leengineering.co.uk","01514 271122","https://www.leengineering.co.uk","6 Hurricane Drive, Speke, Liverpool","Liverpool","North West","United Kingdom","EV chargepoint installation","Commercial and residential installations","N/A","N/A","N/A","N/A","N/A","N/A","N/A","https://www.gov.uk/electric-vehicle-chargepoint-installers","OZEV-authorised; commercial installs","North West","Commercial; Residential","OZEV authorised","53.34231777317077","-2.8791383719512207","2026-05-18"
"L M Electrical Contractors Ltd T/A EVLM","N/A","N/A","N/A","N/A","N/A","N/A","14 Brighton Road, Southampton","Southampton","N/A","United Kingdom","EV chargepoint installation","Commercial and residential installations","N/A","N/A","N/A","N/A","N/A","N/A","N/A","https://www.gov.uk/electric-vehicle-chargepoint-installers","OZEV-authorised; commercial installs","N/A","Commercial; Residential","OZEV authorised","50.91725203636365","-1.4054069863636358","2026-05-18"
"L McCann Electrical Ltd","N/A","N/A","N/A","info@mccannelectrical.co.uk","01698 263625","https://www.mccannelectrical.co.uk","158 Park Street, Motherwell","Motherwell","Scotland","United Kingdom","EV chargepoint installation","Commercial and residential installations","N/A","N/A","N/A","N/A","N/A","N/A","N/A","https://www.gov.uk/electric-vehicle-chargepoint-installers","OZEV-authorised; commercial installs","Scotland","Commercial; Residential","OZEV authorised","55.789592278571426","-3.986642207142857","2026-05-18"
"L P Electrical Solutions Ltd","N/A","N/A","N/A","N/A","N/A","N/A","31 Bardsley Street, Heaton Norris, Stockport","Stockport","North West","United Kingdom","EV chargepoint installation","Commercial and residential installations","N/A","N/A","N/A","N/A","N/A","N/A","N/A","https://www.gov.uk/electric-vehicle-chargepoint-installers","OZEV-authorised; commercial installs","North West","Commercial; Residential","OZEV authorised","53.419777460714315","-2.1672065928571436","2026-05-18"
"L&S EV Solutions Ltd T/A Mr Charger","N/A","N/A","N/A","croydon@mrcharger.co.uk","03335 776445","https://www.mrcharger.co.uk/","One Elmfield Park, Bromley","Bromley","South East","United Kingdom","EV chargepoint installation","Commercial and residential installations","N/A","N/A","N/A","N/A","N/A","N/A","N/A","https://www.gov.uk/electric-vehicle-chargepoint-installers","OZEV-authorised; commercial installs","South East","Commercial; Residential","OZEV authorised","51.40167976363636","0.01744996363636364","2026-05-18"
"Labtek Electrical Services Limited","N/A","N/A","N/A","N/A","N/A","N/A","1 Royal Terrace, Southend on Sea","Southend on Sea","East of England","United Kingdom","EV chargepoint installation","Commercial and residential installations","N/A","N/A","N/A","N/A","N/A","N/A","N/A","https://www.gov.uk/electric-vehicle-chargepoint-installers","OZEV-authorised; commercial installs","East of England","Commercial; Residential","OZEV authorised","51.5341941","0.7138491","2026-05-18"
"Lakeland Electrical Services (NI) Ltd","N/A","N/A","N/A","N/A","N/A","N/A","26-27 Enniskillen Business Centre, Lackaghboy Industrial Estate, Enniskillen","Enniskillen","Northern Ireland","United Kingdom","EV chargepoint installation","Commercial and residential installations","N/A","N/A","N/A","N/A","N/A","N/A","N/A","https://www.gov.uk/electric-vehicle-chargepoint-installers","OZEV-authorised; commercial installs","Northern Ireland","Commercial; Residential","OZEV authorised","54.35550959275361","-7.597365143478262","2026-05-18"
"Landlord Property Compliance Ltd","N/A","N/A","N/A","callum@landlordpropertycompliance.com","02045 864529","https://www.landlordpropertycompliance.com","9 Nelson Street, Southend on Sea","Southend on Sea","East of England","United Kingdom","EV chargepoint installation","Commercial and residential installations","N/A","N/A","N/A","N/A","N/A","N/A","N/A","https://www.gov.uk/electric-vehicle-chargepoint-installers","OZEV-authorised; commercial installs","East of England","Commercial; Residential","OZEV authorised","51.536452","0.70996","2026-05-18"
"Lantei Ltd","N/A","N/A","N/A","sales@lantei.co.uk","012772 250179","https://www.lantei.co.uk","55 Guildhall Street, Preston","Preston","North West","United Kingdom","EV chargepoint installation","Commercial and residential installations","N/A","N/A","N/A","N/A","N/A","N/A","N/A","https://www.gov.uk/electric-vehicle-chargepoint-installers","OZEV-authorised; commercial installs","North West","Commercial; Residential","OZEV authorised","53.757326094999996","-2.7002689175000003","2026-05-18"
"Lavelle Electrical Contractors Ltd","N/A","N/A","N/A","lavelle@lavelle-elec.com","01618 720746","https://www.lavelle-elec.com","Unit 21 Hillgate Business Centre, Stockport, Manchester","Manchester","North West","United Kingdom","EV chargepoint installation","Commercial and residential installations","N/A","N/A","N/A","N/A","N/A","N/A","N/A","https://www.gov.uk/electric-vehicle-chargepoint-installers","OZEV-authorised; commercial installs","North West","Commercial; Residential","OZEV authorised","53.402418965624996","-2.152754653125","2026-05-18"
"Lawson Property (Services) Ltd","N/A","N/A","N/A","ryan@lawsonpropertyservicesltd.co.uk","07977 463666","https://www.lawsonpropertyservicesltd.co.uk","135 Maltravers Road, Sheffield","Sheffield","Yorkshire & Humber","United Kingdom","EV chargepoint installation","Commercial and residential installations","N/A","N/A","N/A","N/A","N/A","N/A","N/A","https://www.gov.uk/electric-vehicle-chargepoint-installers","OZEV-authorised; commercial installs","Yorkshire & Humber","Commercial; Residential","OZEV authorised","53.3830864375","-1.4469370124999998","2026-05-18"
"Laytec Group Ltd T/A The Electrical Connection","N/A","N/A","N/A","chrisbrianlay@gmail.com","07821 196977","N/A","35 Vermont Grove, Peterborough","Peterborough","East of England","United Kingdom","EV chargepoint installation","Commercial and residential installations","N/A","N/A","N/A","N/A","N/A","N/A","N/A","https://www.gov.uk/electric-vehicle-chargepoint-installers","OZEV-authorised; commercial installs","East of England","Commercial; Residential","OZEV authorised","52.57017293478261","-0.2552723804347826","2026-05-18"
"LC Services (Building) Ltd","N/A","N/A","N/A","info@lcsbuilding.com","01256 587333","https://www.lcsbuilding.com","Unit 7 Devonshire Business Park,Knights Park Road, Hampshire","Hampshire","South East","United Kingdom","EV chargepoint installation","Commercial and residential installations","N/A","N/A","N/A","N/A","N/A","N/A","N/A","https://www.gov.uk/electric-vehicle-chargepoint-installers","OZEV-authorised; commercial installs","South East","Commercial; Residential","OZEV authorised","51.27251778333333","-1.103350536666667","2026-05-18"
"LDH Solutions Ltd","N/A","N/A","N/A","office@ldh.solutions","01138 982020","https://www.ldh.solutions","8 Essex Park Industrial Estate, Essex Road, Bradford","Bradford","Yorkshire & Humber","United Kingdom","EV chargepoint installation","Commercial and residential installations","N/A","N/A","N/A","N/A","N/A","N/A","N/A","https://www.gov.uk/electric-vehicle-chargepoint-installers","OZEV-authorised; commercial installs","Yorkshire & Humber","Commercial; Residential","OZEV authorised","53.78851995384616","-1.7411006230769233","2026-05-18"
"LDN Electrical","N/A","N/A","N/A","lee@ldn-electrical.co.uk","02080 873495","https://www.ldn-electrical.co.uk","158 West Road, Southend","Southend","East of England","United Kingdom","EV chargepoint installation","Commercial and residential installations","N/A","N/A","N/A","N/A","N/A","N/A","N/A","https://www.gov.uk/electric-vehicle-chargepoint-installers","OZEV-authorised; commercial installs","East of England","Commercial; Residential","OZEV authorised","51.545681959677395","0.6989438338709681","2026-05-18"
"LDT Electrical & Security Installations Limited","N/A","N/A","N/A","N/A","N/A","N/A","14 Webley Grove,, Dudley","Dudley","West Midlands","United Kingdom","EV chargepoint installation","Commercial and residential installations","N/A","N/A","N/A","N/A","N/A","N/A","N/A","https://www.gov.uk/electric-vehicle-chargepoint-installers","OZEV-authorised; commercial installs","West Midlands","Commercial; Residential","OZEV authorised","52.52446838571431","-2.086832991836734","2026-05-18"
"Lektrix Installations Ltd","N/A","N/A","N/A","N/A","N/A","N/A","820 Garrat Lane, London","London","London","United Kingdom","EV chargepoint installation","Commercial and residential installations","N/A","N/A","N/A","N/A","N/A","N/A","N/A","https://www.gov.uk/electric-vehicle-chargepoint-installers","OZEV-authorised; commercial installs","London","Commercial; Residential","OZEV authorised","51.43118706901409","-0.17599986619718308","2026-05-18"
"Leppard & Martin Ltd","N/A","N/A","N/A","shaun@leppardandmartin.co.uk","07841 509410","https://www.leppardandmartin.co.uk","47 Butt Road, Colchester","Colchester","East of England","United Kingdom","EV chargepoint installation","Commercial and residential installations","N/A","N/A","N/A","N/A","N/A","N/A","N/A","https://www.gov.uk/electric-vehicle-chargepoint-installers","OZEV-authorised; commercial installs","East of England","Commercial; Residential","OZEV authorised","51.88566998","0.8942504600000001","2026-05-18"
"Lets Charge EV Ltd","N/A","N/A","N/A","matthew@letschargeev.co.uk","07857 521311","https://www.LetsChargeEV.co.uk","19 Sudbury Drive, Heald Green, Stockport","Stockport","North West","United Kingdom","EV chargepoint installation","Commercial and residential installations","N/A","N/A","N/A","N/A","N/A","N/A","N/A","https://www.gov.uk/electric-vehicle-chargepoint-installers","OZEV-authorised; commercial installs","North West","Commercial; Residential","OZEV authorised","53.36646503695653","-2.2194374521739135","2026-05-18"
"Lewis Builders LTD","N/A","N/A","N/A","iain.macleod@lewisbuilders.co.uk","01851 705015","https://www.lewisbuilders.co.uk","Rigs Road, Stornoway","Stornoway","Scotland","United Kingdom","EV chargepoint installation","Commercial and residential installations","N/A","N/A","N/A","N/A","N/A","N/A","N/A","https://www.gov.uk/electric-vehicle-chargepoint-installers","OZEV-authorised; commercial installs","Scotland","Commercial; Residential","OZEV authorised","58.20695565517242","-6.37838800689655","2026-05-18"
"LFT Electrical Ltd","N/A","N/A","N/A","N/A","N/A","N/A","62 Bromwich Road, Worcester","Worcester","West Midlands","United Kingdom","EV chargepoint installation","Commercial and residential installations","N/A","N/A","N/A","N/A","N/A","N/A","N/A","https://www.gov.uk/electric-vehicle-chargepoint-installers","OZEV-authorised; commercial installs","West Midlands","Commercial; Residential","OZEV authorised","52.18449153","-2.2317881799999997","2026-05-18"
"LGM Electrical Solutions Ltd","N/A","N/A","N/A","N/A","N/A","N/A","6 hearne Bay Road, Sturry, Canterbury","Canterbury","South East","United Kingdom","EV chargepoint installation","Commercial and residential installations","N/A","N/A","N/A","N/A","N/A","N/A","N/A","https://www.gov.uk/electric-vehicle-chargepoint-installers","OZEV-authorised; commercial installs","South East","Commercial; Residential","OZEV authorised","51.30690806875003","1.1185492937499997","2026-05-18"
"Lighting Solutions (Wales) Ltd t/a Lightning Solutions","N/A","N/A","N/A","jamie@lsuk.org.uk","01443 693271","https://www.lsuk.org.uk","Unit 14-15, Pant Industrial Estate, Merthyr Tydfil","Merthyr Tydfil","Wales","United Kingdom","EV chargepoint installation","Commercial and residential installations","N/A","N/A","N/A","N/A","N/A","N/A","N/A","https://www.gov.uk/electric-vehicle-chargepoint-installers","OZEV-authorised; commercial installs","Wales","Commercial; Residential","OZEV authorised","51.76854607594937","-3.3630890797468354","2026-05-18"
"Lightworks Services Ltd","N/A","N/A","N/A","N/A","N/A","N/A","268 Broadway North, Walsall","Walsall","West Midlands","United Kingdom","EV chargepoint installation","Commercial and residential installations","N/A","N/A","N/A","N/A","N/A","N/A","N/A","https://www.gov.uk/electric-vehicle-chargepoint-installers","OZEV-authorised; commercial installs","West Midlands","Commercial; Residential","OZEV authorised","52.57518872000001","-1.962719035","2026-05-18"
"Lincoln Electrical Ltd","N/A","N/A","N/A","info@lincolnelectrical.co.uk","07950 623039 / 07535 165858","https://www.lincolnelectrical.co.uk","3 Westwood Drive,, Lincoln","Lincoln","East Midlands","United Kingdom","EV chargepoint installation","Commercial and residential installations","N/A","N/A","N/A","N/A","N/A","N/A","N/A","https://www.gov.uk/electric-vehicle-chargepoint-installers","OZEV-authorised; commercial installs","East Midlands","Commercial; Residential","OZEV authorised","53.217755748717956","-0.5743237051282052","2026-05-18"
"Link Fix It Electrical and Electronics","N/A","N/A","N/A","Info@linkfixit.co.uk","07507 433115","https://www.linkfixit.co.uk","50 Lye Valley, Headington, Oxford","Oxford","South East","United Kingdom","EV chargepoint installation","Commercial and residential installations","N/A","N/A","N/A","N/A","N/A","N/A","N/A","https://www.gov.uk/electric-vehicle-chargepoint-installers","OZEV-authorised; commercial installs","South East","Commercial; Residential","OZEV authorised","51.74568826333334","-1.2088878299999997","2026-05-18"
"Lion Plumbing and Electrical Ltd","N/A","N/A","N/A","info@lion-electrical.co.uk","07401 430989","https://www.lion-electrical.co.uk","305 Dickson Road, Blackpool","Blackpool","North West","United Kingdom","EV chargepoint installation","Commercial and residential installations","N/A","N/A","N/A","N/A","N/A","N/A","N/A","https://www.gov.uk/electric-vehicle-chargepoint-installers","OZEV-authorised; commercial installs","North West","Commercial; Residential","OZEV authorised","53.83164967283953","-3.0531229308641965","2026-05-18"
"Lockelec Ltd","N/A","N/A","N/A","info@lockelec.co.uk","07772 486058","N/A","6 Twigworth Way, Longford, Gloucester","Gloucester","South West","United Kingdom","EV chargepoint installation","Commercial and residential installations","N/A","N/A","N/A","N/A","N/A","N/A","N/A","https://www.gov.uk/electric-vehicle-chargepoint-installers","OZEV-authorised; commercial installs","South West","Commercial; Residential","OZEV authorised","51.88469665294117","-2.224352488235294","2026-05-18"
"London City Fire UK Ltd","N/A","N/A","N/A","admin@londoncityfire.com","02074 986666","https://www.londoncityfire.co.uk","Unit 2, Michael Manley Industrial Estate, London","London","London","United Kingdom","EV chargepoint installation","Commercial and residential installations","N/A","N/A","N/A","N/A","N/A","N/A","N/A","https://www.gov.uk/electric-vehicle-chargepoint-installers","OZEV-authorised; commercial installs","London","Commercial; Residential","OZEV authorised","51.47255643636363","-0.13685977272727273","2026-05-18"
"London Electrical Solutions Ltd","N/A","N/A","N/A","info@londonelectricalsolutions.com","02033 971522","https://www.londonelectricalsolutions.com","15 Greenwich Business Centre,53 Norman Road,, London","London","London","United Kingdom","EV chargepoint installation","Commercial and residential installations","N/A","N/A","N/A","N/A","N/A","N/A","N/A","https://www.gov.uk/electric-vehicle-chargepoint-installers","OZEV-authorised; commercial installs","London","Commercial; Residential","OZEV authorised","51.47882349322035","-0.016811932203389838","2026-05-18"
"London EV Chargers","N/A","N/A","N/A","Steve@londonevchargers.com","02039 257389","https://www.londonevchargers.com/","85 Great Portland Street, First Floor, London","London","London","United Kingdom","EV chargepoint installation","Commercial and residential installations","N/A","N/A","N/A","N/A","N/A","N/A","N/A","https://www.gov.uk/electric-vehicle-chargepoint-installers","OZEV-authorised; commercial installs","London","Commercial; Residential","OZEV authorised","51.51846899999999","-0.1423797","2026-05-18"
"Loop Electric Limited","N/A","N/A","N/A","hello@loopelectric.co.uk","07956 406932","https://www.loopelectric.co.uk","Platform 9, Floor 5 & 6 Tower Point, 44 North Road, Brighton","Brighton","South East","United Kingdom","EV chargepoint installation","Commercial and residential installations","N/A","N/A","N/A","N/A","N/A","N/A","N/A","https://www.gov.uk/electric-vehicle-chargepoint-installers","OZEV-authorised; commercial installs","South East","Commercial; Residential","OZEV authorised","50.825885816666755","-0.1413644572916665","2026-05-18"
"Lotus Electrical Services","N/A","N/A","N/A","N/A","N/A","N/A","The Coppice, Beeswing,, Dumfries","Dumfries","Scotland","United Kingdom","EV chargepoint installation","Commercial and residential installations","N/A","N/A","N/A","N/A","N/A","N/A","N/A","https://www.gov.uk/electric-vehicle-chargepoint-installers","OZEV-authorised; commercial installs","Scotland","Commercial; Residential","OZEV authorised","55.00667958499999","-3.7279633749999994","2026-05-18"
"Lovett Electrical Installations Limited","N/A","N/A","N/A","N/A","N/A","N/A","The Old Puping Station, Northern Terrace, Lincoln","Lincoln","East Midlands","United Kingdom","EV chargepoint installation","Commercial and residential installations","N/A","N/A","N/A","N/A","N/A","N/A","N/A","https://www.gov.uk/electric-vehicle-chargepoint-installers","OZEV-authorised; commercial installs","East Midlands","Commercial; Residential","OZEV authorised","53.22565621199998","-0.522556704","2026-05-18"
"Luke Electrical","N/A","N/A","N/A","luke@lukeelectrical.co.uk","07843 873403","https://www.lukeelectrical.co.uk/","7 Fernbank Road, Bangor","Bangor","Northern Ireland","United Kingdom","EV chargepoint installation","Commercial and residential installations","N/A","N/A","N/A","N/A","N/A","N/A","N/A","https://www.gov.uk/electric-vehicle-chargepoint-installers","OZEV-authorised; commercial installs","Northern Ireland","Commercial; Residential","OZEV authorised","54.651070382352934","-5.640697202941176","2026-05-18"
"Lumex Trading Ltd","N/A","N/A","N/A","info@lumex.uk","07930 301133","https://www.lumex.uk","16 Barthomley Road, Stoke-on-Trent","Stoke-on-Trent","West Midlands","United Kingdom","EV chargepoint installation","Commercial and residential installations","N/A","N/A","N/A","N/A","N/A","N/A","N/A","https://www.gov.uk/electric-vehicle-chargepoint-installers","OZEV-authorised; commercial installs","West Midlands","Commercial; Residential","OZEV authorised","53.035343179310345","-2.167575813793104","2026-05-18"
"Lynn Edwards Electrical Contractors","N/A","N/A","N/A","l.edwards050@btinternet.com","01248 355856","N/A","25 Y Bae Garth, Bangor","Bangor","Wales","United Kingdom","EV chargepoint installation","Commercial and residential installations","N/A","N/A","N/A","N/A","N/A","N/A","N/A","https://www.gov.uk/electric-vehicle-chargepoint-installers","OZEV-authorised; commercial installs","Wales","Commercial; Residential","OZEV authorised","53.234404903999994","-4.1219142620000015","2026-05-18"
"Lyons Electrical","N/A","N/A","N/A","mail@lyonselectrical.co.uk","01634 290000","https://www.lyonselectrical.co.uk","Unit 7 Deacon Trading Centre, Knight Road, Rochester","Rochester","South East","United Kingdom","EV chargepoint installation","Commercial and residential installations","N/A","N/A","N/A","N/A","N/A","N/A","N/A","https://www.gov.uk/electric-vehicle-chargepoint-installers","OZEV-authorised; commercial installs","South East","Commercial; Residential","OZEV authorised","51.3935433","0.4913171","2026-05-18"
"M & E Electrical (NI) Ltd","N/A","N/A","N/A","N/A","N/A","N/A","Unit T3 Aghanloo Indurstrial Estate, Limavady, Derry","Derry","Northern Ireland","United Kingdom","EV chargepoint installation","Commercial and residential installations","N/A","N/A","N/A","N/A","N/A","N/A","N/A","https://www.gov.uk/electric-vehicle-chargepoint-installers","OZEV-authorised; commercial installs","Northern Ireland","Commercial; Residential","OZEV authorised","55.073745672131174","-6.931397067213111","2026-05-18"
"M Electrical (Electrical Contractor) Ltd","N/A","N/A","N/A","m.electrical@icloud.com","07801 969499","https://www.melectrical-uk.com/","38 Longthorpe Drive, Telford, Shropshire","Shropshire","West Midlands","United Kingdom","EV chargepoint installation","Commercial and residential installations","N/A","N/A","N/A","N/A","N/A","N/A","N/A","https://www.gov.uk/electric-vehicle-chargepoint-installers","OZEV-authorised; commercial installs","West Midlands","Commercial; Residential","OZEV authorised","52.71228694333333","-2.4886807766666665","2026-05-18"
"M G S Electrical Installations Ltd","N/A","N/A","N/A","sales@mgs-electrical.co.uk","01206 762273","https://www.mgs-electrical.co.uk","33 Barrack Street, Colchester","Colchester","East of England","United Kingdom","EV chargepoint installation","Commercial and residential installations","N/A","N/A","N/A","N/A","N/A","N/A","N/A","https://www.gov.uk/electric-vehicle-chargepoint-installers","OZEV-authorised; commercial installs","East of England","Commercial; Residential","OZEV authorised","51.88508235312499","0.9147933218750001","2026-05-18"
"M J Catterall Ltd","N/A","N/A","N/A","info@mjcatterall.co.uk","01524 411386","https://www.mjcatterall.co.uk/","320 - 322 Lancaster Road, Lancaster","Lancaster","North West","United Kingdom","EV chargepoint installation","Commercial and residential installations","N/A","N/A","N/A","N/A","N/A","N/A","N/A","https://www.gov.uk/electric-vehicle-chargepoint-installers","OZEV-authorised; commercial installs","North West","Commercial; Residential","OZEV authorised","54.06650173235293","-2.832825035294118","2026-05-18"
"M J Kemp Electrical Ltd","N/A","N/A","N/A","mkemp99@sky.com","07990 682051","N/A","1 Milstone Court, Threemilestone, Truro","Truro","South West","United Kingdom","EV chargepoint installation","Commercial and residential installations","N/A","N/A","N/A","N/A","N/A","N/A","N/A","https://www.gov.uk/electric-vehicle-chargepoint-installers","OZEV-authorised; commercial installs","South West","Commercial; Residential","OZEV authorised","50.263689500000005","-5.115924236363636","2026-05-18"
"M J MacPherson & Sons Ltd","N/A","N/A","N/A","ross@mjmacpherson.co.uk","01463 238896","https://www.mjmacphersonelectrical-inverness.co.uk","49 Glenurquhart Road, Inverness","Inverness","Scotland","United Kingdom","EV chargepoint installation","Commercial and residential installations","N/A","N/A","N/A","N/A","N/A","N/A","N/A","https://www.gov.uk/electric-vehicle-chargepoint-installers","OZEV-authorised; commercial installs","Scotland","Commercial; Residential","OZEV authorised","57.47075349999999","-4.236111410714286","2026-05-18"
"M R Carter Builders Ltd","N/A","N/A","N/A","markcarterd1@gmail.com","07538 261445","N/A","68 Blithdale Road, Abbey Wood, London","London","London","United Kingdom","EV chargepoint installation","Commercial and residential installations","N/A","N/A","N/A","N/A","N/A","N/A","N/A","https://www.gov.uk/electric-vehicle-chargepoint-installers","OZEV-authorised; commercial installs","London","Commercial; Residential","OZEV authorised","51.48862167894736","0.10339778684210527","2026-05-18"
"M W Electrical Services Ltd (York)","N/A","N/A","N/A","craig@mwelectrical.org","01904 691166","https://www.york-electrical.co.uk/","31 St Oswalds Road, Fulford, York","York","Yorkshire & Humber","United Kingdom","EV chargepoint installation","Commercial and residential installations","N/A","N/A","N/A","N/A","N/A","N/A","N/A","https://www.gov.uk/electric-vehicle-chargepoint-installers","OZEV-authorised; commercial installs","Yorkshire & Humber","Commercial; Residential","OZEV authorised","53.939465247826064","-1.0792831423913036","2026-05-18"
"M Winters Electrical Ltd","N/A","N/A","N/A","martinwinters43@btinternet.com","07770 236845","N/A","75 Old Mountfield Road, Omagh","Omagh","Northern Ireland","United Kingdom","EV chargepoint installation","Commercial installations only","N/A","N/A","N/A","N/A","N/A","N/A","N/A","https://www.gov.uk/electric-vehicle-chargepoint-installers","OZEV-authorised; commercial installs","Northern Ireland","Commercial","OZEV authorised","54.609415649999995","-7.272325316666667","2026-05-18"
"M&M Contractors t/a M&M Contractors EUROPE Ltd","N/A","N/A","N/A","tenders@mm-contractors.com","02890 754090","https://www.mm-contractors.com","4 Pilot's View, Heron Road, Belfast","Belfast","Northern Ireland","United Kingdom","EV chargepoint installation","Commercial and residential installations","N/A","N/A","N/A","N/A","N/A","N/A","N/A","https://www.gov.uk/electric-vehicle-chargepoint-installers","OZEV-authorised; commercial installs","Northern Ireland","Commercial; Residential","OZEV authorised","54.628798236144576","-5.866622702409641","2026-05-18"
"M.M.Makda Electricals","N/A","N/A","N/A","mmmakdaelectricals@hotmail.com","07841 521547","https://www.mmakdaelectricals.com","4 Juniper Street, Blackburn, Lancashire","Lancashire","North West","United Kingdom","EV chargepoint installation","Commercial and residential installations","N/A","N/A","N/A","N/A","N/A","N/A","N/A","https://www.gov.uk/electric-vehicle-chargepoint-installers","OZEV-authorised; commercial installs","North West","Commercial; Residential","OZEV authorised","53.758595172727276","-2.4689248363636365","2026-05-18"
"Macdal Electrical Services Limited","N/A","N/A","N/A","info@macdalelectrical.co.uk","01738 509000","https://www.perthelectricians.co.uk","53 Muirend Gardens, Perth, Perthshire","Perthshire","Scotland","United Kingdom","EV chargepoint installation","Commercial and residential installations","N/A","N/A","N/A","N/A","N/A","N/A","N/A","https://www.gov.uk/electric-vehicle-chargepoint-installers","OZEV-authorised; commercial installs","Scotland","Commercial; Residential","OZEV authorised","56.39463956176472","-3.4682148470588237","2026-05-18"
"Mackay Electrical Ltd","N/A","N/A","N/A","N/A","N/A","N/A","40 Rowan Gardens, Conon Bridge","Conon Bridge","Scotland","United Kingdom","EV chargepoint installation","Commercial and residential installations","N/A","N/A","N/A","N/A","N/A","N/A","N/A","https://www.gov.uk/electric-vehicle-chargepoint-installers","OZEV-authorised; commercial installs","Scotland","Commercial; Residential","OZEV authorised","57.562800975641004","-4.427076798717949","2026-05-18"
"Mad About Electrics Limited","N/A","N/A","N/A","info@madaboutelectrics.com","01904 787983","https://www.madaboutelectrics.com","Unit 2 Pyramid Court, Rosetta way, York","York","Yorkshire & Humber","United Kingdom","EV chargepoint installation","Commercial and residential installations","N/A","N/A","N/A","N/A","N/A","N/A","N/A","https://www.gov.uk/electric-vehicle-chargepoint-installers","OZEV-authorised; commercial installs","Yorkshire & Humber","Commercial; Residential","OZEV authorised","53.967099135714285","-1.1205296142857142","2026-05-18"
"Magnum Utilities Ltd","N/A","N/A","N/A","david.chapman@magnumutilities.com","07593 549587","N/A","Atria, Spa Road, Bolton","Bolton","North West","United Kingdom","EV chargepoint installation","Commercial and residential installations","N/A","N/A","N/A","N/A","N/A","N/A","N/A","https://www.gov.uk/electric-vehicle-chargepoint-installers","OZEV-authorised; commercial installs","North West","Commercial; Residential","OZEV authorised","53.57749859780224","-2.4394326527472554","2026-05-18"
"Maisum Renewable Energy Ltd","N/A","N/A","N/A","sue@maisum.co.uk","01212 969512","https://www.maisum.co.uk","Griffin Bridge House, 56 Northfield Road, Netherton, Dudley","Dudley","West Midlands","United Kingdom","EV chargepoint installation","Commercial and residential installations","N/A","N/A","N/A","N/A","N/A","N/A","N/A","https://www.gov.uk/electric-vehicle-chargepoint-installers","OZEV-authorised; commercial installs","West Midlands","Commercial; Residential","OZEV authorised","52.48868991698114","-2.0757732622641507","2026-05-18"
"Manor Maintenance (Electrical Services) Ltd","N/A","N/A","N/A","N/A","N/A","N/A","Unit 3 Granville Court, Leighton Street, Nottingham","Nottingham","East Midlands","United Kingdom","EV chargepoint installation","Commercial and residential installations","N/A","N/A","N/A","N/A","N/A","N/A","N/A","https://www.gov.uk/electric-vehicle-chargepoint-installers","OZEV-authorised; commercial installs","East Midlands","Commercial; Residential","OZEV authorised","52.958550714285714","-1.1273652","2026-05-18"
"Mark Jones Electrical","N/A","N/A","N/A","N/A","N/A","N/A","17 Lon Menai, Menai Bridge, Angelsey","Angelsey","Wales","United Kingdom","EV chargepoint installation","Commercial and residential installations","N/A","N/A","N/A","N/A","N/A","N/A","N/A","https://www.gov.uk/electric-vehicle-chargepoint-installers","OZEV-authorised; commercial installs","Wales","Commercial; Residential","OZEV authorised","53.22949864583333","-4.176082195833334","2026-05-18"
"Martin C Gilbert Ltd","N/A","N/A","N/A","steve@martingilbertelectrical.co.uk","01473 213713","https://www.martingilbertelectrical.co.uk","Unit 12 Brookhouse Business Park, Brunel Road, Ipswich","Ipswich","East of England","United Kingdom","EV chargepoint installation","Commercial and residential installations","N/A","N/A","N/A","N/A","N/A","N/A","N/A","https://www.gov.uk/electric-vehicle-chargepoint-installers","OZEV-authorised; commercial installs","East of England","Commercial; Residential","OZEV authorised","52.059884540540544","1.1305309162162163","2026-05-18"
"Martin Day Electricians Ltd","N/A","N/A","N/A","info@martindayelectrican.co.uk","01133 474743","https://www.martindayelectrician.co.uk","Castleton Close, Castleton Mill,, Leeds","Leeds","Yorkshire & Humber","United Kingdom","EV chargepoint installation","Commercial and residential installations","N/A","N/A","N/A","N/A","N/A","N/A","N/A","https://www.gov.uk/electric-vehicle-chargepoint-installers","OZEV-authorised; commercial installs","Yorkshire & Humber","Commercial; Residential","OZEV authorised","53.796222810909114","-1.566763127272728","2026-05-18"
"Martin Eadon Electrical Contractor","N/A","N/A","N/A","martineadon.electrician@yahoo.co.uk","07970 087801","N/A","Hillrise, The Butts, Napton, Southam","Southam","West Midlands","United Kingdom","EV chargepoint installation","Commercial and residential installations","N/A","N/A","N/A","N/A","N/A","N/A","N/A","https://www.gov.uk/electric-vehicle-chargepoint-installers","OZEV-authorised; commercial installs","West Midlands","Commercial; Residential","OZEV authorised","52.24649097272727","-1.3233539909090908","2026-05-18"
"Martin Kaine","N/A","N/A","N/A","sparkybear@mail.com","07545 269646","https://www.martinkaineelectrical.co.uk","2 Fairhead Road South, Colchester","Colchester","East of England","United Kingdom","EV chargepoint installation","Commercial and residential installations","N/A","N/A","N/A","N/A","N/A","N/A","N/A","https://www.gov.uk/electric-vehicle-chargepoint-installers","OZEV-authorised; commercial installs","East of England","Commercial; Residential","OZEV authorised","51.8944950375","0.9222156874999999","2026-05-18"
"Martin-Brower UK Ltd","N/A","N/A","N/A","N/A","N/A","N/A","Third Floor, South Wing, One Park Lane, Hemel Hempstead","Hemel Hempstead","South East","United Kingdom","EV chargepoint installation","Commercial installations only","N/A","N/A","N/A","N/A","N/A","N/A","N/A","https://www.gov.uk/electric-vehicle-chargepoint-installers","OZEV-authorised; commercial installs","South East","Commercial","OZEV authorised","51.7480365","-0.47023237500000004","2026-05-18"
"Masterfix GB Ltd","N/A","N/A","N/A","mark.woolner@master-fix.com","02075 188600","https://www.master-fix.com","7 Portman Mews South, London","London","London","United Kingdom","EV chargepoint installation","Commercial and residential installations","N/A","N/A","N/A","N/A","N/A","N/A","N/A","https://www.gov.uk/electric-vehicle-chargepoint-installers","OZEV-authorised; commercial installs","London","Commercial; Residential","OZEV authorised","51.5145877","-0.1557109","2026-05-18"
"MBA Electrical Contractor","N/A","N/A","N/A","billsmbaz4@yahoo.co.uk","07595 181642","N/A","Flat 9 Rugless House, Eastferry Road, London","London","London","United Kingdom","EV chargepoint installation","Commercial and residential installations","N/A","N/A","N/A","N/A","N/A","N/A","N/A","https://www.gov.uk/electric-vehicle-chargepoint-installers","OZEV-authorised; commercial installs","London","Commercial; Residential","OZEV authorised","51.49813329999997","-0.011694499999999998","2026-05-18"
"McCarthy Electrical SW Ltd","N/A","N/A","N/A","dommccarthy@hotmail.co.uk","07453 795959","N/A","45 Thurlow Road, Torquay","Torquay","South West","United Kingdom","EV chargepoint installation","Commercial and residential installations","N/A","N/A","N/A","N/A","N/A","N/A","N/A","https://www.gov.uk/electric-vehicle-chargepoint-installers","OZEV-authorised; commercial installs","South West","Commercial; Residential","OZEV authorised","50.472781584615404","-3.5333759589743603","2026-05-18"
"MCE Electrical Contractors Ltd","N/A","N/A","N/A","m.o@mce-electrical.co.uk","07423 306652","N/A","Unit 1 Bowling Park Close, Bradford","Bradford","Yorkshire & Humber","United Kingdom","EV chargepoint installation","Commercial and residential installations","N/A","N/A","N/A","N/A","N/A","N/A","N/A","https://www.gov.uk/electric-vehicle-chargepoint-installers","OZEV-authorised; commercial installs","Yorkshire & Humber","Commercial; Residential","OZEV authorised","53.78089467435898","-1.743790433333333","2026-05-18"
"McInnes Group Ltd","N/A","N/A","N/A","N/A","N/A","N/A","Unit 3 43a, Harbour Road, Inverness","Inverness","Scotland","United Kingdom","EV chargepoint installation","Commercial installations only","N/A","N/A","N/A","N/A","N/A","N/A","N/A","https://www.gov.uk/electric-vehicle-chargepoint-installers","OZEV-authorised; commercial installs","Scotland","Commercial","OZEV authorised","57.48433281029411","-4.206935247058825","2026-05-18"
"MCJ Electrical Contracting Ltd","N/A","N/A","N/A","N/A","N/A","N/A","10 Appleton Street, Wigan","Wigan","North West","United Kingdom","EV chargepoint installation","Commercial and residential installations","N/A","N/A","N/A","N/A","N/A","N/A","N/A","https://www.gov.uk/electric-vehicle-chargepoint-installers","OZEV-authorised; commercial installs","North West","Commercial; Residential","OZEV authorised","53.54519331764705","-2.638290364705883","2026-05-18"
"McMain Electrical Limited","N/A","N/A","N/A","info@darlingtonelectrician.com","01325 244491","https://www.darlingtonelectrician.com","73 Elton Road, Darlington","Darlington","North East","United Kingdom","EV chargepoint installation","Commercial and residential installations","N/A","N/A","N/A","N/A","N/A","N/A","N/A","https://www.gov.uk/electric-vehicle-chargepoint-installers","OZEV-authorised; commercial installs","North East","Commercial; Residential","OZEV authorised","54.52621030625","-1.5741479875","2026-05-18"
"MDT Electrical Ltd","N/A","N/A","N/A","mick.colley@mdtelectrical.com","02920 342229","https://www.mdtelectrical.com","Unit 9, Freemans Park, Cardiff","Cardiff","Wales","United Kingdom","EV chargepoint installation","Commercial and residential installations","N/A","N/A","N/A","N/A","N/A","N/A","N/A","https://www.gov.uk/electric-vehicle-chargepoint-installers","OZEV-authorised; commercial installs","Wales","Commercial; Residential","OZEV authorised","51.46214715365853","-3.1965917146341467","2026-05-18"
"ME Services Ltd T/A Coil Integrated Services","N/A","N/A","N/A","N/A","N/A","N/A","71-75 Shelton Street, London","London","London","United Kingdom","EV chargepoint installation","Commercial and residential installations","N/A","N/A","N/A","N/A","N/A","N/A","N/A","https://www.gov.uk/electric-vehicle-chargepoint-installers","OZEV-authorised; commercial installs","London","Commercial; Residential","OZEV authorised","51.51489425909092","-0.12361452121212109","2026-05-18"
"MEB Services Ltd","N/A","N/A","N/A","N/A","N/A","N/A","Stebbs, Cunningsburgh, Shetland","Shetland","Scotland","United Kingdom","EV chargepoint installation","Commercial and residential installations","N/A","N/A","N/A","N/A","N/A","N/A","N/A","https://www.gov.uk/electric-vehicle-chargepoint-installers","OZEV-authorised; commercial installs","Scotland","Commercial; Residential","OZEV authorised","60.053949696875","-1.2271458375","2026-05-18"
"MEB Total Ltd","N/A","N/A","N/A","N/A","N/A","N/A","Unit D1, Fenton Trade Park, Dewsbury Road, Fenton, Stoke on Trent","Stoke on Trent","West Midlands","United Kingdom","EV chargepoint installation","Commercial and residential installations","N/A","N/A","N/A","N/A","N/A","N/A","N/A","https://www.gov.uk/electric-vehicle-chargepoint-installers","OZEV-authorised; commercial installs","West Midlands","Commercial; Residential","OZEV authorised","53.01063477464791","-2.1603167154929577","2026-05-18"
"Mecsol Ltd","N/A","N/A","N/A","N/A","N/A","N/A","Cambridge House, Waterloo Street, Bristol","Bristol","South West","United Kingdom","EV chargepoint installation","Commercial and residential installations","N/A","N/A","N/A","N/A","N/A","N/A","N/A","https://www.gov.uk/electric-vehicle-chargepoint-installers","OZEV-authorised; commercial installs","South West","Commercial; Residential","OZEV authorised","51.456552050000006","-2.577252083333333","2026-05-18"
"MER CHARGING UK LIMITED","N/A","N/A","N/A","N/A","N/A","N/A","19th Floor, 22 Bishopgate, London","London","London","United Kingdom","EV chargepoint installation","Commercial and residential installations","N/A","N/A","N/A","N/A","N/A","N/A","N/A","https://www.gov.uk/electric-vehicle-chargepoint-installers","OZEV-authorised; commercial installs","London","Commercial; Residential","OZEV authorised","51.51418889375001","-0.08334494999999999","2026-05-18"
"Metro Eco Group Ltd t/a Metro Eco","N/A","N/A","N/A","orders@metroeco.co.uk","01484 456456","https://www.metroeco.co.uk","4 Abb Sreet, Huddersfield","Huddersfield","Yorkshire & Humber","United Kingdom","EV chargepoint installation","Commercial and residential installations","N/A","N/A","N/A","N/A","N/A","N/A","N/A","https://www.gov.uk/electric-vehicle-chargepoint-installers","OZEV-authorised; commercial installs","Yorkshire & Humber","Commercial; Residential","OZEV authorised","53.651792926315785","-1.805473678947368","2026-05-18"
"MGE Electrical (Wigan)","N/A","N/A","N/A","mgille4917@tiscali.co.uk","07762 555075","N/A","12 Market Street, Wigan","Wigan","North West","United Kingdom","EV chargepoint installation","Commercial and residential installations","N/A","N/A","N/A","N/A","N/A","N/A","N/A","https://www.gov.uk/electric-vehicle-chargepoint-installers","OZEV-authorised; commercial installs","North West","Commercial; Residential","OZEV authorised","53.54635592727273","-2.632632654545455","2026-05-18"
"MHSL Services Limited","N/A","N/A","N/A","enquiries@mhslservices.co.uk","01413 782101","https://www.mhslservices.co.uk","Abbey Mill Business Centre, Mile End Mill, Unit 4015, 12 Seedhill Road, Paisley","Paisley","Scotland","United Kingdom","EV chargepoint installation","Commercial and residential installations","N/A","N/A","N/A","N/A","N/A","N/A","N/A","https://www.gov.uk/electric-vehicle-chargepoint-installers","OZEV-authorised; commercial installs","Scotland","Commercial; Residential","OZEV authorised","55.84270567717396","-4.410914415217395","2026-05-18"
"Midwest Mechanical & Electrical Services Ltd","N/A","N/A","N/A","evcharging@midwest.co.uk","01902 422355","https://www.midwest.co.uk","1 Pelham Street, Wolverhampton","Wolverhampton","West Midlands","United Kingdom","EV chargepoint installation","Commercial and residential installations","N/A","N/A","N/A","N/A","N/A","N/A","N/A","https://www.gov.uk/electric-vehicle-chargepoint-installers","OZEV-authorised; commercial installs","West Midlands","Commercial; Residential","OZEV authorised","52.58026645","-2.140002275","2026-05-18"
"Mike Morgan & Sons Electrical","N/A","N/A","N/A","N/A","N/A","N/A","Linde Lea, Grosvenor Road, Llandrindod Wells","Llandrindod Wells","Wales","United Kingdom","EV chargepoint installation","Commercial and residential installations","N/A","N/A","N/A","N/A","N/A","N/A","N/A","https://www.gov.uk/electric-vehicle-chargepoint-installers","OZEV-authorised; commercial installs","Wales","Commercial; Residential","OZEV authorised","52.23402679722223","-3.378992383333334","2026-05-18"
"Millpark Construction LTD","N/A","N/A","N/A","N/A","N/A","N/A","Unit 4 Church Street,, Wakefield","Wakefield","Yorkshire & Humber","United Kingdom","EV chargepoint installation","Commercial and residential installations","N/A","N/A","N/A","N/A","N/A","N/A","N/A","https://www.gov.uk/electric-vehicle-chargepoint-installers","OZEV-authorised; commercial installs","Yorkshire & Humber","Commercial; Residential","OZEV authorised","53.67346814166666","-1.4951974416666662","2026-05-18"
"Mirzo Ltd","N/A","N/A","N/A","emin@hotmail.co.uk","07980 329598","N/A","39 Gladbeck Way, Enfield","Enfield","South East","United Kingdom","EV chargepoint installation","Commercial and residential installations","N/A","N/A","N/A","N/A","N/A","N/A","N/A","https://www.gov.uk/electric-vehicle-chargepoint-installers","OZEV-authorised; commercial installs","South East","Commercial; Residential","OZEV authorised","51.65161447073169","-0.09260332073170734","2026-05-18"
"MJZ Electrical Services Ltd","N/A","N/A","N/A","info@mjzelectrical.co.uk","01708507525 / 07889721190","N/A","7th Floor, 45 Moorfields, London","London","London","United Kingdom","EV chargepoint installation","Commercial and residential installations","N/A","N/A","N/A","N/A","N/A","N/A","N/A","https://www.gov.uk/electric-vehicle-chargepoint-installers","OZEV-authorised; commercial installs","London","Commercial; Residential","OZEV authorised","51.518478596666675","-0.08938193666666666","2026-05-18"
"MK Wired Ltd","N/A","N/A","N/A","mkwiredltd@gmail.com","07748 486957","https://www.mkwired.co.uk","1 Redding Grove, Milton Keynes","Milton Keynes","South East","United Kingdom","EV chargepoint installation","Commercial and residential installations","N/A","N/A","N/A","N/A","N/A","N/A","N/A","https://www.gov.uk/electric-vehicle-chargepoint-installers","OZEV-authorised; commercial installs","South East","Commercial; Residential","OZEV authorised","52.02438146363637","-0.8008152939393941","2026-05-18"
"MLJ Electrical Services Ltd (Lancaster)","N/A","N/A","N/A","N/A","N/A","N/A","15 Morecambe Road,, Morecambe","Morecambe","North West","United Kingdom","EV chargepoint installation","Commercial and residential installations","N/A","N/A","N/A","N/A","N/A","N/A","N/A","https://www.gov.uk/electric-vehicle-chargepoint-installers","OZEV-authorised; commercial installs","North West","Commercial; Residential","OZEV authorised","54.064509110526316","-2.8354461947368415","2026-05-18"
"MM Building services ltd","N/A","N/A","N/A","N/A","N/A","N/A","Unit 6 Edmund Road Business Centre, Chapeltown, Sheffield","Sheffield","Yorkshire & Humber","United Kingdom","EV chargepoint installation","Commercial and residential installations","N/A","N/A","N/A","N/A","N/A","N/A","N/A","https://www.gov.uk/electric-vehicle-chargepoint-installers","OZEV-authorised; commercial installs","Yorkshire & Humber","Commercial; Residential","OZEV authorised","53.37132539411765","-1.466441929411765","2026-05-18"
"MM Electrical & Building Services Ltd t/a Bridge Electrical & Building Services","N/A","N/A","N/A","N/A","N/A","N/A","57 Liddon Road, Bromley","Bromley","South East","United Kingdom","EV chargepoint installation","Commercial and residential installations","N/A","N/A","N/A","N/A","N/A","N/A","N/A","https://www.gov.uk/electric-vehicle-chargepoint-installers","OZEV-authorised; commercial installs","South East","Commercial; Residential","OZEV authorised","51.40082666315791","0.03349255000000001","2026-05-18"
"MMC Electrical Services","N/A","N/A","N/A","maurice@mmcelectrical.co.uk","07861 801624","https://www.mmcelectrical.co.uk","135 Skipetts Garden, Basingstoke","Basingstoke","South East","United Kingdom","EV chargepoint installation","Commercial and residential installations","N/A","N/A","N/A","N/A","N/A","N/A","N/A","https://www.gov.uk/electric-vehicle-chargepoint-installers","OZEV-authorised; commercial installs","South East","Commercial; Residential","OZEV authorised","51.25086093188406","-1.0826238739130436","2026-05-18"
"MMC Electrical Services Ltd","N/A","N/A","N/A","maurice.canterbury@sky.com","07861 801624","https://www.mmcelectrical.co.uk","135 Skippetts Gardens, Basingstoke","Basingstoke","South East","United Kingdom","EV chargepoint installation","Commercial and residential installations","N/A","N/A","N/A","N/A","N/A","N/A","N/A","https://www.gov.uk/electric-vehicle-chargepoint-installers","OZEV-authorised; commercial installs","South East","Commercial; Residential","OZEV authorised","51.25086093188406","-1.0826238739130436","2026-05-18"
"MMI Building Services Ltd","N/A","N/A","N/A","markbenting@mmibuildingservicesltd.co.uk","07966 782851","https://www.mmibuildingservicesltd.com","M M I Building Services Ltd, 61 High Street, Telford","Telford","West Midlands","United Kingdom","EV chargepoint installation","Commercial installations only","N/A","N/A","N/A","N/A","N/A","N/A","N/A","https://www.gov.uk/electric-vehicle-chargepoint-installers","OZEV-authorised; commercial installs","West Midlands","Commercial","OZEV authorised","52.699016205","-2.5128421849999993","2026-05-18"
"Monard Electrical Contractors LLP","N/A","N/A","N/A","N/A","N/A","N/A","5 Monard Terrace, Denmark Street, Oxford","Oxford","South East","United Kingdom","EV chargepoint installation","Commercial and residential installations","N/A","N/A","N/A","N/A","N/A","N/A","N/A","https://www.gov.uk/electric-vehicle-chargepoint-installers","OZEV-authorised; commercial installs","South East","Commercial; Residential","OZEV authorised","51.74577205555555","-1.2400301888888887","2026-05-18"
"Morris Electrical Installations Ltd","N/A","N/A","N/A","admin@morrisel.co.uk","01212 969898","https://www.morrisel.co.uk","4 Church Court, Cox Street, Birmingham","Birmingham","West Midlands","United Kingdom","EV chargepoint installation","Commercial and residential installations","N/A","N/A","N/A","N/A","N/A","N/A","N/A","https://www.gov.uk/electric-vehicle-chargepoint-installers","OZEV-authorised; commercial installs","West Midlands","Commercial; Residential","OZEV authorised","52.486543757831335","-1.9052946903614483","2026-05-18"
"Morrison Data Services Limited","N/A","N/A","N/A","sarah.buchanan@morrisonds.com","01912 013500","https://www.morrisonds.com","Abel Smith House, Gunnels Wood Road, Hertfordshire","Hertfordshire","South East","United Kingdom","EV chargepoint installation","Commercial and residential installations","N/A","N/A","N/A","N/A","N/A","N/A","N/A","https://www.gov.uk/electric-vehicle-chargepoint-installers","OZEV-authorised; commercial installs","South East","Commercial; Residential","OZEV authorised","51.898667325","-0.21299878750000004","2026-05-18"
"Morrison Utility Services Limited","N/A","N/A","N/A","N/A","N/A","N/A","Abel Smith House, Gunnels Wood Road, Stevenage","Stevenage","South East","United Kingdom","EV chargepoint installation","Commercial installations only","N/A","N/A","N/A","N/A","N/A","N/A","N/A","https://www.gov.uk/electric-vehicle-chargepoint-installers","OZEV-authorised; commercial installs","South East","Commercial","OZEV authorised","51.898667325","-0.21299878750000004","2026-05-18"
"Mountstephens Electrical Limited","N/A","N/A","N/A","info@mountstephens.co.uk","01823 275931","https://www.mountstephens.co.uk","11 Chaffinch Close, Bishops Hull, Taunton, Somerset","Somerset","South West","United Kingdom","EV chargepoint installation","Commercial and residential installations","N/A","N/A","N/A","N/A","N/A","N/A","N/A","https://www.gov.uk/electric-vehicle-chargepoint-installers","OZEV-authorised; commercial installs","South West","Commercial; Residential","OZEV authorised","51.01635181785713","-3.128764982142857","2026-05-18"
"MTEC T/A Mark Thompson Electrical Engineers & Contractors Ltd","N/A","N/A","N/A","mark@mtec-electrical.co.uk","07928 170125","N/A","75 Greystone Road, Carlisle","Carlisle","North West","United Kingdom","EV chargepoint installation","Commercial and residential installations","N/A","N/A","N/A","N/A","N/A","N/A","N/A","https://www.gov.uk/electric-vehicle-chargepoint-installers","OZEV-authorised; commercial installs","North West","Commercial; Residential","OZEV authorised","54.89108745217391","-2.9180544202898555","2026-05-18"
"MTK Electrical Services Ltd","N/A","N/A","N/A","info@mtk-electrical.co.uk","07795 561082","https://www.mtk-electrical.co.uk","93 Eastfield Road, Southsea, Portsmouth","Portsmouth","South East","United Kingdom","EV chargepoint installation","Commercial and residential installations","N/A","N/A","N/A","N/A","N/A","N/A","N/A","https://www.gov.uk/electric-vehicle-chargepoint-installers","OZEV-authorised; commercial installs","South East","Commercial; Residential","OZEV authorised","50.79003691428572","-1.0616077063492062","2026-05-18"
"Muller EV t/a Andersen EV","N/A","N/A","N/A","contact@andersen-ev.com","02032 905984","https://www.andersen-ev.com","6th Floor, Aldgate Tower, 2 Leman St, London","London","London","United Kingdom","EV chargepoint installation","Commercial and residential installations","N/A","N/A","N/A","N/A","N/A","N/A","N/A","https://www.gov.uk/electric-vehicle-chargepoint-installers","OZEV-authorised; commercial installs","London","Commercial; Residential","OZEV authorised","51.51477129673912","-0.07209553913043487","2026-05-18"
"MW Smart Homes Limited","N/A","N/A","N/A","hello@mwsmarthomes.co.uk","03300881104 / 07500904332","https://www.mwsmarthomes.co.uk","79 Lower Oldfield Park, Bath","Bath","South West","United Kingdom","EV chargepoint installation","Commercial and residential installations","N/A","N/A","N/A","N/A","N/A","N/A","N/A","https://www.gov.uk/electric-vehicle-chargepoint-installers","OZEV-authorised; commercial installs","South West","Commercial; Residential","OZEV authorised","51.37782241750001","-2.3755582274999996","2026-05-18"
"My EV Ltd","N/A","N/A","N/A","michael@myevchargepoints.com","07738 547014","N/A","67 Napier Road, ISLEWORTH","ISLEWORTH","South East","United Kingdom","EV chargepoint installation","Commercial and residential installations","N/A","N/A","N/A","N/A","N/A","N/A","N/A","https://www.gov.uk/electric-vehicle-chargepoint-installers","OZEV-authorised; commercial installs","South East","Commercial; Residential","OZEV authorised","51.46275280681819","-0.3273337545454546","2026-05-18"
"Myhouse MOT Limited","N/A","N/A","N/A","electrician@myhousemot.com","02894 438988","https://www.myhousemot.com","161-163 Upper Lisburn Road, Belfast","Belfast","Northern Ireland","United Kingdom","EV chargepoint installation","Commercial and residential installations","N/A","N/A","N/A","N/A","N/A","N/A","N/A","https://www.gov.uk/electric-vehicle-chargepoint-installers","OZEV-authorised; commercial installs","Northern Ireland","Commercial; Residential","OZEV authorised","54.56096768333334","-5.9861529749999995","2026-05-18"
"N & P Electrical Ltd","N/A","N/A","N/A","info@nandp.uk.net","01482 219599","https://www.nandp.uk.net","Unit 4, Merrick Business Park, Merrick Street, Hull","Hull","Yorkshire & Humber","United Kingdom","EV chargepoint installation","Commercial and residential installations","N/A","N/A","N/A","N/A","N/A","N/A","N/A","https://www.gov.uk/electric-vehicle-chargepoint-installers","OZEV-authorised; commercial installs","Yorkshire & Humber","Commercial; Residential","OZEV authorised","53.74612333076924","-0.3183307153846154","2026-05-18"
"N J Richens Electrical Ltd","N/A","N/A","N/A","N/A","N/A","N/A","19 Trowers Way, Redhill","Redhill","South East","United Kingdom","EV chargepoint installation","Commercial and residential installations","N/A","N/A","N/A","N/A","N/A","N/A","N/A","https://www.gov.uk/electric-vehicle-chargepoint-installers","OZEV-authorised; commercial installs","South East","Commercial; Residential","OZEV authorised","51.25086481666667","-0.1565384972222222","2026-05-18"
"N.BROWN ELECTRICAL LTD","N/A","N/A","N/A","neil@electricianinbelfast.co.uk","02890 123288","https://www.electricianinbelfast.co.uk","50 Dunleady Park, Dundonald, Belfast","Belfast","Northern Ireland","United Kingdom","EV chargepoint installation","Commercial and residential installations","N/A","N/A","N/A","N/A","N/A","N/A","N/A","https://www.gov.uk/electric-vehicle-chargepoint-installers","OZEV-authorised; commercial installs","Northern Ireland","Commercial; Residential","OZEV authorised","54.59790878285713","-5.797474682857142","2026-05-18"
"Nathan Bailey Electrical Ltd","N/A","N/A","N/A","nathanbaileyspark@hotmail.co.uk","07934 958375","N/A","9 Shrubbery Ave, Tipton, West Midlands","West Midlands","West Midlands","United Kingdom","EV chargepoint installation","Commercial and residential installations","N/A","N/A","N/A","N/A","N/A","N/A","N/A","https://www.gov.uk/electric-vehicle-chargepoint-installers","OZEV-authorised; commercial installs","West Midlands","Commercial; Residential","OZEV authorised","52.526853586111116","-2.075344305555556","2026-05-18"
"NBS Electrical Services (NW) Ltd","N/A","N/A","N/A","info@nbselectrical.co.uk","07710 640040","https://www.nbselectrical.co.uk","2 Houghton Avenue, Warrington","Warrington","North West","United Kingdom","EV chargepoint installation","Commercial and residential installations","N/A","N/A","N/A","N/A","N/A","N/A","N/A","https://www.gov.uk/electric-vehicle-chargepoint-installers","OZEV-authorised; commercial installs","North West","Commercial; Residential","OZEV authorised","53.39609263571428","-2.5826820714285716","2026-05-18"
"Neil Campbell Electrical Contractors LTD","N/A","N/A","N/A","nc.electrical@hotmail.co.uk","N/A","https://www.nc-ec.co.uk","Aird, Balivanich, Benbecula, Eilean Siar","Eilean Siar","Scotland","United Kingdom","EV chargepoint installation","Commercial and residential installations","N/A","N/A","N/A","N/A","N/A","N/A","N/A","https://www.gov.uk/electric-vehicle-chargepoint-installers","OZEV-authorised; commercial installs","Scotland","Commercial; Residential","OZEV authorised","57.46372903043479","-7.376421071014492","2026-05-18"
"Nemac Ltd T/A Nemac-EV","N/A","N/A","N/A","N/A","N/A","N/A","27 York Avenue, Wolverhampton","Wolverhampton","West Midlands","United Kingdom","EV chargepoint installation","Commercial and residential installations","N/A","N/A","N/A","N/A","N/A","N/A","N/A","https://www.gov.uk/electric-vehicle-chargepoint-installers","OZEV-authorised; commercial installs","West Midlands","Commercial; Residential","OZEV authorised","52.58244493225806","-2.16235195483871","2026-05-18"
"Newmay Electrical Services Ltd","N/A","N/A","N/A","N/A","N/A","N/A","Unit 5 Carbery Enterprise, 36 White Hart Lane, London","London","London","United Kingdom","EV chargepoint installation","Commercial and residential installations","N/A","N/A","N/A","N/A","N/A","N/A","N/A","https://www.gov.uk/electric-vehicle-chargepoint-installers","OZEV-authorised; commercial installs","London","Commercial; Residential","OZEV authorised","51.60561903333333","-0.06964493666666666","2026-05-18"
"Newton Electrical Contractors","N/A","N/A","N/A","enquiries@electrician-harrogate.co.uk","01423 566669","https://www.electrician-harrogate.co.uk","Unit 5a, Birchwood Mews, Harrogate","Harrogate","Yorkshire & Humber","United Kingdom","EV chargepoint installation","Commercial and residential installations","N/A","N/A","N/A","N/A","N/A","N/A","N/A","https://www.gov.uk/electric-vehicle-chargepoint-installers","OZEV-authorised; commercial installs","Yorkshire & Humber","Commercial; Residential","OZEV authorised","53.97745749767446","-1.5277268953488372","2026-05-18"
"Newtons Group Ltd","N/A","N/A","N/A","N/A","N/A","N/A","9 Weston Chambers, Weston Road, Southend-On-Sea","Southend-On-Sea","East of England","United Kingdom","EV chargepoint installation","Commercial and residential installations","N/A","N/A","N/A","N/A","N/A","N/A","N/A","https://www.gov.uk/electric-vehicle-chargepoint-installers","OZEV-authorised; commercial installs","East of England","Commercial; Residential","OZEV authorised","51.536274199999994","0.7129634","2026-05-18"
"Next Services Ltd","N/A","N/A","N/A","robert@nextservices.today","02891311551 / 07840848077","https://www.nextservices.today","Unit FE8 Sketrick House, 16 Jubilee Road, Newtownards","Newtownards","Northern Ireland","United Kingdom","EV chargepoint installation","Commercial and residential installations","N/A","N/A","N/A","N/A","N/A","N/A","N/A","https://www.gov.uk/electric-vehicle-chargepoint-installers","OZEV-authorised; commercial installs","Northern Ireland","Commercial; Residential","OZEV authorised","54.58518875696205","-5.703247674683544","2026-05-18"
"NH Electricals Ltd","N/A","N/A","N/A","nhelectricals@hotmail.co.uk","07533 202575","https://www.nhelectricals.co.uk","81 Langport Avenue, Manchester","Manchester","North West","United Kingdom","EV chargepoint installation","Commercial and residential installations","N/A","N/A","N/A","N/A","N/A","N/A","N/A","https://www.gov.uk/electric-vehicle-chargepoint-installers","OZEV-authorised; commercial installs","North West","Commercial; Residential","OZEV authorised","53.46503710677964","-2.2113943779661005","2026-05-18"
"Nicholson Brothers (Electrical Contractors) Ltd","N/A","N/A","N/A","nb@nicholsonbros.com","01316 670281","https://www.nicholsonbros.com","6A Grange Road, Edinburgh","Edinburgh","Scotland","United Kingdom","EV chargepoint installation","Commercial and residential installations","N/A","N/A","N/A","N/A","N/A","N/A","N/A","https://www.gov.uk/electric-vehicle-chargepoint-installers","OZEV-authorised; commercial installs","Scotland","Commercial; Residential","OZEV authorised","55.93672495454546","-3.181063268181819","2026-05-18"
"Nightingale Electrical Services Ltd","N/A","N/A","N/A","luke@nightingale-electrical.co.uk","07988 499255","https://www.nightingale-electrical.co.uk/","7 Throwley Way, Sutton","Sutton","South East","United Kingdom","EV chargepoint installation","Commercial and residential installations","N/A","N/A","N/A","N/A","N/A","N/A","N/A","https://www.gov.uk/electric-vehicle-chargepoint-installers","OZEV-authorised; commercial installs","South East","Commercial; Residential","OZEV authorised","51.364437530337014","-0.19214821910112379","2026-05-18"
"NJR Electrical And Fire","N/A","N/A","N/A","N/A","N/A","N/A","Flat 1, 22 Oaklands Crescent, Chelmsford","Chelmsford","East of England","United Kingdom","EV chargepoint installation","Commercial and residential installations","N/A","N/A","N/A","N/A","N/A","N/A","N/A","https://www.gov.uk/electric-vehicle-chargepoint-installers","OZEV-authorised; commercial installs","East of England","Commercial; Residential","OZEV authorised","51.723693700000005","0.4691720428571428","2026-05-18"
"NK Heating Solutions Ltd","N/A","N/A","N/A","info@nkheating.co.uk","01738 476479","N/A","Unit 9 Inchcape Place, North Muirton Industrial Estate, Perth","Perth","Scotland","United Kingdom","EV chargepoint installation","Commercial and residential installations","N/A","N/A","N/A","N/A","N/A","N/A","N/A","https://www.gov.uk/electric-vehicle-chargepoint-installers","OZEV-authorised; commercial installs","Scotland","Commercial; Residential","OZEV authorised","56.419617246428565","-3.461476571428571","2026-05-18"
"Noble Electrical Services Ltd","N/A","N/A","N/A","info@nobleelectrical.co.uk","01254686745 / 07940188243","https://www.nobleelectrical.co.uk","Suite 109 Blackburn Business Centre, Davyfield Road, Blackburn","Blackburn","North West","United Kingdom","EV chargepoint installation","Commercial and residential installations","N/A","N/A","N/A","N/A","N/A","N/A","N/A","https://www.gov.uk/electric-vehicle-chargepoint-installers","OZEV-authorised; commercial installs","North West","Commercial; Residential","OZEV authorised","53.7178211032258","-2.459520232258064","2026-05-18"
"Nordri Ltd","N/A","N/A","N/A","N/A","N/A","N/A","Staney Hill Industrial Estate, Lerwick, Shetland","Shetland","Scotland","United Kingdom","EV chargepoint installation","Commercial and residential installations","N/A","N/A","N/A","N/A","N/A","N/A","N/A","https://www.gov.uk/electric-vehicle-chargepoint-installers","OZEV-authorised; commercial installs","Scotland","Commercial; Residential","OZEV authorised","60.16001736875001","-1.1809070750000001","2026-05-18"
"Norfolk Electrical Solutions","N/A","N/A","N/A","norfolkelectricalsolutions@yahoo.com","07794 274437","https://www.norfolkelectricalsolutions.co.uk","3 Birkdale, Norwich","Norwich","East of England","United Kingdom","EV chargepoint installation","Commercial and residential installations","N/A","N/A","N/A","N/A","N/A","N/A","N/A","https://www.gov.uk/electric-vehicle-chargepoint-installers","OZEV-authorised; commercial installs","East of England","Commercial; Residential","OZEV authorised","52.612163472727275","1.265702209090909","2026-05-18"
"Normans Electrical Contractors Ltd T/A Design Haus Energy Solutions","N/A","N/A","N/A","michael.myrie@designhss.com","02031 037520","https://www.designhss.com","125 Cordelia Street, London","London","London","United Kingdom","EV chargepoint installation","Commercial and residential installations","N/A","N/A","N/A","N/A","N/A","N/A","N/A","https://www.gov.uk/electric-vehicle-chargepoint-installers","OZEV-authorised; commercial installs","London","Commercial; Residential","OZEV authorised","51.513874371698115","-0.01776770566037736","2026-05-18"
"North Down Electrics Ltd","N/A","N/A","N/A","info@northdownelectrics.co.uk","07739 003262","https://www.northdownelectrics.co.uk/","1 May Avenue, Bangor, County Down","County Down","Northern Ireland","United Kingdom","EV chargepoint installation","Commercial and residential installations","N/A","N/A","N/A","N/A","N/A","N/A","N/A","https://www.gov.uk/electric-vehicle-chargepoint-installers","OZEV-authorised; commercial installs","Northern Ireland","Commercial; Residential","OZEV authorised","54.66420141578948","-5.653144726315789","2026-05-18"
"North Group Projects Ltd","N/A","N/A","N/A","Info@northgroupprojectsltd.com","07517 383565","N/A","21 Hyde Park Road, Leeds","Leeds","Yorkshire & Humber","United Kingdom","EV chargepoint installation","Commercial and residential installations","N/A","N/A","N/A","N/A","N/A","N/A","N/A","https://www.gov.uk/electric-vehicle-chargepoint-installers","OZEV-authorised; commercial installs","Yorkshire & Humber","Commercial; Residential","OZEV authorised","53.80602094333331","-1.5691566683333333","2026-05-18"
"Nottingham City Council","N/A","N/A","N/A","N/A","01158 763636","N/A","Station Street, Nottingham","Nottingham","East Midlands","United Kingdom","EV chargepoint installation","Commercial and residential installations","N/A","N/A","N/A","N/A","N/A","N/A","N/A","https://www.gov.uk/electric-vehicle-chargepoint-installers","OZEV-authorised; commercial installs","East Midlands","Commercial; Residential","OZEV authorised","52.947731198113175","-1.145942154716981","2026-05-18"
"Novus Elements Ltd","N/A","N/A","N/A","N/A","N/A","N/A","14 Reed Crescent, Laurencekirk, Aberdeenshire","Aberdeenshire","Scotland","United Kingdom","EV chargepoint installation","Commercial and residential installations","N/A","N/A","N/A","N/A","N/A","N/A","N/A","https://www.gov.uk/electric-vehicle-chargepoint-installers","OZEV-authorised; commercial installs","Scotland","Commercial; Residential","OZEV authorised","57.14018879523809","-2.1553691476190475","2026-05-18"
"NRCS Building Services T/A NRCS","N/A","N/A","N/A","info@nrcselectrical.co.uk","07803 378592","https://www.nrcselectrical.co.uk","18-26 Hendon Rise, Nottingham","Nottingham","East Midlands","United Kingdom","EV chargepoint installation","Commercial and residential installations","N/A","N/A","N/A","N/A","N/A","N/A","N/A","https://www.gov.uk/electric-vehicle-chargepoint-installers","OZEV-authorised; commercial installs","East Midlands","Commercial; Residential","OZEV authorised","52.9686480942029","-1.128305962318841","2026-05-18"
"NSN Electrical Ltd t/a NSNev","N/A","N/A","N/A","evcharging@nsnelectrical.co.uk","01736 447307","https://www.nsnelectrical.co.uk","Unit 5G, Long Rock Industrial Estate, Penzance","Penzance","South West","United Kingdom","EV chargepoint installation","Commercial and residential installations","N/A","N/A","N/A","N/A","N/A","N/A","N/A","https://www.gov.uk/electric-vehicle-chargepoint-installers","OZEV-authorised; commercial installs","South West","Commercial; Residential","OZEV authorised","50.12988796455695","-5.505329781012657","2026-05-18"
"NU Electrical Limited","N/A","N/A","N/A","info@nuelectrical.co.uk","07736 734238","N/A","Flat 8, Avocet Court, 37 HARRIER ROAD,, London","London","London","United Kingdom","EV chargepoint installation","Commercial and residential installations","N/A","N/A","N/A","N/A","N/A","N/A","N/A","https://www.gov.uk/electric-vehicle-chargepoint-installers","OZEV-authorised; commercial installs","London","Commercial; Residential","OZEV authorised","51.59804193225808","-0.24952764193548377","2026-05-18"
"NVV LLP T/A NVV PROJECTS","N/A","N/A","N/A","N/A","N/A","N/A","BANK CHAMBERS, MARKET STREET, HUDDERSFIELD","HUDDERSFIELD","Yorkshire & Humber","United Kingdom","EV chargepoint installation","Commercial and residential installations","N/A","N/A","N/A","N/A","N/A","N/A","N/A","https://www.gov.uk/electric-vehicle-chargepoint-installers","OZEV-authorised; commercial installs","Yorkshire & Humber","Commercial; Residential","OZEV authorised","53.6467888","-1.7840046","2026-05-18"
"NW Electrical Installations Ltd","N/A","N/A","N/A","contact@nwei.co.uk","079759 620664","N/A","Unit 12, Phoenix Workshops, Mochdre","Mochdre","Wales","United Kingdom","EV chargepoint installation","Commercial and residential installations","N/A","N/A","N/A","N/A","N/A","N/A","N/A","https://www.gov.uk/electric-vehicle-chargepoint-installers","OZEV-authorised; commercial installs","Wales","Commercial; Residential","OZEV authorised","53.291757680769216","-3.765751998076923","2026-05-18"
"O & M Electrical Services Ltd","N/A","N/A","N/A","Engineers@omelectrical.co.uk","01422 343570","https://www.omelectrical.co.uk","2-4 Ramsden Street, Halifax","Halifax","Yorkshire & Humber","United Kingdom","EV chargepoint installation","Commercial and residential installations","N/A","N/A","N/A","N/A","N/A","N/A","N/A","https://www.gov.uk/electric-vehicle-chargepoint-installers","OZEV-authorised; commercial installs","Yorkshire & Humber","Commercial; Residential","OZEV authorised","53.735913366666665","-1.8849681","2026-05-18"
"O.N.T. Electrical Contractors","N/A","N/A","N/A","N/A","N/A","N/A","2 Imperial Street, Exeter, Devon","Devon","South West","United Kingdom","EV chargepoint installation","Commercial and residential installations","N/A","N/A","N/A","N/A","N/A","N/A","N/A","https://www.gov.uk/electric-vehicle-chargepoint-installers","OZEV-authorised; commercial installs","South West","Commercial; Residential","OZEV authorised","50.7190733","-3.5523551999999996","2026-05-18"
"Obtain Electrical Services","N/A","N/A","N/A","team@obtainelectricalservices.co.uk","01803362056 /","https://www.obtainelectricalservices.co.uk/","Office 3, Dainton Self Storage, Avenue Road, Torquay","Torquay","South West","United Kingdom","EV chargepoint installation","Commercial and residential installations","N/A","N/A","N/A","N/A","N/A","N/A","N/A","https://www.gov.uk/electric-vehicle-chargepoint-installers","OZEV-authorised; commercial installs","South West","Commercial; Residential","OZEV authorised","50.473234133333335","-3.5463238500000003","2026-05-18"
"Obtain Electrical Services Limited","N/A","N/A","N/A","info@obtainelectricalservices.co.uk","01803 222879","N/A","Office 3 Dainton Self Storage, Avenue Road, Torbay","Torbay","South West","United Kingdom","EV chargepoint installation","Commercial and residential installations","N/A","N/A","N/A","N/A","N/A","N/A","N/A","https://www.gov.uk/electric-vehicle-chargepoint-installers","OZEV-authorised; commercial installs","South West","Commercial; Residential","OZEV authorised","50.473234133333335","-3.5463238500000003","2026-05-18"
"Ocean Electrics South West Ltd","N/A","N/A","N/A","N/A","N/A","https://www.oceangroup-me.com","12 Mannamead Road,, Plymouth","Plymouth","South West","United Kingdom","EV chargepoint installation","Commercial installations only","N/A","N/A","N/A","N/A","N/A","N/A","N/A","https://www.gov.uk/electric-vehicle-chargepoint-installers","OZEV-authorised; commercial installs","South West","Commercial","OZEV authorised","50.38426498684211","-4.133928628947368","2026-05-18"
"OD Electrics Ltd","N/A","N/A","N/A","ozan.donmez@odelectrics.co.uk","07925 089111","N/A","34 Mayfair Gardens, London","London","London","United Kingdom","EV chargepoint installation","Commercial and residential installations","N/A","N/A","N/A","N/A","N/A","N/A","N/A","https://www.gov.uk/electric-vehicle-chargepoint-installers","OZEV-authorised; commercial installs","London","Commercial; Residential","OZEV authorised","51.60823819636364","-0.08755355454545455","2026-05-18"
"OGV Electrical Ltd","N/A","N/A","N/A","andrew.ogvelectrical@gmail.com","07387 181659","https://www.ogvelectrical.co.uk","3 Jubilee Way, Bonnybridge","Bonnybridge","Scotland","United Kingdom","EV chargepoint installation","Commercial and residential installations","N/A","N/A","N/A","N/A","N/A","N/A","N/A","https://www.gov.uk/electric-vehicle-chargepoint-installers","OZEV-authorised; commercial installs","Scotland","Commercial; Residential","OZEV authorised","56.00118149333334","-3.896447473333334","2026-05-18"
"OHMATIC ELECTRICAL LTD","N/A","N/A","N/A","tom.ohmatic@gmail.com","07982 306772","https://www.ohmaticelectrical.co.uk","20 Biggin Avenue, Mitcham, London","London","South East","United Kingdom","EV chargepoint installation","Commercial and residential installations","N/A","N/A","N/A","N/A","N/A","N/A","N/A","https://www.gov.uk/electric-vehicle-chargepoint-installers","OZEV-authorised; commercial installs","South East","Commercial; Residential","OZEV authorised","51.412129755263166","-0.16574509999999998","2026-05-18"
"Ohme Operations UK Limited","N/A","N/A","N/A","bradley.turk@ohme-ev.com","02033 751586","https://www.ohme-ev.com","7th Floor, Wellington House, 125-130 Strand,, London","London","London","United Kingdom","EV chargepoint installation","Commercial and residential installations","N/A","N/A","N/A","N/A","N/A","N/A","N/A","https://www.gov.uk/electric-vehicle-chargepoint-installers","OZEV-authorised; commercial installs","London","Commercial; Residential","OZEV authorised","51.51098759999999","-0.11927980000000003","2026-05-18"
"OJF Electrical","N/A","N/A","N/A","ollyford1@gmail.com","07494 877069","N/A","12 Burns crescent, Chelmsford, Essex","Essex","East of England","United Kingdom","EV chargepoint installation","Commercial and residential installations","N/A","N/A","N/A","N/A","N/A","N/A","N/A","https://www.gov.uk/electric-vehicle-chargepoint-installers","OZEV-authorised; commercial installs","East of England","Commercial; Residential","OZEV authorised","51.72500386470588","0.47482623235294125","2026-05-18"
"OJN ELECTRICAL LTD","N/A","N/A","N/A","info@ojnelectrical.co.uk","07956 605452","https://www.ojnelectrical.co.uk","8 Lulworth Court, 22 Riverside Wharf, Dartford","Dartford","South East","United Kingdom","EV chargepoint installation","Commercial installations only","N/A","N/A","N/A","N/A","N/A","N/A","N/A","https://www.gov.uk/electric-vehicle-chargepoint-installers","OZEV-authorised; commercial installs","South East","Commercial","OZEV authorised","51.454563365384615","0.21187438461538463","2026-05-18"
"Oleco","N/A","N/A","N/A","info@oleco.co.uk","01248 665408","https://www.oleco.co.uk","15 Gors Goch, Menai Bridge","Menai Bridge","Wales","United Kingdom","EV chargepoint installation","Commercial and residential installations","N/A","N/A","N/A","N/A","N/A","N/A","N/A","https://www.gov.uk/electric-vehicle-chargepoint-installers","OZEV-authorised; commercial installs","Wales","Commercial; Residential","OZEV authorised","53.22996071578948","-4.173393578947368","2026-05-18"
"OMNI Heat and Power Ltd","N/A","N/A","N/A","sales@omnihp.co.uk","02030 340430","https://www.omnihp.co.uk","Unit 7 Falcon Court, St. Martin's Way, London","London","London","United Kingdom","EV chargepoint installation","Commercial and residential installations","N/A","N/A","N/A","N/A","N/A","N/A","N/A","https://www.gov.uk/electric-vehicle-chargepoint-installers","OZEV-authorised; commercial installs","London","Commercial; Residential","OZEV authorised","51.43410860000001","-0.1868919","2026-05-18"
"ON-EV","N/A","N/A","N/A","info@on-ev.com","07392 932200","https://www.on-ev.com","84 The Quarter, Egerton Street, Chester","Chester","North West","United Kingdom","EV chargepoint installation","Commercial and residential installations","N/A","N/A","N/A","N/A","N/A","N/A","N/A","https://www.gov.uk/electric-vehicle-chargepoint-installers","OZEV-authorised; commercial installs","North West","Commercial; Residential","OZEV authorised","53.1948133","-2.8843165","2026-05-18"
"Optimum Electrical Engineering Limited","N/A","N/A","N/A","N/A","N/A","N/A","Units 8 & 8a Waterloo Industrial Estate, Upper Brook Street, Stockport","Stockport","North West","United Kingdom","EV chargepoint installation","Commercial and residential installations","N/A","N/A","N/A","N/A","N/A","N/A","N/A","https://www.gov.uk/electric-vehicle-chargepoint-installers","OZEV-authorised; commercial installs","North West","Commercial; Residential","OZEV authorised","53.40816510270272","-2.1510041810810816","2026-05-18"
"Options Electricity Services Limited","N/A","N/A","N/A","stevewignall@options-energy.co.uk","01727817205 / 07773774421","https://www.optionsenergyservices.co.uk","34 St Peters Street,, St Albans","St Albans","South East","United Kingdom","EV chargepoint installation","Commercial and residential installations","N/A","N/A","N/A","N/A","N/A","N/A","N/A","https://www.gov.uk/electric-vehicle-chargepoint-installers","OZEV-authorised; commercial installs","South East","Commercial; Residential","OZEV authorised","51.75362555999999","-0.33692205499999994","2026-05-18"
"Orange Electrical (Harrogate)","N/A","N/A","N/A","info@orange-electrical.co.uk","07590 674727","https://www.orange-electrical.co.uk","22 Chestnut Avenue, Harrogate","Harrogate","Yorkshire & Humber","United Kingdom","EV chargepoint installation","Commercial and residential installations","N/A","N/A","N/A","N/A","N/A","N/A","N/A","https://www.gov.uk/electric-vehicle-chargepoint-installers","OZEV-authorised; commercial installs","Yorkshire & Humber","Commercial; Residential","OZEV authorised","53.99883505625","-1.5277325812500002","2026-05-18"
"Orkney Renewables Ltd","N/A","N/A","N/A","N/A","N/A","N/A","17 Broad Street, St. Ola, Kirkwall","Kirkwall","Scotland","United Kingdom","EV chargepoint installation","Commercial and residential installations","N/A","N/A","N/A","N/A","N/A","N/A","N/A","https://www.gov.uk/electric-vehicle-chargepoint-installers","OZEV-authorised; commercial installs","Scotland","Commercial; Residential","OZEV authorised","58.95595638064516","-2.921911425806452","2026-05-18"
"Osborne Property Services Ltd","N/A","N/A","N/A","Alex.McLean@osborne.co.uk","07799 908192","https://www.osborne.co.uk","Hawker House, Heron Drive, Langley, Slough","Slough","South East","United Kingdom","EV chargepoint installation","Commercial and residential installations","N/A","N/A","N/A","N/A","N/A","N/A","N/A","https://www.gov.uk/electric-vehicle-chargepoint-installers","OZEV-authorised; commercial installs","South East","Commercial; Residential","OZEV authorised","51.498917324999994","-0.53473123125","2026-05-18"
"Osprey Engineering Ltd","N/A","N/A","N/A","info@osprey-engineering.com","01792 747474","https://www.ospreyengineering.co.uk","Unit 3 Oxwich Court, Swansea","Swansea","Wales","United Kingdom","EV chargepoint installation","Commercial and residential installations","N/A","N/A","N/A","N/A","N/A","N/A","N/A","https://www.gov.uk/electric-vehicle-chargepoint-installers","OZEV-authorised; commercial installs","Wales","Commercial; Residential","OZEV authorised","51.655957119047635","-3.9191223666666666","2026-05-18"
"OVO Energy Ltd","N/A","N/A","N/A","N/A","N/A","https://www.ovoenergy.com/ev-everywhere/smart-charger","Temple Quay, 1 Rivergate, Bristol","Bristol","South West","United Kingdom","EV chargepoint installation","Commercial and residential installations","N/A","N/A","N/A","N/A","N/A","N/A","N/A","https://www.gov.uk/electric-vehicle-chargepoint-installers","OZEV-authorised; commercial installs","South West","Commercial; Residential","OZEV authorised","51.450647599999996","-2.5840292888888894","2026-05-18"
"Oxfordshire Electrics & Plumbing","N/A","N/A","N/A","oxfordshireelectricsandplumbing@outlook.com","07446 969409","N/A","12 Bertie Place,, Oxford","Oxford","South East","United Kingdom","EV chargepoint installation","Commercial and residential installations","N/A","N/A","N/A","N/A","N/A","N/A","N/A","https://www.gov.uk/electric-vehicle-chargepoint-installers","OZEV-authorised; commercial installs","South East","Commercial; Residential","OZEV authorised","51.73247715","-1.24991742","2026-05-18"
"P & L Electrics Ltd","N/A","N/A","N/A","sean.mcbride@methodologyme.com","02877 722428","https://www.methodologyme.com","2 Aghanloo Industrial Estate,, Limavady","Limavady","Northern Ireland","United Kingdom","EV chargepoint installation","Commercial installations only","N/A","N/A","N/A","N/A","N/A","N/A","N/A","https://www.gov.uk/electric-vehicle-chargepoint-installers","OZEV-authorised; commercial installs","Northern Ireland","Commercial","OZEV authorised","55.073745672131174","-6.931397067213111","2026-05-18"
"P A Grant Electrical Contractors Limited","N/A","N/A","N/A","lynn@pagrantelectrical.co.uk","07712 596472","https://www.pagrantelectrical.co.uk","2 London Road, Canterbury","Canterbury","South East","United Kingdom","EV chargepoint installation","Commercial and residential installations","N/A","N/A","N/A","N/A","N/A","N/A","N/A","https://www.gov.uk/electric-vehicle-chargepoint-installers","OZEV-authorised; commercial installs","South East","Commercial; Residential","OZEV authorised","51.282307786666635","1.0661377233333336","2026-05-18"
"P And M Electrical","N/A","N/A","N/A","pmelectrical@blueyonder.co.uk","01924 216008","N/A","9 Barnstone Vale Pinders Heath, Wakefield","Wakefield","Yorkshire & Humber","United Kingdom","EV chargepoint installation","Commercial and residential installations","N/A","N/A","N/A","N/A","N/A","N/A","N/A","https://www.gov.uk/electric-vehicle-chargepoint-installers","OZEV-authorised; commercial installs","Yorkshire & Humber","Commercial; Residential","OZEV authorised","53.69455172307691","-1.4788242769230768","2026-05-18"
"P.I.R Electrical Ltd","N/A","N/A","N/A","pirelectrical@gmail.com","07741 287965","N/A","229 Malmesbury Road, Small Heath, Birmingham","Birmingham","West Midlands","United Kingdom","EV chargepoint installation","Commercial and residential installations","N/A","N/A","N/A","N/A","N/A","N/A","N/A","https://www.gov.uk/electric-vehicle-chargepoint-installers","OZEV-authorised; commercial installs","West Midlands","Commercial; Residential","OZEV authorised","52.46499554333333","-1.8485116449999999","2026-05-18"
"P.K Teadsdale Electrical Ltd","N/A","N/A","N/A","N/A","N/A","N/A","6 Green Lane, Wakefield","Wakefield","Yorkshire & Humber","United Kingdom","EV chargepoint installation","Commercial and residential installations","N/A","N/A","N/A","N/A","N/A","N/A","N/A","https://www.gov.uk/electric-vehicle-chargepoint-installers","OZEV-authorised; commercial installs","Yorkshire & Humber","Commercial; Residential","OZEV authorised","53.68913394545454","-1.531609309090909","2026-05-18"
"PA Gooby Electrical Services","N/A","N/A","N/A","N/A","N/A","N/A","7 Carridge Mews, canterbury","canterbury","South East","United Kingdom","EV chargepoint installation","Commercial and residential installations","N/A","N/A","N/A","N/A","N/A","N/A","N/A","https://www.gov.uk/electric-vehicle-chargepoint-installers","OZEV-authorised; commercial installs","South East","Commercial; Residential","OZEV authorised","51.283115665517236","1.0764672413793104","2026-05-18"
"Paddock Electrical (Cornwall)","N/A","N/A","N/A","N/A","N/A","N/A","Rosina View, Greenwith Road, Cornwall","Cornwall","South West","United Kingdom","EV chargepoint installation","Commercial and residential installations","N/A","N/A","N/A","N/A","N/A","N/A","N/A","https://www.gov.uk/electric-vehicle-chargepoint-installers","OZEV-authorised; commercial installs","South West","Commercial; Residential","OZEV authorised","50.21576862","-5.119059555000001","2026-05-18"
"Palfreyman Power","N/A","N/A","N/A","Admin@palfreyman-power.com","01782 289832","https://www.palfreyman-power.com","Bryon Court, 11-13 Regent Road, Stoke-On-Trent","Stoke-On-Trent","West Midlands","United Kingdom","EV chargepoint installation","Commercial installations only","N/A","N/A","N/A","N/A","N/A","N/A","N/A","https://www.gov.uk/electric-vehicle-chargepoint-installers","OZEV-authorised; commercial installs","West Midlands","Commercial","OZEV authorised","53.0205726074074","-2.173752792592593","2026-05-18"
"Palmer Building Solutions Ltd","N/A","N/A","N/A","N/A","N/A","N/A","Unit 23, The Metro Centre, Welbeck Way, Woodston, Peterborough","Peterborough","East of England","United Kingdom","EV chargepoint installation","Commercial and residential installations","N/A","N/A","N/A","N/A","N/A","N/A","N/A","https://www.gov.uk/electric-vehicle-chargepoint-installers","OZEV-authorised; commercial installs","East of England","Commercial; Residential","OZEV authorised","52.55798618518517","-0.2625058444444445","2026-05-18"
"Panther Electrical Services Ltd","N/A","N/A","N/A","pantheresltd@outlook.com","07306 102900","N/A","27 Old Gloucester street, LONDON","LONDON","London","United Kingdom","EV chargepoint installation","Commercial and residential installations","N/A","N/A","N/A","N/A","N/A","N/A","N/A","https://www.gov.uk/electric-vehicle-chargepoint-installers","OZEV-authorised; commercial installs","London","Commercial; Residential","OZEV authorised","51.520584","-0.122185","2026-05-18"
"Park's of Hamilton","N/A","N/A","N/A","N/A","N/A","N/A","14 Bothwell Road, Hamilton","Hamilton","Scotland","United Kingdom","EV chargepoint installation","Commercial and residential installations","N/A","N/A","N/A","N/A","N/A","N/A","N/A","https://www.gov.uk/electric-vehicle-chargepoint-installers","OZEV-authorised; commercial installs","Scotland","Commercial; Residential","OZEV authorised","55.782160587499995","-4.0455088125","2026-05-18"
"Parkfield Electrical","N/A","N/A","N/A","N/A","N/A","N/A","19 Aylands Road, Taunton","Taunton","South West","United Kingdom","EV chargepoint installation","Commercial and residential installations","N/A","N/A","N/A","N/A","N/A","N/A","N/A","https://www.gov.uk/electric-vehicle-chargepoint-installers","OZEV-authorised; commercial installs","South West","Commercial; Residential","OZEV authorised","51.01406795454545","-3.1144711090909096","2026-05-18"
"Patrick Electrical and Maintenance Ltd","N/A","N/A","N/A","arunaperera@hotmail.com","07454 822899","N/A","138 Bridgewtaer Road, Wembley","Wembley","South East","United Kingdom","EV chargepoint installation","Commercial and residential installations","N/A","N/A","N/A","N/A","N/A","N/A","N/A","https://www.gov.uk/electric-vehicle-chargepoint-installers","OZEV-authorised; commercial installs","South East","Commercial; Residential","OZEV authorised","51.54515547222223","-0.30642432962962957","2026-05-18"
"Patrick Knight","N/A","N/A","N/A","patrickknight@hotmail.co.uk","07891 655114","N/A","47 Sunrise Avenue, Chelmsford","Chelmsford","East of England","United Kingdom","EV chargepoint installation","Commercial and residential installations","N/A","N/A","N/A","N/A","N/A","N/A","N/A","https://www.gov.uk/electric-vehicle-chargepoint-installers","OZEV-authorised; commercial installs","East of England","Commercial; Residential","OZEV authorised","51.74884799583333","0.4637042125000001","2026-05-18"
"Paul Douglas Electrical Services t/a PDES Ltd","N/A","N/A","N/A","N/A","N/A","N/A","9b Southwick Industrial Estate,, Sunderland","Sunderland","North East","United Kingdom","EV chargepoint installation","Commercial and residential installations","N/A","N/A","N/A","N/A","N/A","N/A","N/A","https://www.gov.uk/electric-vehicle-chargepoint-installers","OZEV-authorised; commercial installs","North East","Commercial; Residential","OZEV authorised","54.921782617307684","-1.4139241980769226","2026-05-18"
"Paul Edwards Ymgymerwr Trydannol (Electrical Contractor)","N/A","N/A","N/A","N/A","N/A","N/A","Sbort Y Gwynt, 40 Bryn Eithinog, Bangor","Bangor","Wales","United Kingdom","EV chargepoint installation","Commercial and residential installations","N/A","N/A","N/A","N/A","N/A","N/A","N/A","https://www.gov.uk/electric-vehicle-chargepoint-installers","OZEV-authorised; commercial installs","Wales","Commercial; Residential","OZEV authorised","53.21973719534885","-4.149285104651162","2026-05-18"
"Paul Gowan Electrical Ltd","N/A","N/A","N/A","paul42@btinternet.com","07774 109098","N/A","5B Walden Road, Blackburn","Blackburn","North West","United Kingdom","EV chargepoint installation","Commercial and residential installations","N/A","N/A","N/A","N/A","N/A","N/A","N/A","https://www.gov.uk/electric-vehicle-chargepoint-installers","OZEV-authorised; commercial installs","North West","Commercial; Residential","OZEV authorised","53.77952240967741","-2.475525596774194","2026-05-18"
"PB Services (Electrical Contractors)","N/A","N/A","N/A","info@pb.services","08009 993219 / 07584 026384","https://www.pb.services","5 South Charlotte Street, Edinburgh","Edinburgh","Scotland","United Kingdom","EV chargepoint installation","Commercial and residential installations","N/A","N/A","N/A","N/A","N/A","N/A","N/A","https://www.gov.uk/electric-vehicle-chargepoint-installers","OZEV-authorised; commercial installs","Scotland","Commercial; Residential","OZEV authorised","55.95080655599999","-3.20567048","2026-05-18"
"Pegasus Electrical Solutions Ltd T/A Pegasus Electrical Solutions","N/A","N/A","N/A","ayrton@pegasuselectricalsolutions.co.uk","N/A","https://www.pegasuselectricalsolutions.co.uk","86-90 Paul Street, London","London","London","United Kingdom","EV chargepoint installation","Commercial and residential installations","N/A","N/A","N/A","N/A","N/A","N/A","N/A","https://www.gov.uk/electric-vehicle-chargepoint-installers","OZEV-authorised; commercial installs","London","Commercial; Residential","OZEV authorised","51.525556482978736","-0.08361228723404251","2026-05-18"
"Penguin Electrical Solutions Ltd","N/A","N/A","N/A","N/A","N/A","N/A","Unit 16 Hartley Business Centre, 272-284 Monkmoor Road, Shrewsbury","Shrewsbury","West Midlands","United Kingdom","EV chargepoint installation","Commercial and residential installations","N/A","N/A","N/A","N/A","N/A","N/A","N/A","https://www.gov.uk/electric-vehicle-chargepoint-installers","OZEV-authorised; commercial installs","West Midlands","Commercial; Residential","OZEV authorised","52.718154439999964","-2.720440152857146","2026-05-18"
"Penn-Ultimate Electrical","N/A","N/A","N/A","N/A","N/A","N/A","68 Kenwood Avenue, Worcester","Worcester","West Midlands","United Kingdom","EV chargepoint installation","Commercial and residential installations","N/A","N/A","N/A","N/A","N/A","N/A","N/A","https://www.gov.uk/electric-vehicle-chargepoint-installers","OZEV-authorised; commercial installs","West Midlands","Commercial; Residential","OZEV authorised","52.200458628571425","-2.1952359142857145","2026-05-18"
"Penny Lane Builders Ltd","N/A","N/A","N/A","david.nesbit@plbltd.co.uk","03303 033000","N/A","Unit 7 Match Works, 140 Speke Road, Liverpool","Liverpool","North West","United Kingdom","EV chargepoint installation","Commercial and residential installations","N/A","N/A","N/A","N/A","N/A","N/A","N/A","https://www.gov.uk/electric-vehicle-chargepoint-installers","OZEV-authorised; commercial installs","North West","Commercial; Residential","OZEV authorised","53.350384707843176","-2.8863289960784315","2026-05-18"
"Perth Electrical Ltd t/a Perth Electrical","N/A","N/A","N/A","N/A","N/A","N/A","Allershaw, Hatton Road, Perth","Perth","Scotland","United Kingdom","EV chargepoint installation","Commercial and residential installations","N/A","N/A","N/A","N/A","N/A","N/A","N/A","https://www.gov.uk/electric-vehicle-chargepoint-installers","OZEV-authorised; commercial installs","Scotland","Commercial; Residential","OZEV authorised","56.396092872222226","-3.410932894444444","2026-05-18"
"Phantom Electrical Ltd","N/A","N/A","N/A","office@phantomelectrical.co.uk","07801 261108","https://www.phantomelectrical.co.uk","24 Miller Arcade, Preston, Lancashire","Lancashire","North West","United Kingdom","EV chargepoint installation","Commercial and residential installations","N/A","N/A","N/A","N/A","N/A","N/A","N/A","https://www.gov.uk/electric-vehicle-chargepoint-installers","OZEV-authorised; commercial installs","North West","Commercial; Residential","OZEV authorised","53.755750589393934","-2.686997710606061","2026-05-18"
"Phase 2 Phase Electrical Contractors Ltd","N/A","N/A","N/A","office@phase2phaseelectrical.com","01270 444003","https://www.phase2phaseelectrical.com","23 Kingsway, Crewe","Crewe","North West","United Kingdom","EV chargepoint installation","Commercial installations only","N/A","N/A","N/A","N/A","N/A","N/A","N/A","https://www.gov.uk/electric-vehicle-chargepoint-installers","OZEV-authorised; commercial installs","North West","Commercial","OZEV authorised","53.09004387","-2.4519926725000003","2026-05-18"
"Phase 3 Electrical (Bradford)","N/A","N/A","N/A","phase3elec@yahoo.com","07360 909653","https://www.phasethreeelectrical.co.uk","55 Ashgrove, Bradford","Bradford","Yorkshire & Humber","United Kingdom","EV chargepoint installation","Commercial and residential installations","N/A","N/A","N/A","N/A","N/A","N/A","N/A","https://www.gov.uk/electric-vehicle-chargepoint-installers","OZEV-authorised; commercial installs","Yorkshire & Humber","Commercial; Residential","OZEV authorised","53.78871362881353","-1.7620950305084742","2026-05-18"
"Phase Electrics","N/A","N/A","N/A","shaunknox08@gmail.com","07301 501605","https://www.electricsphase.com/","8 Brickfields Road, Worcester","Worcester","West Midlands","United Kingdom","EV chargepoint installation","Commercial and residential installations","N/A","N/A","N/A","N/A","N/A","N/A","N/A","https://www.gov.uk/electric-vehicle-chargepoint-installers","OZEV-authorised; commercial installs","West Midlands","Commercial; Residential","OZEV authorised","52.206379918181824","-2.2037220363636365","2026-05-18"
"Phillips Services (Wales) Ltd","N/A","N/A","N/A","simon@phillips-services.co.uk","01792 653794","https://www.phillips-services.co.uk","Stadium House, 182 Neath Road, Swansea","Swansea","Wales","United Kingdom","EV chargepoint installation","Commercial and residential installations","N/A","N/A","N/A","N/A","N/A","N/A","N/A","https://www.gov.uk/electric-vehicle-chargepoint-installers","OZEV-authorised; commercial installs","Wales","Commercial; Residential","OZEV authorised","51.64129569111109","-3.937971822222223","2026-05-18"
"Photon Energy Ltd","N/A","N/A","N/A","N/A","N/A","N/A","8 Windsor Square, Silver Street, Reading","Reading","South East","United Kingdom","EV chargepoint installation","Commercial and residential installations","N/A","N/A","N/A","N/A","N/A","N/A","N/A","https://www.gov.uk/electric-vehicle-chargepoint-installers","OZEV-authorised; commercial installs","South East","Commercial; Residential","OZEV authorised","51.448976200000004","-0.9660548416666668","2026-05-18"
"Pilkington Electrical Limited","N/A","N/A","N/A","N/A","N/A","N/A","5 Hague, Park Hill, Sheffield","Sheffield","Yorkshire & Humber","United Kingdom","EV chargepoint installation","Commercial and residential installations","N/A","N/A","N/A","N/A","N/A","N/A","N/A","https://www.gov.uk/electric-vehicle-chargepoint-installers","OZEV-authorised; commercial installs","Yorkshire & Humber","Commercial; Residential","OZEV authorised","53.381203945882376","-1.4592309800000005","2026-05-18"
"Pinington Ltd","N/A","N/A","N/A","N/A","N/A","N/A","Aldrens Lane, Lancaster","Lancaster","North West","United Kingdom","EV chargepoint installation","Commercial and residential installations","N/A","N/A","N/A","N/A","N/A","N/A","N/A","https://www.gov.uk/electric-vehicle-chargepoint-installers","OZEV-authorised; commercial installs","North West","Commercial; Residential","OZEV authorised","54.06100507777778","-2.7964438555555553","2026-05-18"
"Pinpoint Electrical Services","N/A","N/A","N/A","info@pinpointelectrical.co.uk","07958 352523","N/A","15 Kingfisher Way, Darlington","Darlington","North East","United Kingdom","EV chargepoint installation","Commercial and residential installations","N/A","N/A","N/A","N/A","N/A","N/A","N/A","https://www.gov.uk/electric-vehicle-chargepoint-installers","OZEV-authorised; commercial installs","North East","Commercial; Residential","OZEV authorised","54.52522192812501","-1.5338128125","2026-05-18"
"Piping Hot Cookers Ltd T/A Piping hot Renewables","N/A","N/A","N/A","sales@pipinghot.uk","01327 307130","https://www.pipinghot.uk/","23 Cottesbrooke Park, Heartlands Buisness Park, Daventry","Daventry","East Midlands","United Kingdom","EV chargepoint installation","Commercial and residential installations","N/A","N/A","N/A","N/A","N/A","N/A","N/A","https://www.gov.uk/electric-vehicle-chargepoint-installers","OZEV-authorised; commercial installs","East Midlands","Commercial; Residential","OZEV authorised","52.27317188153847","-1.1755872246153847","2026-05-18"
"PJ Electrics London LTD T/A","N/A","N/A","N/A","pjelectric.co@gmail.com","07813 311609","https://www.pjelectrics.co.uk","6 Virginia Walk, London","London","London","United Kingdom","EV chargepoint installation","Commercial and residential installations","N/A","N/A","N/A","N/A","N/A","N/A","N/A","https://www.gov.uk/electric-vehicle-chargepoint-installers","OZEV-authorised; commercial installs","London","Commercial; Residential","OZEV authorised","51.45123695","-0.11760525000000004","2026-05-18"
"Platinum Technical","N/A","N/A","N/A","N/A","01652 284271","N/A","Sparkhouse, Rope Walk, Lincoln","Lincoln","East Midlands","United Kingdom","EV chargepoint installation","Commercial and residential installations","N/A","N/A","N/A","N/A","N/A","N/A","N/A","https://www.gov.uk/electric-vehicle-chargepoint-installers","OZEV-authorised; commercial installs","East Midlands","Commercial; Residential","OZEV authorised","53.22636580571432","-0.545562414285714","2026-05-18"
"Plug 'N' Go Ltd","N/A","N/A","N/A","info@plug-n-go.com","02036 579672","https://www.plug-n-go.com","71-75 Shelton Street, London","London","London","United Kingdom","EV chargepoint installation","Commercial and residential installations","N/A","N/A","N/A","N/A","N/A","N/A","N/A","https://www.gov.uk/electric-vehicle-chargepoint-installers","OZEV-authorised; commercial installs","London","Commercial; Residential","OZEV authorised","51.51489425909092","-0.12361452121212109","2026-05-18"
"Plug In Stations Limited T/A Plug in Stations","N/A","N/A","N/A","N/A","N/A","N/A","Acorn House, 274 Baker Street, London","London","South East","United Kingdom","EV chargepoint installation","Commercial and residential installations","N/A","N/A","N/A","N/A","N/A","N/A","N/A","https://www.gov.uk/electric-vehicle-chargepoint-installers","OZEV-authorised; commercial installs","South East","Commercial; Residential","OZEV authorised","51.66211694590164","-0.07865590819672129","2026-05-18"
"Plug Me In","N/A","N/A","N/A","ben.etherington@plugmein-ev.co.uk","07773 221487","https://www.plugmein-ev.co.uk","5th Floor 1 Marsden Street, Manchester","Manchester","North West","United Kingdom","EV chargepoint installation","Commercial and residential installations","N/A","N/A","N/A","N/A","N/A","N/A","N/A","https://www.gov.uk/electric-vehicle-chargepoint-installers","OZEV-authorised; commercial installs","North West","Commercial; Residential","OZEV authorised","53.48167914999999","-2.2429501","2026-05-18"
"Plugyy Solutions Ltd","N/A","N/A","N/A","imran@plugyy.com","07590 915569 / 01332 486305","https://www.plugyy.com","Saddler Bridge Studios, Bold Lane, Derby","Derby","East Midlands","United Kingdom","EV chargepoint installation","Commercial and residential installations","N/A","N/A","N/A","N/A","N/A","N/A","N/A","https://www.gov.uk/electric-vehicle-chargepoint-installers","OZEV-authorised; commercial installs","East Midlands","Commercial; Residential","OZEV authorised","52.923531411320745","-1.4799069924528305","2026-05-18"
"PM Electrical Systems Ltd","N/A","N/A","N/A","N/A","N/A","N/A","52 Skippetts Gardens, Hampshire","Hampshire","South East","United Kingdom","EV chargepoint installation","Commercial and residential installations","N/A","N/A","N/A","N/A","N/A","N/A","N/A","https://www.gov.uk/electric-vehicle-chargepoint-installers","OZEV-authorised; commercial installs","South East","Commercial; Residential","OZEV authorised","51.24978363191488","-1.0847841925531914","2026-05-18"
"PMC Electrical SW Ltd","N/A","N/A","N/A","info@pmcelectrical.com","N/A","N/A","Unit 79B, City Business Park, Plymouth","Plymouth","South West","United Kingdom","EV chargepoint installation","Commercial and residential installations","N/A","N/A","N/A","N/A","N/A","N/A","N/A","https://www.gov.uk/electric-vehicle-chargepoint-installers","OZEV-authorised; commercial installs","South West","Commercial; Residential","OZEV authorised","50.38208243888888","-4.160928389999993","2026-05-18"
"PME (DUNDEE) LTD","N/A","N/A","N/A","info@pmedundee.co.uk","01382 889091","https://www.pmedundee.co.uk","UNIT 1, FARADAY COURT. FARADAY STREET, Dundee","Dundee","Scotland","United Kingdom","EV chargepoint installation","Commercial and residential installations","N/A","N/A","N/A","N/A","N/A","N/A","N/A","https://www.gov.uk/electric-vehicle-chargepoint-installers","OZEV-authorised; commercial installs","Scotland","Commercial; Residential","OZEV authorised","56.4846605","-3.012670533333333","2026-05-18"
"Pod Point","N/A","N/A","N/A","hello@pod-point.com","02072 474114","https://www.pod-point.com","Pod Point, 6th Floor, 222 Grays Inn Road, London","London","London","United Kingdom","EV chargepoint installation","Commercial and residential installations","N/A","N/A","N/A","N/A","N/A","N/A","N/A","https://www.gov.uk/electric-vehicle-chargepoint-installers","OZEV-authorised; commercial installs","London","Commercial; Residential","OZEV authorised","51.52403097407415","-0.11497635555555567","2026-05-18"
"Power Solutions Electrical Contractors","N/A","N/A","N/A","info@powersolutionselectrical.co.uk","07428 747371","https://www.powersolutionselectrical.co.uk","Office 2, Valleys Enterprise Centre, Merthyr Industrial Estate,, Merthyr Tydfil","Merthyr Tydfil","Wales","United Kingdom","EV chargepoint installation","Commercial and residential installations","N/A","N/A","N/A","N/A","N/A","N/A","N/A","https://www.gov.uk/electric-vehicle-chargepoint-installers","OZEV-authorised; commercial installs","Wales","Commercial; Residential","OZEV authorised","51.72011305333332","-3.3556039033333334","2026-05-18"
"Powerplus (GB) Ltd","N/A","N/A","N/A","N/A","02380 233000","https://www.powerplusgbltd.co.uk","2 Cable Street, Southampton","Southampton","N/A","United Kingdom","EV chargepoint installation","Commercial and residential installations","N/A","N/A","N/A","N/A","N/A","N/A","N/A","https://www.gov.uk/electric-vehicle-chargepoint-installers","OZEV-authorised; commercial installs","N/A","Commercial; Residential","OZEV authorised","50.909494200000005","-1.3893401733333335","2026-05-18"
"Powerplus Communications Ltd","N/A","N/A","N/A","info@powerpluscoms.co.uk","02380 233000","https://www.powerpluscoms.co.uk","Unit 2 Glenmore Center, Cable Street, Southampton","Southampton","N/A","United Kingdom","EV chargepoint installation","Commercial and residential installations","N/A","N/A","N/A","N/A","N/A","N/A","N/A","https://www.gov.uk/electric-vehicle-chargepoint-installers","OZEV-authorised; commercial installs","N/A","Commercial; Residential","OZEV authorised","50.909494200000005","-1.3893401733333335","2026-05-18"
"Powertek Utilities","N/A","N/A","N/A","N/A","N/A","N/A","21 Forbes Place,, Paisley","Paisley","Scotland","United Kingdom","EV chargepoint installation","Commercial and residential installations","N/A","N/A","N/A","N/A","N/A","N/A","N/A","https://www.gov.uk/electric-vehicle-chargepoint-installers","OZEV-authorised; commercial installs","Scotland","Commercial; Residential","OZEV authorised","55.84406121864409","-4.422517076271186","2026-05-18"
"Pozitive Energy Ltd","N/A","N/A","N/A","evcsales@pe.solutions","02035 146757","https://www.pozitive.energy","1 Canada Square, Canary Wharf, London","London","London","United Kingdom","EV chargepoint installation","Commercial and residential installations","N/A","N/A","N/A","N/A","N/A","N/A","N/A","https://www.gov.uk/electric-vehicle-chargepoint-installers","OZEV-authorised; commercial installs","London","Commercial; Residential","OZEV authorised","51.504243275","-0.017710725","2026-05-18"
"Premier Electrical Leicester Ltd","N/A","N/A","N/A","N/A","07739 930443","N/A","19 Headland Road, Leicester","Leicester","East Midlands","United Kingdom","EV chargepoint installation","Commercial and residential installations","N/A","N/A","N/A","N/A","N/A","N/A","N/A","https://www.gov.uk/electric-vehicle-chargepoint-installers","OZEV-authorised; commercial installs","East Midlands","Commercial; Residential","OZEV authorised","52.623942575","-1.0828743","2026-05-18"
"Premier Property Services (Scotland) Ltd","N/A","N/A","N/A","premierpropertyservices19@yahoo.com","07758 949260","https://www.premierpropertyservices.scot","16 Napier Drive, Dundee","Dundee","Scotland","United Kingdom","EV chargepoint installation","Commercial and residential installations","N/A","N/A","N/A","N/A","N/A","N/A","N/A","https://www.gov.uk/electric-vehicle-chargepoint-installers","OZEV-authorised; commercial installs","Scotland","Commercial; Residential","OZEV authorised","56.47694543846155","-3.0203438384615384","2026-05-18"
"Pretty Wired Limited","N/A","N/A","N/A","info@prettywired.co.uk","02045 421890","https://www.prettywired.co.uk","87 Acre Lane, London","London","London","United Kingdom","EV chargepoint installation","Commercial installations only","N/A","N/A","N/A","N/A","N/A","N/A","N/A","https://www.gov.uk/electric-vehicle-chargepoint-installers","OZEV-authorised; commercial installs","London","Commercial","OZEV authorised","51.45945390757576","-0.1235270484848485","2026-05-18"
"Prime Electrical Services","N/A","N/A","N/A","info@prime-electrical.net","07920 554087","https://www.prime-electrical.net","51 Idsworth Road, Portsmouth","Portsmouth","South East","United Kingdom","EV chargepoint installation","Commercial and residential installations","N/A","N/A","N/A","N/A","N/A","N/A","N/A","https://www.gov.uk/electric-vehicle-chargepoint-installers","OZEV-authorised; commercial installs","South East","Commercial; Residential","OZEV authorised","50.80963764285715","-1.0579120199999998","2026-05-18"
"Prime Power Electrical Limited","N/A","N/A","N/A","george@primepowerelectrical.co.uk","07741 731626","https://www.primepowerelectrical.co.uk","91 Hay Lane, London","London","London","United Kingdom","EV chargepoint installation","Commercial and residential installations","N/A","N/A","N/A","N/A","N/A","N/A","N/A","https://www.gov.uk/electric-vehicle-chargepoint-installers","OZEV-authorised; commercial installs","London","Commercial; Residential","OZEV authorised","51.58892336071428","-0.25814948571428564","2026-05-18"
"Pritchard's Electrical Communications Limited T/A Pecomms","N/A","N/A","N/A","laurennicolepritchard@outlook.com","07415 790682","N/A","1 Monarch Way, Netherton, Dudley","Dudley","West Midlands","United Kingdom","EV chargepoint installation","Commercial and residential installations","N/A","N/A","N/A","N/A","N/A","N/A","N/A","https://www.gov.uk/electric-vehicle-chargepoint-installers","OZEV-authorised; commercial installs","West Midlands","Commercial; Residential","OZEV authorised","52.4885679923077","-2.089615246153846","2026-05-18"
"Pro EV Charge-points Ltd","N/A","N/A","N/A","N/A","N/A","N/A","9 Douglas Street, Kirkcaddy, Fife","Fife","Scotland","United Kingdom","EV chargepoint installation","Commercial and residential installations","N/A","N/A","N/A","N/A","N/A","N/A","N/A","https://www.gov.uk/electric-vehicle-chargepoint-installers","OZEV-authorised; commercial installs","Scotland","Commercial; Residential","OZEV authorised","56.10750160857143","-3.1612811142857136","2026-05-18"
"Process Automations and Calibrations Limited t/a PAC Group","N/A","N/A","N/A","info@pacgroup.co.uk","02893 364600","https://www.pacgroup.co.uk","Units 35-37 Somerton Industrial Park, Belfast","Belfast","Northern Ireland","United Kingdom","EV chargepoint installation","Commercial and residential installations","N/A","N/A","N/A","N/A","N/A","N/A","N/A","https://www.gov.uk/electric-vehicle-chargepoint-installers","OZEV-authorised; commercial installs","Northern Ireland","Commercial; Residential","OZEV authorised","54.62559582439027","-5.9084500634146355","2026-05-18"
"Procure Direct Limited t/a Procure Direct Ltd","N/A","N/A","N/A","info@procuredirectltd.co.uk","01522 538212","https://www.procuredirect.co.uk","2 Crofton Drive, Allenby Trading Estate,, Lincoln","Lincoln","East Midlands","United Kingdom","EV chargepoint installation","Commercial and residential installations","N/A","N/A","N/A","N/A","N/A","N/A","N/A","https://www.gov.uk/electric-vehicle-chargepoint-installers","OZEV-authorised; commercial installs","East Midlands","Commercial; Residential","OZEV authorised","53.2334526212766","-0.5031230106382977","2026-05-18"
"Professional Electrician Services Limited","N/A","N/A","N/A","mike@pro-wiring.co.uk","07717 845395","https://www.pro-wiring.co.uk","101 Knight Ave, Canterbury","Canterbury","South East","United Kingdom","EV chargepoint installation","Commercial and residential installations","N/A","N/A","N/A","N/A","N/A","N/A","N/A","https://www.gov.uk/electric-vehicle-chargepoint-installers","OZEV-authorised; commercial installs","South East","Commercial; Residential","OZEV authorised","51.27869208823528","1.061849011764706","2026-05-18"
"PROLEC EAST ANGLIA LTD T/A PROLEC ELECTRICAL CONTRACTORS","N/A","N/A","N/A","contact@proleccontractors.com","01603 320200","https://www.prolecelectrical.co.uk/","Unit D10, Pinetrees Road, Norwich","Norwich","East of England","United Kingdom","EV chargepoint installation","Commercial and residential installations","N/A","N/A","N/A","N/A","N/A","N/A","N/A","https://www.gov.uk/electric-vehicle-chargepoint-installers","OZEV-authorised; commercial installs","East of England","Commercial; Residential","OZEV authorised","52.65101336071427","1.3360055892857141","2026-05-18"
"Prolec Hull Ltd","N/A","N/A","N/A","N/A","N/A","N/A","One Business Village, 1 Emlyn Street, Hull","Hull","Yorkshire & Humber","United Kingdom","EV chargepoint installation","Commercial and residential installations","N/A","N/A","N/A","N/A","N/A","N/A","N/A","https://www.gov.uk/electric-vehicle-chargepoint-installers","OZEV-authorised; commercial installs","Yorkshire & Humber","Commercial; Residential","OZEV authorised","53.7461441326087","-0.3174398239130435","2026-05-18"
"Property 360 Ltd","N/A","N/A","N/A","office@property360.co.uk","01206 366666","N/A","150 Mile End Road, Colchester","Colchester","East of England","United Kingdom","EV chargepoint installation","Commercial and residential installations","N/A","N/A","N/A","N/A","N/A","N/A","N/A","https://www.gov.uk/electric-vehicle-chargepoint-installers","OZEV-authorised; commercial installs","East of England","Commercial; Residential","OZEV authorised","51.906976254761915","0.8937203523809517","2026-05-18"
"Prospark Electrical Limited","N/A","N/A","N/A","ross@prosparkelectrical.com","07497 114653","https://www.prosparkelectrical.com","85 Great Portland Street, First Floor, London","London","London","United Kingdom","EV chargepoint installation","Commercial and residential installations","N/A","N/A","N/A","N/A","N/A","N/A","N/A","https://www.gov.uk/electric-vehicle-chargepoint-installers","OZEV-authorised; commercial installs","London","Commercial; Residential","OZEV authorised","51.51846899999999","-0.1423797","2026-05-18"
"Prospect Renewables Ltd","N/A","N/A","N/A","contact@prospectrenewables.co.uk","07528 701022","https://www.prospectrenewables.co.uk","46 Hotblack Road, Norwich","Norwich","East of England","United Kingdom","EV chargepoint installation","Commercial and residential installations","N/A","N/A","N/A","N/A","N/A","N/A","N/A","https://www.gov.uk/electric-vehicle-chargepoint-installers","OZEV-authorised; commercial installs","East of England","Commercial; Residential","OZEV authorised","52.6358681745098","1.269856825490196","2026-05-18"
"Protest Electrical Solutions Ltd T/A Protest Electrical","N/A","N/A","N/A","info@protestelectrical.co.uk","07749 004900","https://www.protestelectrical.co.uk","Rosemary Cottage, Bath","Bath","South West","United Kingdom","EV chargepoint installation","Commercial and residential installations","N/A","N/A","N/A","N/A","N/A","N/A","N/A","https://www.gov.uk/electric-vehicle-chargepoint-installers","OZEV-authorised; commercial installs","South West","Commercial; Residential","OZEV authorised","51.33411923999999","-2.4065805499999997","2026-05-18"
"Provolt Engineering Services","N/A","N/A","N/A","admin@provoltengineering.co.uk","07714 090562","https://www.provoltengineering.co.uk","103 Ewenny Road, Bridgend","Bridgend","Wales","United Kingdom","EV chargepoint installation","Commercial and residential installations","N/A","N/A","N/A","N/A","N/A","N/A","N/A","https://www.gov.uk/electric-vehicle-chargepoint-installers","OZEV-authorised; commercial installs","Wales","Commercial; Residential","OZEV authorised","51.494496016666666","-3.576819479166667","2026-05-18"
"Proxima UK Limited","N/A","N/A","N/A","N/A","N/A","N/A","Unit E2, 283 Water Road, Wembley","Wembley","South East","United Kingdom","EV chargepoint installation","Commercial and residential installations","N/A","N/A","N/A","N/A","N/A","N/A","N/A","https://www.gov.uk/electric-vehicle-chargepoint-installers","OZEV-authorised; commercial installs","South East","Commercial; Residential","OZEV authorised","51.539595530769176","-0.2878415923076925","2026-05-18"
"PRUMAC ELECTRICAL","N/A","N/A","N/A","prumac35@gmail.com","07894 242937","N/A","9 Carshaulton Road, Donaghadee","Donaghadee","Northern Ireland","United Kingdom","EV chargepoint installation","Commercial and residential installations","N/A","N/A","N/A","N/A","N/A","N/A","N/A","https://www.gov.uk/electric-vehicle-chargepoint-installers","OZEV-authorised; commercial installs","Northern Ireland","Commercial; Residential","OZEV authorised","54.64698360434783","-5.544562256521738","2026-05-18"
"Purcer Electrical Services Ltd","N/A","N/A","N/A","info@purcerelectricalservices.co.uk","01772 724003","https://www.purcerelectricalservices.co.uk","Unit 3, Eldon Street Industrial Estate, Preston","Preston","North West","United Kingdom","EV chargepoint installation","Commercial and residential installations","N/A","N/A","N/A","N/A","N/A","N/A","N/A","https://www.gov.uk/electric-vehicle-chargepoint-installers","OZEV-authorised; commercial installs","North West","Commercial; Residential","OZEV authorised","53.76912786976743","-2.7227970348837216","2026-05-18"
"Purdham & Waugh Ltd","N/A","N/A","N/A","mail@purdhamandwaugh.co.uk","01228 592783","https://www.purdhamandwaugh.co.uk/","Unit 20 Denton Holme Trading Estate, Carlisle","Carlisle","North West","United Kingdom","EV chargepoint installation","Commercial and residential installations","N/A","N/A","N/A","N/A","N/A","N/A","N/A","https://www.gov.uk/electric-vehicle-chargepoint-installers","OZEV-authorised; commercial installs","North West","Commercial; Residential","OZEV authorised","54.89220019649123","-2.941492528070176","2026-05-18"
"Purdie Electrical","N/A","N/A","N/A","N/A","N/A","N/A","4 Berse Gardens, Caego, Wrexham","Wrexham","Wales","United Kingdom","EV chargepoint installation","Commercial and residential installations","N/A","N/A","N/A","N/A","N/A","N/A","N/A","https://www.gov.uk/electric-vehicle-chargepoint-installers","OZEV-authorised; commercial installs","Wales","Commercial; Residential","OZEV authorised","53.05279638333334","-3.026836","2026-05-18"
"Pyramid Compliance LTD","N/A","N/A","N/A","harry@pyramidleeds.co.uk","01134 182086","https://www.pyramidserv.co.uk","81A Stanley Road, Wakefield","Wakefield","Yorkshire & Humber","United Kingdom","EV chargepoint installation","Commercial and residential installations","N/A","N/A","N/A","N/A","N/A","N/A","N/A","https://www.gov.uk/electric-vehicle-chargepoint-installers","OZEV-authorised; commercial installs","Yorkshire & Humber","Commercial; Residential","OZEV authorised","53.68681476666667","-1.4890068888888888","2026-05-18"
"Qmerit Electrification UK Limited","N/A","N/A","N/A","finance@qmerit.uk","08000 584614","https://www.qmerit.uk","A04. Weston Centre, Weston Road,, Crewe","Crewe","North West","United Kingdom","EV chargepoint installation","Commercial and residential installations","N/A","N/A","N/A","N/A","N/A","N/A","N/A","https://www.gov.uk/electric-vehicle-chargepoint-installers","OZEV-authorised; commercial installs","North West","Commercial; Residential","OZEV authorised","53.08684259999997","-2.4292315999999987","2026-05-18"
"Quanta Energy Ltd","N/A","N/A","N/A","vincent.connell@quantaenergy.co.uk","07401 094962","N/A","4 Arncliffre Road, Arncliffe Road, Halewood","Halewood","North West","United Kingdom","EV chargepoint installation","Commercial and residential installations","N/A","N/A","N/A","N/A","N/A","N/A","N/A","https://www.gov.uk/electric-vehicle-chargepoint-installers","OZEV-authorised; commercial installs","North West","Commercial; Residential","OZEV authorised","53.36943810645161","-2.8494312870967744","2026-05-18"
"Quanta Renewables Ltd","N/A","N/A","N/A","info@quanta-renewables.co.uk","07508 564038","https://www.quanta-renewables.co.uk","Deepdene House, Deepdene Park, Exeter","Exeter","South West","United Kingdom","EV chargepoint installation","Commercial and residential installations","N/A","N/A","N/A","N/A","N/A","N/A","N/A","https://www.gov.uk/electric-vehicle-chargepoint-installers","OZEV-authorised; commercial installs","South West","Commercial; Residential","OZEV authorised","50.715938188888884","-3.5144861000000005","2026-05-18"
"Quartz Electrical & Mechanical Services Ltd","N/A","N/A","N/A","stephen@quartz-northeast.co.uk","01642 244411","https://www.quartz-northeast.co.uk","Thornton House, Brighouse Business Village, Riverside Park, Middlesbrough","Middlesbrough","North East","United Kingdom","EV chargepoint installation","Commercial and residential installations","N/A","N/A","N/A","N/A","N/A","N/A","N/A","https://www.gov.uk/electric-vehicle-chargepoint-installers","OZEV-authorised; commercial installs","North East","Commercial; Residential","OZEV authorised","54.58833621884059","-1.2538533507246377","2026-05-18"
"Quayside Electrical Ltd","N/A","N/A","N/A","enquiries@quaysideelectrical.com","08453 371534","https://www.quaysideelectrical.com","Unit 23, Mount Pleasant Industrial Estate, Mount Pleasant Road, Southampton","Southampton","N/A","United Kingdom","EV chargepoint installation","Commercial and residential installations","N/A","N/A","N/A","N/A","N/A","N/A","N/A","https://www.gov.uk/electric-vehicle-chargepoint-installers","OZEV-authorised; commercial installs","N/A","Commercial; Residential","OZEV authorised","50.914741474418605","-1.3906546534883724","2026-05-18"
"QUIN TEL COMMUNICATIONS LTD","N/A","N/A","N/A","josequintero@btconnect.com","07850 779924","N/A","Flat 125, Lauderdale Mansions, Lauderdale Road, London","London","London","United Kingdom","EV chargepoint installation","Commercial and residential installations","N/A","N/A","N/A","N/A","N/A","N/A","N/A","https://www.gov.uk/electric-vehicle-chargepoint-installers","OZEV-authorised; commercial installs","London","Commercial; Residential","OZEV authorised","51.52745747358491","-0.18752861320754716","2026-05-18"
"Qvanta Limited T/A Qvanta","N/A","N/A","N/A","sandeep.patel@qvanta.uk","N/A","N/A","71-75 Shelton Street, Covent Gardens, London","London","London","United Kingdom","EV chargepoint installation","Commercial and residential installations","N/A","N/A","N/A","N/A","N/A","N/A","N/A","https://www.gov.uk/electric-vehicle-chargepoint-installers","OZEV-authorised; commercial installs","London","Commercial; Residential","OZEV authorised","51.51489425909092","-0.12361452121212109","2026-05-18"
"R & M A Stewart Ltd","N/A","N/A","N/A","david.bugg@rmastewart.co.uk","02072 740015","https://www.rmastewart.co.uk","Unit 10 Bessemer Park, Herne Hill, London South","London South","London","United Kingdom","EV chargepoint installation","Commercial and residential installations","N/A","N/A","N/A","N/A","N/A","N/A","N/A","https://www.gov.uk/electric-vehicle-chargepoint-installers","OZEV-authorised; commercial installs","London","Commercial; Residential","OZEV authorised","51.45899530588236","-0.10276153823529413","2026-05-18"
"R A WRIGHT Ltd","N/A","N/A","N/A","Rawrightltd@hotmail.co.uk","07721 423614","N/A","314 Sydney Road, Crewe","Crewe","North West","United Kingdom","EV chargepoint installation","Commercial and residential installations","N/A","N/A","N/A","N/A","N/A","N/A","N/A","https://www.gov.uk/electric-vehicle-chargepoint-installers","OZEV-authorised; commercial installs","North West","Commercial; Residential","OZEV authorised","53.100206814814825","-2.4177471","2026-05-18"
"R B Wilson (Electrical) Ltd","N/A","N/A","N/A","graham@rbwilsonelectrical.com","07545 745913","N/A","14 Pittodrie Street, Aberdeen","Aberdeen","Scotland","United Kingdom","EV chargepoint installation","Commercial and residential installations","N/A","N/A","N/A","N/A","N/A","N/A","N/A","https://www.gov.uk/electric-vehicle-chargepoint-installers","OZEV-authorised; commercial installs","Scotland","Commercial; Residential","OZEV authorised","57.15937397142857","-2.093063614285714","2026-05-18"
"R Begg Electrical Services Ltd","N/A","N/A","N/A","robbie.begg@btconnect.com","07778 305332","N/A","Store & Office, Roxburgh, Wick","Wick","Scotland","United Kingdom","EV chargepoint installation","Commercial and residential installations","N/A","N/A","N/A","N/A","N/A","N/A","N/A","https://www.gov.uk/electric-vehicle-chargepoint-installers","OZEV-authorised; commercial installs","Scotland","Commercial; Residential","OZEV authorised","58.432646628205134","-3.0815690846153845","2026-05-18"
"R J Electrical and Security Ltd","N/A","N/A","N/A","cameron@rjelec.co.uk","01302 730600","https://www.rjelec.co.uk","Wheatley Hall Road, Doncaster","Doncaster","Yorkshire & Humber","United Kingdom","EV chargepoint installation","Commercial and residential installations","N/A","N/A","N/A","N/A","N/A","N/A","N/A","https://www.gov.uk/electric-vehicle-chargepoint-installers","OZEV-authorised; commercial installs","Yorkshire & Humber","Commercial; Residential","OZEV authorised","53.53443344776118","-1.1233267208955222","2026-05-18"
"R Lyons Electrical Ltd","N/A","N/A","N/A","rlyons@rlyonselectrical.co.uk","N/A","https://www.rlyonselectrical.co.uk","78 Maenan Road, Llandudno, Conwy, Llandudno","Llandudno","Wales","United Kingdom","EV chargepoint installation","Commercial and residential installations","N/A","N/A","N/A","N/A","N/A","N/A","N/A","https://www.gov.uk/electric-vehicle-chargepoint-installers","OZEV-authorised; commercial installs","Wales","Commercial; Residential","OZEV authorised","53.31270640200001","-3.816484876000002","2026-05-18"
"R Mera Electrical t/a Mera Electrical Services","N/A","N/A","N/A","robertmera85@hotmail.co.uk","02086 615385","N/A","13 Bramley Road, Sutton","Sutton","South East","United Kingdom","EV chargepoint installation","Commercial and residential installations","N/A","N/A","N/A","N/A","N/A","N/A","N/A","https://www.gov.uk/electric-vehicle-chargepoint-installers","OZEV-authorised; commercial installs","South East","Commercial; Residential","OZEV authorised","51.36314847692308","-0.18175686153846152","2026-05-18"
"R Owen Electrical & Security Ltd","N/A","N/A","N/A","N/A","N/A","N/A","28 Grafton street, Hanley, Stoke on Trent","Stoke on Trent","West Midlands","United Kingdom","EV chargepoint installation","Commercial and residential installations","N/A","N/A","N/A","N/A","N/A","N/A","N/A","https://www.gov.uk/electric-vehicle-chargepoint-installers","OZEV-authorised; commercial installs","West Midlands","Commercial; Residential","OZEV authorised","53.029212699999995","-2.1709544333333333","2026-05-18"
"R S Electrix Ltd","N/A","N/A","N/A","rselectrixltd@gmail.com","07769 111203","https://www.rselectrix.com","30 Victoria Avenue, Harrogate","Harrogate","Yorkshire & Humber","United Kingdom","EV chargepoint installation","Commercial and residential installations","N/A","N/A","N/A","N/A","N/A","N/A","N/A","https://www.gov.uk/electric-vehicle-chargepoint-installers","OZEV-authorised; commercial installs","Yorkshire & Humber","Commercial; Residential","OZEV authorised","53.99105048108106","-1.533730437837838","2026-05-18"
"R S Merriman Ltd","N/A","N/A","N/A","info@r-s-merriman.co.uk","01856 850105","https://www.rsmerriman.co.uk","Garson Way, Stromness, Orkney, Stromness","Stromness","Scotland","United Kingdom","EV chargepoint installation","Commercial and residential installations","N/A","N/A","N/A","N/A","N/A","N/A","N/A","https://www.gov.uk/electric-vehicle-chargepoint-installers","OZEV-authorised; commercial installs","Scotland","Commercial; Residential","OZEV authorised","58.967606287500004","-3.2822008499999997","2026-05-18"
"R S Response","N/A","N/A","N/A","N/A","N/A","N/A","Rockingham Drive, Milton Keynes","Milton Keynes","South East","United Kingdom","EV chargepoint installation","Commercial and residential installations","N/A","N/A","N/A","N/A","N/A","N/A","N/A","https://www.gov.uk/electric-vehicle-chargepoint-installers","OZEV-authorised; commercial installs","South East","Commercial; Residential","OZEV authorised","52.0560228482759","-0.7579116810344826","2026-05-18"
"R&A Systems (Scotland) Ltd","N/A","N/A","N/A","N/A","N/A","N/A","22 Clydesdale Street, Hamilton","Hamilton","Scotland","United Kingdom","EV chargepoint installation","Commercial and residential installations","N/A","N/A","N/A","N/A","N/A","N/A","N/A","https://www.gov.uk/electric-vehicle-chargepoint-installers","OZEV-authorised; commercial installs","Scotland","Commercial; Residential","OZEV authorised","55.77939845555555","-4.053109122222222","2026-05-18"
"R&M - Facilities Management Coventry City Council","N/A","N/A","N/A","N/A","N/A","N/A","One Friargart, Coventry","Coventry","West Midlands","United Kingdom","EV chargepoint installation","Commercial and residential installations","N/A","N/A","N/A","N/A","N/A","N/A","N/A","https://www.gov.uk/electric-vehicle-chargepoint-installers","OZEV-authorised; commercial installs","West Midlands","Commercial; Residential","OZEV authorised","52.402309668965486","-1.5131320758620692","2026-05-18"
"R.E Electrical services","N/A","N/A","N/A","reelectrical23@gmail.com","07908 681731","https://www.reelectricalservices.co.uk","12 Ithon View, Tremont Park, Llandrindod Wells, Powys","Powys","Wales","United Kingdom","EV chargepoint installation","Commercial and residential installations","N/A","N/A","N/A","N/A","N/A","N/A","N/A","https://www.gov.uk/electric-vehicle-chargepoint-installers","OZEV-authorised; commercial installs","Wales","Commercial; Residential","OZEV authorised","52.25219628648649","-3.373179581081081","2026-05-18"
"Raeisi Elecrical Ltd t/a B2C Electrical","N/A","N/A","N/A","N/A","N/A","N/A","109 Faringdon Road, Swindon","Swindon","South West","United Kingdom","EV chargepoint installation","Commercial and residential installations","N/A","N/A","N/A","N/A","N/A","N/A","N/A","https://www.gov.uk/electric-vehicle-chargepoint-installers","OZEV-authorised; commercial installs","South West","Commercial; Residential","OZEV authorised","51.55933365416667","-1.7928783749999992","2026-05-18"
"Raiden Charging UK Ltd t/a Charge Guru","N/A","N/A","N/A","uk-info@chargeguru.com","02039 369930","https://www.chargeguru.com/uk","21 Holborn Viaduct, London","London","London","United Kingdom","EV chargepoint installation","Commercial and residential installations","N/A","N/A","N/A","N/A","N/A","N/A","N/A","https://www.gov.uk/electric-vehicle-chargepoint-installers","OZEV-authorised; commercial installs","London","Commercial; Residential","OZEV authorised","51.51717807647059","-0.10495856176470586","2026-05-18"
"Ramco Electrical Ltd","N/A","N/A","N/A","N/A","N/A","N/A","14 Billinge Avenue, Blackburn","Blackburn","North West","United Kingdom","EV chargepoint installation","Commercial and residential installations","N/A","N/A","N/A","N/A","N/A","N/A","N/A","https://www.gov.uk/electric-vehicle-chargepoint-installers","OZEV-authorised; commercial installs","North West","Commercial; Residential","OZEV authorised","53.749672744827585","-2.5092732068965518","2026-05-18"
"Range EV Ltd T/A Range","N/A","N/A","N/A","james@range-ev.co.uk","03301758682 / 07548900645","https://www.range-ev.co.uk","Dragon House, Princes Way, Bridgend","Bridgend","Wales","United Kingdom","EV chargepoint installation","Commercial and residential installations","N/A","N/A","N/A","N/A","N/A","N/A","N/A","https://www.gov.uk/electric-vehicle-chargepoint-installers","OZEV-authorised; commercial installs","Wales","Commercial; Residential","OZEV authorised","51.50182882","-3.561876914999999","2026-05-18"
"Rannard Electrical Solutions Ltd","N/A","N/A","N/A","rannardelectrical@gmail.com","07877 907730","N/A","16 Kearsley Street, Springfield, Wigan","Wigan","North West","United Kingdom","EV chargepoint installation","Commercial and residential installations","N/A","N/A","N/A","N/A","N/A","N/A","N/A","https://www.gov.uk/electric-vehicle-chargepoint-installers","OZEV-authorised; commercial installs","North West","Commercial; Residential","OZEV authorised","53.5500215","-2.641153286666667","2026-05-18"
"Rapid Charge UK Ltd T/A Rapid Charge","N/A","N/A","N/A","adrian.wright@rapidcharge.com","0800 599 9359","https://www.rapidcharge.com","31 Temple Street, Birmingham","Birmingham","West Midlands","United Kingdom","EV chargepoint installation","Commercial and residential installations","N/A","N/A","N/A","N/A","N/A","N/A","N/A","https://www.gov.uk/electric-vehicle-chargepoint-installers","OZEV-authorised; commercial installs","West Midlands","Commercial; Residential","OZEV authorised","52.47980190508477","-1.8990291288135586","2026-05-18"
"Ravenscroft Electrical","N/A","N/A","N/A","nickrave@gmail.com","07810 454452","N/A","Flat 104, Mission Building 747, Commercial Road, London","London","London","United Kingdom","EV chargepoint installation","Commercial and residential installations","N/A","N/A","N/A","N/A","N/A","N/A","N/A","https://www.gov.uk/electric-vehicle-chargepoint-installers","OZEV-authorised; commercial installs","London","Commercial; Residential","OZEV authorised","51.512619579999985","-0.03243032000000002","2026-05-18"
"Rayner Electrical Services Ltd","N/A","N/A","N/A","info@raynerelectricalservicesltd.co.uk","01642450328 / 07824113095","https://www.raynerelectricalservicesltd.co.uk/","10 Drake Court,, Middlesborough","Middlesborough","North East","United Kingdom","EV chargepoint installation","Commercial and residential installations","N/A","N/A","N/A","N/A","N/A","N/A","N/A","https://www.gov.uk/electric-vehicle-chargepoint-installers","OZEV-authorised; commercial installs","North East","Commercial; Residential","OZEV authorised","54.58220026","-1.2536199879999999","2026-05-18"
"RB Grant Ltd","N/A","N/A","N/A","info@rbgrant.co.uk","07957 438638","https://www.rbgrant.co.uk","Office 17 The Business Incubator, Myregormie Place","Myregormie Place","Scotland","United Kingdom","EV chargepoint installation","Commercial and residential installations","N/A","N/A","N/A","N/A","N/A","N/A","N/A","https://www.gov.uk/electric-vehicle-chargepoint-installers","OZEV-authorised; commercial installs","Scotland","Commercial; Residential","OZEV authorised","56.13717204651162","-3.137430379069768","2026-05-18"
"RDI Renewables Ltd","N/A","N/A","N/A","info@rdirenewables.co.uk","01847 890012","https://www.rdirenewables.co.uk","Unit 4B Ormlie Industrial Estate, Thurso","Thurso","Scotland","United Kingdom","EV chargepoint installation","Commercial and residential installations","N/A","N/A","N/A","N/A","N/A","N/A","N/A","https://www.gov.uk/electric-vehicle-chargepoint-installers","OZEV-authorised; commercial installs","Scotland","Commercial; Residential","OZEV authorised","58.58613184499997","-3.5382636583333347","2026-05-18"
"REC Electrical Solutions Ltd","N/A","N/A","N/A","N/A","N/A","N/A","48 Radcliffe Road, Oldham,, Greater Manchester","Greater Manchester","North West","United Kingdom","EV chargepoint installation","Commercial and residential installations","N/A","N/A","N/A","N/A","N/A","N/A","N/A","https://www.gov.uk/electric-vehicle-chargepoint-installers","OZEV-authorised; commercial installs","North West","Commercial; Residential","OZEV authorised","53.55552548863636","-2.0813406749999994","2026-05-18"
"Recharge at Home Limited","N/A","N/A","N/A","simon@rechargeathome.co.uk","01483 903902","https://www.rechargeathome.co.uk","5 Coombe Lane West, Kingston Hill","Kingston Hill","South East","United Kingdom","EV chargepoint installation","Commercial and residential installations","N/A","N/A","N/A","N/A","N/A","N/A","N/A","https://www.gov.uk/electric-vehicle-chargepoint-installers","OZEV-authorised; commercial installs","South East","Commercial; Residential","OZEV authorised","51.41334287307692","-0.27774908846153845","2026-05-18"
"Red Flame Electrical Ltd","N/A","N/A","N/A","enquiries@redflame.co.uk","01686 624923","https://www.redflame.co.uk","Unit 2b Ffrydd Vaughan, Dolfor Road, Newtown, Powys","Powys","West Midlands","United Kingdom","EV chargepoint installation","Commercial and residential installations","N/A","N/A","N/A","N/A","N/A","N/A","N/A","https://www.gov.uk/electric-vehicle-chargepoint-installers","OZEV-authorised; commercial installs","West Midlands","Commercial; Residential","OZEV authorised","52.497948855555556","-3.3225455370370374","2026-05-18"
"REF Electrics (Taunton) Ltd","N/A","N/A","N/A","matthew@refelectrics.co.uk","01823 282339","https://www.refelectrics.co.uk","REF electrics, 22 Acorn centre, Livingstone way, Taunton","Taunton","South West","United Kingdom","EV chargepoint installation","Commercial and residential installations","N/A","N/A","N/A","N/A","N/A","N/A","N/A","https://www.gov.uk/electric-vehicle-chargepoint-installers","OZEV-authorised; commercial installs","South West","Commercial; Residential","OZEV authorised","51.02572521","-3.128458696","2026-05-18"
"Refresh Property Solutions LTD","N/A","N/A","N/A","info@refreshni.com","02890993485 / 07918472580","https://www.refreshni.com","Unit 2 Bellsbridge Business Park, Ladas Drive, Belfast","Belfast","Northern Ireland","United Kingdom","EV chargepoint installation","Commercial and residential installations","N/A","N/A","N/A","N/A","N/A","N/A","N/A","https://www.gov.uk/electric-vehicle-chargepoint-installers","OZEV-authorised; commercial installs","Northern Ireland","Commercial; Residential","OZEV authorised","54.57963456666667","-5.895450533333333","2026-05-18"
"Regal-T Electrical Limited","N/A","N/A","N/A","info@regal-telectrical.co.uk","07376 685622","https://www.regal-telectrical.co.uk","6 Prae Close, St Albans","St Albans","South East","United Kingdom","EV chargepoint installation","Commercial and residential installations","N/A","N/A","N/A","N/A","N/A","N/A","N/A","https://www.gov.uk/electric-vehicle-chargepoint-installers","OZEV-authorised; commercial installs","South East","Commercial; Residential","OZEV authorised","51.75463290909091","-0.3538855363636364","2026-05-18"
"Reginald Maude Ltd","N/A","N/A","N/A","N/A","N/A","N/A","Globe House, Miall Street, Halifax","Halifax","Yorkshire & Humber","United Kingdom","EV chargepoint installation","Commercial and residential installations","N/A","N/A","N/A","N/A","N/A","N/A","N/A","https://www.gov.uk/electric-vehicle-chargepoint-installers","OZEV-authorised; commercial installs","Yorkshire & Humber","Commercial; Residential","OZEV authorised","53.72688968181817","-1.879383654545454","2026-05-18"
"Rehoboth Electrical LTD","N/A","N/A","N/A","contact@rehobothelectrical.co.uk","07444 218593","https://www.rehobothelectrical.co.uk","4 Wimborne Road, London","London","London","United Kingdom","EV chargepoint installation","Commercial and residential installations","N/A","N/A","N/A","N/A","N/A","N/A","N/A","https://www.gov.uk/electric-vehicle-chargepoint-installers","OZEV-authorised; commercial installs","London","Commercial; Residential","OZEV authorised","51.595577770588235","-0.07686349411764706","2026-05-18"
"Renlec Ltd","N/A","N/A","N/A","enquiries@renlec.co.uk","07792 750664","N/A","5 Maes Y Cwm, Llanwnog, Caersws","Caersws","West Midlands","United Kingdom","EV chargepoint installation","Commercial and residential installations","N/A","N/A","N/A","N/A","N/A","N/A","N/A","https://www.gov.uk/electric-vehicle-chargepoint-installers","OZEV-authorised; commercial installs","West Midlands","Commercial; Residential","OZEV authorised","52.53447595454545","-3.4406424999999996","2026-05-18"
"Res Electrics Ltd","N/A","N/A","N/A","info@res-electrics.uk","07771 003293","https://www.res-electrics.uk","114a Church Lane, Moldgreen, Huddersfield","Huddersfield","Yorkshire & Humber","United Kingdom","EV chargepoint installation","Commercial and residential installations","N/A","N/A","N/A","N/A","N/A","N/A","N/A","https://www.gov.uk/electric-vehicle-chargepoint-installers","OZEV-authorised; commercial installs","Yorkshire & Humber","Commercial; Residential","OZEV authorised","53.64588245789474","-1.7664112052631582","2026-05-18"
"RGP Electrical Limited","N/A","N/A","N/A","ryan@rgpelectrical.com","02045389709 / 07854764222","https://www.rgpelectrical.com","3rd floor 86-90 Paul Street, London","London","London","United Kingdom","EV chargepoint installation","Commercial and residential installations","N/A","N/A","N/A","N/A","N/A","N/A","N/A","https://www.gov.uk/electric-vehicle-chargepoint-installers","OZEV-authorised; commercial installs","London","Commercial; Residential","OZEV authorised","51.525556482978736","-0.08361228723404251","2026-05-18"
"RH Electrical","N/A","N/A","N/A","N/A","N/A","N/A","36 St Annes Road, Claines, Worcester","Worcester","West Midlands","United Kingdom","EV chargepoint installation","Commercial and residential installations","N/A","N/A","N/A","N/A","N/A","N/A","N/A","https://www.gov.uk/electric-vehicle-chargepoint-installers","OZEV-authorised; commercial installs","West Midlands","Commercial; Residential","OZEV authorised","52.219841400000014","-2.222201019047619","2026-05-18"
"RH Electrical Services","N/A","N/A","N/A","ryanhyatt2@hotmail.com","N/A","N/A","7, Eros Crescent, Birches Head, Stoke-on-Trent","Stoke-on-Trent","West Midlands","United Kingdom","EV chargepoint installation","Commercial and residential installations","N/A","N/A","N/A","N/A","N/A","N/A","N/A","https://www.gov.uk/electric-vehicle-chargepoint-installers","OZEV-authorised; commercial installs","West Midlands","Commercial; Residential","OZEV authorised","53.035029914942506","-2.1580399321839066","2026-05-18"
"RH Eng Ltd t/a RH","N/A","N/A","N/A","rhengltd@gngineer.com","07515 452296","https://www.rh.engineer","1,3 & 3A Nunsmoor Building, Newcastle Upon Tyne","Newcastle Upon Tyne","North East","United Kingdom","EV chargepoint installation","Commercial and residential installations","N/A","N/A","N/A","N/A","N/A","N/A","N/A","https://www.gov.uk/electric-vehicle-chargepoint-installers","OZEV-authorised; commercial installs","North East","Commercial; Residential","OZEV authorised","54.980691127500016","-1.6468061925000008","2026-05-18"
"RH Foster Ltd","N/A","N/A","N/A","contact@rhfosterelectrical.co.uk","01256 465414","https://www.rhfosterelectrical.co.uk","16 Essex Road,, Basingstoke","Basingstoke","South East","United Kingdom","EV chargepoint installation","Commercial and residential installations","N/A","N/A","N/A","N/A","N/A","N/A","N/A","https://www.gov.uk/electric-vehicle-chargepoint-installers","OZEV-authorised; commercial installs","South East","Commercial; Residential","OZEV authorised","51.2649715","-1.093877","2026-05-18"
"RHD Contracts Ltd","N/A","N/A","N/A","N/A","07795 466559","https://www.rhdcontracts.co.uk","46a Main Street, Chryston, Glasgow","Glasgow","Scotland","United Kingdom","EV chargepoint installation","Commercial installations only","N/A","N/A","N/A","N/A","N/A","N/A","N/A","https://www.gov.uk/electric-vehicle-chargepoint-installers","OZEV-authorised; commercial installs","Scotland","Commercial","OZEV authorised","55.906322628571424","-4.101180614285715","2026-05-18"
"RHD Electrical","N/A","N/A","N/A","RHDproperty@outlook.com","07572 581400","N/A","Flat 31 Stewart, Rainbird House, London","London","London","United Kingdom","EV chargepoint installation","Commercial and residential installations","N/A","N/A","N/A","N/A","N/A","N/A","N/A","https://www.gov.uk/electric-vehicle-chargepoint-installers","OZEV-authorised; commercial installs","London","Commercial; Residential","OZEV authorised","51.54973530000001","0.06319340000000002","2026-05-18"
"RI Cruden Limited","N/A","N/A","N/A","N/A","N/A","N/A","Renewable Innovation Centre, 12-14 Seafield Road, Inverness","Inverness","Scotland","United Kingdom","EV chargepoint installation","Commercial and residential installations","N/A","N/A","N/A","N/A","N/A","N/A","N/A","https://www.gov.uk/electric-vehicle-chargepoint-installers","OZEV-authorised; commercial installs","Scotland","Commercial; Residential","OZEV authorised","57.48812489066667","-4.213908146666666","2026-05-18"
"Richard Bull Electrical Ltd","N/A","N/A","N/A","N/A","N/A","N/A","Park Barn, The Greenm Badby, Daventry","Daventry","East Midlands","United Kingdom","EV chargepoint installation","Commercial and residential installations","N/A","N/A","N/A","N/A","N/A","N/A","N/A","https://www.gov.uk/electric-vehicle-chargepoint-installers","OZEV-authorised; commercial installs","East Midlands","Commercial; Residential","OZEV authorised","52.22705196111111","-1.181344483333333","2026-05-18"
"Richard Farish Electrical Contractor","N/A","N/A","N/A","farish192@btinternet.com","01387266903 / 07850398900","N/A","Oak Lodge, Albany Lane,, Dumfries","Dumfries","Scotland","United Kingdom","EV chargepoint installation","Commercial and residential installations","N/A","N/A","N/A","N/A","N/A","N/A","N/A","https://www.gov.uk/electric-vehicle-chargepoint-installers","OZEV-authorised; commercial installs","Scotland","Commercial; Residential","OZEV authorised","55.077157823076924","-3.6070513","2026-05-18"
"Riches & Bullard Electrical Ltd","N/A","N/A","N/A","projects@r-b-electrical.co.uk","07837 627801","https://www.r-b-electrical.co.uk","18 Flint Close, Ipswich","Ipswich","East of England","United Kingdom","EV chargepoint installation","Commercial and residential installations","N/A","N/A","N/A","N/A","N/A","N/A","N/A","https://www.gov.uk/electric-vehicle-chargepoint-installers","OZEV-authorised; commercial installs","East of England","Commercial; Residential","OZEV authorised","52.04046117352941","1.1468199588235297","2026-05-18"
"Riviera Electrical Limited","N/A","N/A","N/A","info@riviera-electrical.co.uk","01803678101 / 07342930194","https://www.riviera-electrical.co.uk","176 Union Street, Torquay","Torquay","South West","United Kingdom","EV chargepoint installation","Commercial and residential installations","N/A","N/A","N/A","N/A","N/A","N/A","N/A","https://www.gov.uk/electric-vehicle-chargepoint-installers","OZEV-authorised; commercial installs","South West","Commercial; Residential","OZEV authorised","50.46890664642855","-3.533861069642857","2026-05-18"
"Rix Energy Services LTD","N/A","N/A","N/A","electricalservices@rix.co.uk","01482 387788","https://www.rix.co.uk/homes/services-maintenance/energy","2 Humber Quays, Wellington Street West,, Hull","Hull","Yorkshire & Humber","United Kingdom","EV chargepoint installation","Commercial and residential installations","N/A","N/A","N/A","N/A","N/A","N/A","N/A","https://www.gov.uk/electric-vehicle-chargepoint-installers","OZEV-authorised; commercial installs","Yorkshire & Humber","Commercial; Residential","OZEV authorised","53.73768224054055","-0.33778038648648656","2026-05-18"
"Rix Gas Services Ltd t/a Rix Electrical Services","N/A","N/A","N/A","gasservices@rix.co.uk","01482 387788","https://www.rix.co.uk/electrical-services","2 Humber Quays, Wellington Street West,, Hull","Hull","Yorkshire & Humber","United Kingdom","EV chargepoint installation","Commercial and residential installations","N/A","N/A","N/A","N/A","N/A","N/A","N/A","https://www.gov.uk/electric-vehicle-chargepoint-installers","OZEV-authorised; commercial installs","Yorkshire & Humber","Commercial; Residential","OZEV authorised","53.73768224054055","-0.33778038648648656","2026-05-18"
"RJ Electrical Services Ltd","N/A","N/A","N/A","N/A","N/A","N/A","Unit 3A Barnack Industrial Est, Wilton, Salisbury","Salisbury","South West","United Kingdom","EV chargepoint installation","Commercial and residential installations","N/A","N/A","N/A","N/A","N/A","N/A","N/A","https://www.gov.uk/electric-vehicle-chargepoint-installers","OZEV-authorised; commercial installs","South West","Commercial; Residential","OZEV authorised","51.08633485416666","-1.8591691270833335","2026-05-18"
"RJ Smith Electrical Engineers Ltd","N/A","N/A","N/A","david@rjsmithelectrical.com","01418 480700","https://www.RJSmithElectrical.com","43 Canal Street,, Paisley","Paisley","Scotland","United Kingdom","EV chargepoint installation","Commercial installations only","N/A","N/A","N/A","N/A","N/A","N/A","N/A","https://www.gov.uk/electric-vehicle-chargepoint-installers","OZEV-authorised; commercial installs","Scotland","Commercial","OZEV authorised","55.84097812666667","-4.430146556666666","2026-05-18"
"RJC Electrical Contracting Ltd","N/A","N/A","N/A","rjcelectricalcontracting@gmail.com","07731 626153","https://www.fixedwiretesting.co.uk","16 Muirend Grove, Perth","Perth","Scotland","United Kingdom","EV chargepoint installation","Commercial and residential installations","N/A","N/A","N/A","N/A","N/A","N/A","N/A","https://www.gov.uk/electric-vehicle-chargepoint-installers","OZEV-authorised; commercial installs","Scotland","Commercial; Residential","OZEV authorised","56.39460282272727","-3.4665725954545454","2026-05-18"
"RLW Electrical & Solar Limited","N/A","N/A","N/A","info@rlwelectrical.co.uk","01554 556559","https://www.rlwelectrical.co.uk","3 Priory Street, Kidwelly","Kidwelly","Wales","United Kingdom","EV chargepoint installation","Commercial and residential installations","N/A","N/A","N/A","N/A","N/A","N/A","N/A","https://www.gov.uk/electric-vehicle-chargepoint-installers","OZEV-authorised; commercial installs","Wales","Commercial; Residential","OZEV authorised","51.73723812307692","-4.302544223076925","2026-05-18"
"RMEC Electrical Ltd","N/A","N/A","N/A","rmecelectrical@gmail.com","07808 216260","N/A","69-75 Thorpe Road, Norwich, Norfolk","Norfolk","East of England","United Kingdom","EV chargepoint installation","Commercial and residential installations","N/A","N/A","N/A","N/A","N/A","N/A","N/A","https://www.gov.uk/electric-vehicle-chargepoint-installers","OZEV-authorised; commercial installs","East of England","Commercial; Residential","OZEV authorised","52.62489173875006","1.3198299275000014","2026-05-18"
"Roamler UK Ltd","N/A","N/A","N/A","phil.aukland@roamler.com","N/A","N/A","Alpha Tower Office 20-20, Suffolk Street, Queensway, Birmingham","Birmingham","West Midlands","United Kingdom","EV chargepoint installation","Commercial and residential installations","N/A","N/A","N/A","N/A","N/A","N/A","N/A","https://www.gov.uk/electric-vehicle-chargepoint-installers","OZEV-authorised; commercial installs","West Midlands","Commercial; Residential","OZEV authorised","52.478464380000055","-1.9061948999999982","2026-05-18"
"Robert Clack Electrical Contractor Ltd","N/A","N/A","N/A","rob@rc-ec.com","01753 674042","https://www.rc-ec.com","9 Fieldhurst, Slough","Slough","South East","United Kingdom","EV chargepoint installation","Commercial and residential installations","N/A","N/A","N/A","N/A","N/A","N/A","N/A","https://www.gov.uk/electric-vehicle-chargepoint-installers","OZEV-authorised; commercial installs","South East","Commercial; Residential","OZEV authorised","51.49633426538462","-0.5499795807692307","2026-05-18"
"Robson Electrical Limited","N/A","N/A","N/A","keith@robsonelectrical.co.uk","01912 765648","https://www.robsonelectrical.co.uk","Hawthorn House, 28-30 Back Heaton Road, Newcastle upon Tyne","Newcastle upon Tyne","North East","United Kingdom","EV chargepoint installation","Commercial and residential installations","N/A","N/A","N/A","N/A","N/A","N/A","N/A","https://www.gov.uk/electric-vehicle-chargepoint-installers","OZEV-authorised; commercial installs","North East","Commercial; Residential","OZEV authorised","54.97843014750001","-1.5792233625","2026-05-18"
"Robust AE Ltd","N/A","N/A","N/A","info@robust-ae.com","07447 544890","https://www.robust-ae.com","8 Spencer Road, South Croydon","South Croydon","South East","United Kingdom","EV chargepoint installation","Commercial and residential installations","N/A","N/A","N/A","N/A","N/A","N/A","N/A","https://www.gov.uk/electric-vehicle-chargepoint-installers","OZEV-authorised; commercial installs","South East","Commercial; Residential","OZEV authorised","51.362035725","-0.08592861999999997","2026-05-18"
"Roger Stearn Electrical Contractors","N/A","N/A","N/A","rogerstearn@gmail.com","07850 464064","N/A","Roger Stearn Electrical Contractors, 41 Brampton Road, Cambridge","Cambridge","East of England","United Kingdom","EV chargepoint installation","Commercial and residential installations","N/A","N/A","N/A","N/A","N/A","N/A","N/A","https://www.gov.uk/electric-vehicle-chargepoint-installers","OZEV-authorised; commercial installs","East of England","Commercial; Residential","OZEV authorised","52.20359312931035","0.14921853448275857","2026-05-18"
"Rokk Electrical","N/A","N/A","N/A","cbolger@mail.com","07929 339125","N/A","9 South Royd Avenue, Halifax","Halifax","Yorkshire & Humber","United Kingdom","EV chargepoint installation","Commercial and residential installations","N/A","N/A","N/A","N/A","N/A","N/A","N/A","https://www.gov.uk/electric-vehicle-chargepoint-installers","OZEV-authorised; commercial installs","Yorkshire & Humber","Commercial; Residential","OZEV authorised","53.70815495294117","-1.8611841411764707","2026-05-18"
"Royle Jackson Ltd","N/A","N/A","N/A","dan@roylejackson.co.uk","02380 331288","https://www.roylejacksonltd.co.uk","1 Granville Street, Southampton","Southampton","N/A","United Kingdom","EV chargepoint installation","Commercial and residential installations","N/A","N/A","N/A","N/A","N/A","N/A","N/A","https://www.gov.uk/electric-vehicle-chargepoint-installers","OZEV-authorised; commercial installs","N/A","Commercial; Residential","OZEV authorised","50.90228735","-1.3917914166666667","2026-05-18"
"RR Electrical Services (Wrexham)","N/A","N/A","N/A","admin@rr-electrical.com","01978 468118","N/A","Unit 9 Livery Stables Units, Summerhill Road, Wrexham","Wrexham","Wales","United Kingdom","EV chargepoint installation","Commercial and residential installations","N/A","N/A","N/A","N/A","N/A","N/A","N/A","https://www.gov.uk/electric-vehicle-chargepoint-installers","OZEV-authorised; commercial installs","Wales","Commercial; Residential","OZEV authorised","53.066009587804864","-3.0194117951219517","2026-05-18"
"RRP Electrical Contractors Ltd","N/A","N/A","N/A","N/A","N/A","N/A","14 Jubilee Road, Perivale, Greenford","Greenford","South East","United Kingdom","EV chargepoint installation","Commercial and residential installations","N/A","N/A","N/A","N/A","N/A","N/A","N/A","https://www.gov.uk/electric-vehicle-chargepoint-installers","OZEV-authorised; commercial installs","South East","Commercial; Residential","OZEV authorised","51.54227853513514","-0.31940759459459456","2026-05-18"
"Russell Gibson","N/A","N/A","N/A","N/A","N/A","N/A","21 Taynton Drive, Merstham","Merstham","South East","United Kingdom","EV chargepoint installation","Commercial and residential installations","N/A","N/A","N/A","N/A","N/A","N/A","N/A","https://www.gov.uk/electric-vehicle-chargepoint-installers","OZEV-authorised; commercial installs","South East","Commercial; Residential","OZEV authorised","51.25780874468086","-0.1431213595744681","2026-05-18"
"Rutherfords Electrical Solutions","N/A","N/A","N/A","enquiries@rutherfordselectrical.co.uk","07780 977439","https://www.rutherfordselectrical.co.uk/","Dovewell, Lochfoot, Dumfries","Dumfries","Scotland","United Kingdom","EV chargepoint installation","Commercial and residential installations","N/A","N/A","N/A","N/A","N/A","N/A","N/A","https://www.gov.uk/electric-vehicle-chargepoint-installers","OZEV-authorised; commercial installs","Scotland","Commercial; Residential","OZEV authorised","55.047664094736845","-3.7104311421052643","2026-05-18"
"RW Electrical (Cornwall)","N/A","N/A","N/A","rwelectricals@outlook.com","07377 875763","N/A","14 Higher Boskerris, Carbis Bay","Carbis Bay","South West","United Kingdom","EV chargepoint installation","Commercial and residential installations","N/A","N/A","N/A","N/A","N/A","N/A","N/A","https://www.gov.uk/electric-vehicle-chargepoint-installers","OZEV-authorised; commercial installs","South West","Commercial; Residential","OZEV authorised","50.1936272617647","-5.4687181426470595","2026-05-18"
"Ryan Johnstone Electrical Contractor T/A Fusion Renewables Ltd","N/A","N/A","N/A","ryanjohnstoneelec@gmail.com","07912 533926","https://www.electriciandumfries.co.uk","Oakville, Maxwelltown Station Road, Dumfries","Dumfries","Scotland","United Kingdom","EV chargepoint installation","Commercial and residential installations","N/A","N/A","N/A","N/A","N/A","N/A","N/A","https://www.gov.uk/electric-vehicle-chargepoint-installers","OZEV-authorised; commercial installs","Scotland","Commercial; Residential","OZEV authorised","55.069672617241366","-3.639877055172415","2026-05-18"
"Ryelec Electrical Solutions Ltd","N/A","N/A","N/A","ryelec1@gmail.com","07595 376144","https://www.ryelec.uk","97 Lord Nelson Street,, Warrington","Warrington","North West","United Kingdom","EV chargepoint installation","Commercial and residential installations","N/A","N/A","N/A","N/A","N/A","N/A","N/A","https://www.gov.uk/electric-vehicle-chargepoint-installers","OZEV-authorised; commercial installs","North West","Commercial; Residential","OZEV authorised","53.38799376545453","-2.5833285490909086","2026-05-18"
"S & L Electrical NW Ltd","N/A","N/A","N/A","steven@slelectricalnw.co.uk","01614 770342","https://www.slelectricalnw.co.uk","Unit 1 Waterloo Park Industrial Estate, Upper Brook Street, Stockport","Stockport","North West","United Kingdom","EV chargepoint installation","Commercial and residential installations","N/A","N/A","N/A","N/A","N/A","N/A","N/A","https://www.gov.uk/electric-vehicle-chargepoint-installers","OZEV-authorised; commercial installs","North West","Commercial; Residential","OZEV authorised","53.40816510270272","-2.1510041810810816","2026-05-18"
"S Copeland Electrics","N/A","N/A","N/A","N/A","N/A","N/A","Unit 8, 26 Stockmans Way, Belfast","Belfast","Northern Ireland","United Kingdom","EV chargepoint installation","Commercial and residential installations","N/A","N/A","N/A","N/A","N/A","N/A","N/A","https://www.gov.uk/electric-vehicle-chargepoint-installers","OZEV-authorised; commercial installs","Northern Ireland","Commercial; Residential","OZEV authorised","54.57043924078946","-5.983466123684209","2026-05-18"
"S E C Electrical Ltd","N/A","N/A","N/A","craig@secelectrical.co.uk","01604 756637","https://www.secelectrical.co.uk/","48 St James Mill Road, Northampton","Northampton","East Midlands","United Kingdom","EV chargepoint installation","Commercial and residential installations","N/A","N/A","N/A","N/A","N/A","N/A","N/A","https://www.gov.uk/electric-vehicle-chargepoint-installers","OZEV-authorised; commercial installs","East Midlands","Commercial; Residential","OZEV authorised","52.232661933766224","-0.9101947831168833","2026-05-18"
"S E M Electrical Ltd","N/A","N/A","N/A","semelectrical@btconnect.com","01325 383374","https://www.semelectrical.com","36 Cleveland Trading Estate, Darlington, Co Durham","Co Durham","North East","United Kingdom","EV chargepoint installation","Commercial and residential installations","N/A","N/A","N/A","N/A","N/A","N/A","N/A","https://www.gov.uk/electric-vehicle-chargepoint-installers","OZEV-authorised; commercial installs","North East","Commercial; Residential","OZEV authorised","54.53595651999999","-1.5465791449999997","2026-05-18"
"S H Electrical","N/A","N/A","N/A","N/A","N/A","N/A","Unit 10, Long Island Park, Carlisle","Carlisle","North West","United Kingdom","EV chargepoint installation","Commercial and residential installations","N/A","N/A","N/A","N/A","N/A","N/A","N/A","https://www.gov.uk/electric-vehicle-chargepoint-installers","OZEV-authorised; commercial installs","North West","Commercial; Residential","OZEV authorised","54.88797544583335","-2.9356688291666675","2026-05-18"
"S M Electrical","N/A","N/A","N/A","N/A","N/A","N/A","118 Chester Road, Warrington","Warrington","North West","United Kingdom","EV chargepoint installation","Commercial and residential installations","N/A","N/A","N/A","N/A","N/A","N/A","N/A","https://www.gov.uk/electric-vehicle-chargepoint-installers","OZEV-authorised; commercial installs","North West","Commercial; Residential","OZEV authorised","53.38136918125","-2.5932531229166655","2026-05-18"
"S M WATSON ELECTRICAL CONTRACTING LTD","N/A","N/A","N/A","SCOTTWATSONELECTRICAL@HOTMAIL.COM","01765600612 / 07960593199","N/A","The Old Workshop, Back Elmwood Street, Harrogate","Harrogate","Yorkshire & Humber","United Kingdom","EV chargepoint installation","Commercial and residential installations","N/A","N/A","N/A","N/A","N/A","N/A","N/A","https://www.gov.uk/electric-vehicle-chargepoint-installers","OZEV-authorised; commercial installs","Yorkshire & Humber","Commercial; Residential","OZEV authorised","54.000035251351335","-1.5344947378378382","2026-05-18"
"S P Electrical Services","N/A","N/A","N/A","N/A","N/A","N/A","37 Cestria Buildings, George Street, Chester","Chester","North West","United Kingdom","EV chargepoint installation","Commercial and residential installations","N/A","N/A","N/A","N/A","N/A","N/A","N/A","https://www.gov.uk/electric-vehicle-chargepoint-installers","OZEV-authorised; commercial installs","North West","Commercial; Residential","OZEV authorised","53.19456994259258","-2.8923517277777773","2026-05-18"
"S.A.F.E. Maintenance Ltd","N/A","N/A","N/A","admin@safemaintenance.uk","07707 763064","https://www.safemaintenance.uk","19 Holliney Road, Manchester","Manchester","North West","United Kingdom","EV chargepoint installation","Commercial and residential installations","N/A","N/A","N/A","N/A","N/A","N/A","N/A","https://www.gov.uk/electric-vehicle-chargepoint-installers","OZEV-authorised; commercial installs","North West","Commercial; Residential","OZEV authorised","53.375856925","-2.245730966666667","2026-05-18"
"S.H.M Electrical Services (WALES) Ltd","N/A","N/A","N/A","N/A","N/A","N/A","Sycamore Grove, Camrose, Haverfordwest","Haverfordwest","Wales","United Kingdom","EV chargepoint installation","Commercial and residential installations","N/A","N/A","N/A","N/A","N/A","N/A","N/A","https://www.gov.uk/electric-vehicle-chargepoint-installers","OZEV-authorised; commercial installs","Wales","Commercial; Residential","OZEV authorised","51.843427851351365","-5.009963791891892","2026-05-18"
"S.M.S. Electrical Services","N/A","N/A","N/A","smselservices@gmail.com","07979 538622","https://www.smselectricalservices.co.uk","1 Bishops Walk, Morriston, Swansea","Swansea","Wales","United Kingdom","EV chargepoint installation","Commercial and residential installations","N/A","N/A","N/A","N/A","N/A","N/A","N/A","https://www.gov.uk/electric-vehicle-chargepoint-installers","OZEV-authorised; commercial installs","Wales","Commercial; Residential","OZEV authorised","51.67138891428573","-3.9283662214285715","2026-05-18"
"SA3 Group Ltd","N/A","N/A","N/A","ronan@sa3ltd.com","02887 658306","N/A","4 Moyard Way, Benburb, Dungannon","Dungannon","Northern Ireland","United Kingdom","EV chargepoint installation","Commercial and residential installations","N/A","N/A","N/A","N/A","N/A","N/A","N/A","https://www.gov.uk/electric-vehicle-chargepoint-installers","OZEV-authorised; commercial installs","Northern Ireland","Commercial; Residential","OZEV authorised","54.412581660000015","-6.73637912","2026-05-18"
"Safespark Ltd","N/A","N/A","N/A","info@safesparkltd.com","01617061222 / 07772284813","https://www.safesparkltd.com","Unit 2 Waterloo Park Industrial Estate, Upper Brook Street, Stockport","Stockport","North West","United Kingdom","EV chargepoint installation","Commercial and residential installations","N/A","N/A","N/A","N/A","N/A","N/A","N/A","https://www.gov.uk/electric-vehicle-chargepoint-installers","OZEV-authorised; commercial installs","North West","Commercial; Residential","OZEV authorised","53.40816510270272","-2.1510041810810816","2026-05-18"
"Safesparks Electrical Ltd","N/A","N/A","N/A","N/A","N/A","N/A","41 Walsall Street, Newport","Newport","Wales","United Kingdom","EV chargepoint installation","Commercial and residential installations","N/A","N/A","N/A","N/A","N/A","N/A","N/A","https://www.gov.uk/electric-vehicle-chargepoint-installers","OZEV-authorised; commercial installs","Wales","Commercial; Residential","OZEV authorised","51.5849620111111","-2.9760404793650803","2026-05-18"
"Salt Electrical Solutions Ltd","N/A","N/A","N/A","Saltelecsolutions@gmail.com","07802 791483","N/A","33 Chad Road, Bilston","Bilston","West Midlands","United Kingdom","EV chargepoint installation","Commercial and residential installations","N/A","N/A","N/A","N/A","N/A","N/A","N/A","https://www.gov.uk/electric-vehicle-chargepoint-installers","OZEV-authorised; commercial installs","West Midlands","Commercial; Residential","OZEV authorised","52.536586481250005","-2.0942614625000004","2026-05-18"
"Sam The Spark","N/A","N/A","N/A","samthespark@outlook.com","07715 296985","N/A","42 Richmond Hil, Luton","Luton","South East","United Kingdom","EV chargepoint installation","Commercial and residential installations","N/A","N/A","N/A","N/A","N/A","N/A","N/A","https://www.gov.uk/electric-vehicle-chargepoint-installers","OZEV-authorised; commercial installs","South East","Commercial; Residential","OZEV authorised","51.890158253125","-0.4077163609374999","2026-05-18"
"Scarbrook Electrical Ltd.","N/A","N/A","N/A","N/A","N/A","N/A","Unit 5 Jupiter Business Park, Bentley Road, Doncaster","Doncaster","Yorkshire & Humber","United Kingdom","EV chargepoint installation","Commercial and residential installations","N/A","N/A","N/A","N/A","N/A","N/A","N/A","https://www.gov.uk/electric-vehicle-chargepoint-installers","OZEV-authorised; commercial installs","Yorkshire & Humber","Commercial; Residential","OZEV authorised","53.53948816853933","-1.147997557303371","2026-05-18"
"Scott & Foggon Ltd","N/A","N/A","N/A","N/A","N/A","N/A","Unit 4 Oxnamrd, Jedburgh","Jedburgh","Scotland","United Kingdom","EV chargepoint installation","Commercial and residential installations","N/A","N/A","N/A","N/A","N/A","N/A","N/A","https://www.gov.uk/electric-vehicle-chargepoint-installers","OZEV-authorised; commercial installs","Scotland","Commercial; Residential","OZEV authorised","55.478065984615384","-2.5348030282051277","2026-05-18"
"SCS Installations Ltd","N/A","N/A","N/A","N/A","N/A","N/A","30 St Catherine Street, Gloucester","Gloucester","South West","United Kingdom","EV chargepoint installation","Commercial and residential installations","N/A","N/A","N/A","N/A","N/A","N/A","N/A","https://www.gov.uk/electric-vehicle-chargepoint-installers","OZEV-authorised; commercial installs","South West","Commercial; Residential","OZEV authorised","51.869902943999996","-2.2437801200000003","2026-05-18"
"SDM Electrical Ltd","N/A","N/A","N/A","info@sdmelectrical.com","07951 066848","N/A","4 LAVERY AVENUE, LARBERT, FALKIRK","FALKIRK","Scotland","United Kingdom","EV chargepoint installation","Commercial and residential installations","N/A","N/A","N/A","N/A","N/A","N/A","N/A","https://www.gov.uk/electric-vehicle-chargepoint-installers","OZEV-authorised; commercial installs","Scotland","Commercial; Residential","OZEV authorised","56.02165044761904","-3.8354049000000003","2026-05-18"
"Sean Ltd","N/A","N/A","N/A","sean@seanltd.co.uk","01792 439129","https://www.seanltd.co.uk","Unit 13 St Lukes Court, Clarke Way, Winch Wen Industrial Estate, Swansea","Swansea","Wales","United Kingdom","EV chargepoint installation","Commercial and residential installations","N/A","N/A","N/A","N/A","N/A","N/A","N/A","https://www.gov.uk/electric-vehicle-chargepoint-installers","OZEV-authorised; commercial installs","Wales","Commercial; Residential","OZEV authorised","51.6550635425","-3.900977069999999","2026-05-18"
"Securelex Ltd t/a Securlex Wiring Solutions","N/A","N/A","N/A","info@securelex.co.uk","01922235354 / 07756181817","https://www.securelex.co.uk","26 Lysways street, Walsall","Walsall","West Midlands","United Kingdom","EV chargepoint installation","Commercial and residential installations","N/A","N/A","N/A","N/A","N/A","N/A","N/A","https://www.gov.uk/electric-vehicle-chargepoint-installers","OZEV-authorised; commercial installs","West Midlands","Commercial; Residential","OZEV authorised","52.57888104782607","-1.9762458260869564","2026-05-18"
"SED Electrical Ltd","N/A","N/A","N/A","sean@sedevcharging.co.uk","02078 594548","https://www.SEDEVCHARGING.CO.UK","391 Liverpool Road, Islington, London","London","London","United Kingdom","EV chargepoint installation","Commercial and residential installations","N/A","N/A","N/A","N/A","N/A","N/A","N/A","https://www.gov.uk/electric-vehicle-chargepoint-installers","OZEV-authorised; commercial installs","London","Commercial; Residential","OZEV authorised","51.544915772727265","-0.10788074545454548","2026-05-18"
"Select Electrical (GB) Ltd t/a Select Electrical","N/A","N/A","N/A","natalieh@select-electrical.com","01302 344402","https://www.select-electrical.com","Unit 1 Bridge Street,, Doncaster","Doncaster","Yorkshire & Humber","United Kingdom","EV chargepoint installation","Commercial and residential installations","N/A","N/A","N/A","N/A","N/A","N/A","N/A","https://www.gov.uk/electric-vehicle-chargepoint-installers","OZEV-authorised; commercial installs","Yorkshire & Humber","Commercial; Residential","OZEV authorised","53.51835391538462","-1.1422181153846156","2026-05-18"
"Select Electrical Services","N/A","N/A","N/A","info@selectelectricalservices.com","07774 272606","https://www.selectelectricalservices.com","185 Applegarth Avenue, Guildford","Guildford","South East","United Kingdom","EV chargepoint installation","Commercial and residential installations","N/A","N/A","N/A","N/A","N/A","N/A","N/A","https://www.gov.uk/electric-vehicle-chargepoint-installers","OZEV-authorised; commercial installs","South East","Commercial; Residential","OZEV authorised","51.24748705428571","-0.615403497142857","2026-05-18"
"Select Energy Services","N/A","N/A","N/A","N/A","N/A","N/A","7 Lord Street, Halifax","Halifax","Yorkshire & Humber","United Kingdom","EV chargepoint installation","Commercial and residential installations","N/A","N/A","N/A","N/A","N/A","N/A","N/A","https://www.gov.uk/electric-vehicle-chargepoint-installers","OZEV-authorised; commercial installs","Yorkshire & Humber","Commercial; Residential","OZEV authorised","53.72202579830511","-1.8649232983050847","2026-05-18"
"Selfcharge Ltd","N/A","N/A","N/A","contact@selfcharge.co.uk","08009 991533","https://www.selfcharge.co.uk","16 Newbridge Hill, Bath","Bath","South West","United Kingdom","EV chargepoint installation","Commercial and residential installations","N/A","N/A","N/A","N/A","N/A","N/A","N/A","https://www.gov.uk/electric-vehicle-chargepoint-installers","OZEV-authorised; commercial installs","South West","Commercial; Residential","OZEV authorised","51.38726313965513","-2.3913765689655166","2026-05-18"
"Sentor Electrical Services Ltd t/a Sentor Electrical Services","N/A","N/A","N/A","norman@sentor.co.uk","02890 662288","https://www.sentor.co.uk","22A Musgrave Park Industrial Estate, Stockmans Way, Belfast","Belfast","Northern Ireland","United Kingdom","EV chargepoint installation","Commercial and residential installations","N/A","N/A","N/A","N/A","N/A","N/A","N/A","https://www.gov.uk/electric-vehicle-chargepoint-installers","OZEV-authorised; commercial installs","Northern Ireland","Commercial; Residential","OZEV authorised","54.57043924078946","-5.983466123684209","2026-05-18"
"Sentridge Ltd","N/A","N/A","N/A","glen.hickman@sentridge.com","07866 986640","https://www.sentridge.com","45 Hood Street, Coventry, West Midlands","West Midlands","West Midlands","United Kingdom","EV chargepoint installation","Commercial and residential installations","N/A","N/A","N/A","N/A","N/A","N/A","N/A","https://www.gov.uk/electric-vehicle-chargepoint-installers","OZEV-authorised; commercial installs","West Midlands","Commercial; Residential","OZEV authorised","52.40907609999999","-1.4980073142857144","2026-05-18"
"Serennia Engineering and Design Ltd","N/A","N/A","N/A","N/A","N/A","https://www.serennia.co.uk","24 Haisbro Avenue, Newport","Newport","Wales","United Kingdom","EV chargepoint installation","Commercial and residential installations","N/A","N/A","N/A","N/A","N/A","N/A","N/A","https://www.gov.uk/electric-vehicle-chargepoint-installers","OZEV-authorised; commercial installs","Wales","Commercial; Residential","OZEV authorised","51.604542753125","-2.978746325000001","2026-05-18"
"Seron Electrical Services EV Energiser & Roberts Charging Systems","N/A","N/A","N/A","contact@seron.co.uk","07854 536263","https://www.seron.co.uk","23 Traeth Melyn, Deganwy","Deganwy","Wales","United Kingdom","EV chargepoint installation","Commercial and residential installations","N/A","N/A","N/A","N/A","N/A","N/A","N/A","https://www.gov.uk/electric-vehicle-chargepoint-installers","OZEV-authorised; commercial installs","Wales","Commercial; Residential","OZEV authorised","53.301947190909075","-3.8369809500000005","2026-05-18"
"SES Building Services Ltd","N/A","N/A","N/A","neil@sesbs.co.uk","N/A","https://www.sesbs.co.uk","115 Pope Lane, Penwortham, Preston","Preston","North West","United Kingdom","EV chargepoint installation","Commercial installations only","N/A","N/A","N/A","N/A","N/A","N/A","N/A","https://www.gov.uk/electric-vehicle-chargepoint-installers","OZEV-authorised; commercial installs","North West","Commercial","OZEV authorised","53.73632927222222","-2.7216889055555553","2026-05-18"
"SES Design & Install","N/A","N/A","N/A","sesdesign_install@europe.com","07792 114423","N/A","21 Edinburgh Road, Walsall","Walsall","West Midlands","United Kingdom","EV chargepoint installation","Commercial and residential installations","N/A","N/A","N/A","N/A","N/A","N/A","N/A","https://www.gov.uk/electric-vehicle-chargepoint-installers","OZEV-authorised; commercial installs","West Midlands","Commercial; Residential","OZEV authorised","52.57594814473685","-1.9592885131578945","2026-05-18"
"SES Hereford Ltd","N/A","N/A","N/A","N/A","N/A","N/A","Unit 3 Marshall Business Centre, Faraday Road, Hereford","Hereford","West Midlands","United Kingdom","EV chargepoint installation","Commercial and residential installations","N/A","N/A","N/A","N/A","N/A","N/A","N/A","https://www.gov.uk/electric-vehicle-chargepoint-installers","OZEV-authorised; commercial installs","West Midlands","Commercial; Residential","OZEV authorised","52.066039434567905","-2.72770800123457","2026-05-18"
"Severn Valley Electricians Ltd","N/A","N/A","N/A","gareth@svtest.co.uk","07837 495302","https://www.svelectricians.co.uk","115 Ransome Avenue, Worcester","Worcester","West Midlands","United Kingdom","EV chargepoint installation","Commercial and residential installations","N/A","N/A","N/A","N/A","N/A","N/A","N/A","https://www.gov.uk/electric-vehicle-chargepoint-installers","OZEV-authorised; commercial installs","West Midlands","Commercial; Residential","OZEV authorised","52.17471750483872","-2.2096299048387102","2026-05-18"
"Sewell Electrical Services","N/A","N/A","N/A","info@sewellelectricalservices.com","07580 113798","https://www.sewellelectricalservices.com","80 Reighton Avenue, York","York","Yorkshire & Humber","United Kingdom","EV chargepoint installation","Commercial and residential installations","N/A","N/A","N/A","N/A","N/A","N/A","N/A","https://www.gov.uk/electric-vehicle-chargepoint-installers","OZEV-authorised; commercial installs","Yorkshire & Humber","Commercial; Residential","OZEV authorised","53.979869216666664","-1.1002325500000003","2026-05-18"
"SG&H Electrical Ltd","N/A","N/A","N/A","sgandh@me.com","07973 401270","https://www.sgandh.com","40 Ninth Avenue, Newcastle Upon Tyne","Newcastle Upon Tyne","North East","United Kingdom","EV chargepoint installation","Commercial and residential installations","N/A","N/A","N/A","N/A","N/A","N/A","N/A","https://www.gov.uk/electric-vehicle-chargepoint-installers","OZEV-authorised; commercial installs","North East","Commercial; Residential","OZEV authorised","54.98408030888891","-1.5779378288888892","2026-05-18"
"SGS Heating and Electrical Ltd","N/A","N/A","N/A","dan.noke@sgsgas.co.uk","01722 331066","https://www.sgsgas.co.uk","Unit 4 Dolphin Industrial Estate, Southampton Road,, Silisbury","Silisbury","South West","United Kingdom","EV chargepoint installation","Commercial and residential installations","N/A","N/A","N/A","N/A","N/A","N/A","N/A","https://www.gov.uk/electric-vehicle-chargepoint-installers","OZEV-authorised; commercial installs","South West","Commercial; Residential","OZEV authorised","51.0646374","-1.7800433083333334","2026-05-18"
"Sheerwater Solar Ltd t/a Sheerwater Solar","N/A","N/A","N/A","info@sheerwatersolar.co.uk","01932 627555","https://www.sheerwatersolar.co.uk","Grangefield Yard, Oak Tree Close,, Guildford","Guildford","South East","United Kingdom","EV chargepoint installation","Commercial and residential installations","N/A","N/A","N/A","N/A","N/A","N/A","N/A","https://www.gov.uk/electric-vehicle-chargepoint-installers","OZEV-authorised; commercial installs","South East","Commercial; Residential","OZEV authorised","51.26733875","-0.5750396291666667","2026-05-18"
"Shell EV Charging Solutions UK Ltd","N/A","N/A","N/A","ozevbusiness@shellrecharge.com","N/A","https://www.shellrecharge.com/en-gb","1 Waterhouse Square, 138 - 142 Holborn, London","London","London","United Kingdom","EV chargepoint installation","Commercial and residential installations","N/A","N/A","N/A","N/A","N/A","N/A","N/A","https://www.gov.uk/electric-vehicle-chargepoint-installers","OZEV-authorised; commercial installs","London","Commercial; Residential","OZEV authorised","51.51814656999998","-0.10949410250000005","2026-05-18"
"Sheridan M&E Ltd","N/A","N/A","N/A","N/A","N/A","N/A","Unit 4, 48 Duncrue Street, Belfast","Belfast","Northern Ireland","United Kingdom","EV chargepoint installation","Commercial and residential installations","N/A","N/A","N/A","N/A","N/A","N/A","N/A","https://www.gov.uk/electric-vehicle-chargepoint-installers","OZEV-authorised; commercial installs","Northern Ireland","Commercial; Residential","OZEV authorised","54.61835617619046","-5.917402961904762","2026-05-18"
"Shield Electrical Services Limited","N/A","N/A","N/A","N/A","N/A","N/A","Suite 20, Pembroke Centre, Cheney Manor Industrial, Swindon","Swindon","South West","United Kingdom","EV chargepoint installation","Commercial and residential installations","N/A","N/A","N/A","N/A","N/A","N/A","N/A","https://www.gov.uk/electric-vehicle-chargepoint-installers","OZEV-authorised; commercial installs","South West","Commercial; Residential","OZEV authorised","51.573512505617956","-1.8064369348314637","2026-05-18"
"ShineTech Electrical Services","N/A","N/A","N/A","N/A","N/A","N/A","15 Seymour Street, Woolwich, London","London","London","United Kingdom","EV chargepoint installation","Commercial and residential installations","N/A","N/A","N/A","N/A","N/A","N/A","N/A","https://www.gov.uk/electric-vehicle-chargepoint-installers","OZEV-authorised; commercial installs","London","Commercial; Residential","OZEV authorised","51.49164954666666","0.07722198666666664","2026-05-18"
"Sholeh Electrical","N/A","N/A","N/A","info@sholehelectrical.co.uk","07976 764192","N/A","5 Beech Court, 2 Montacute Road, Tunbridge Wells, Kent","Kent","South East","United Kingdom","EV chargepoint installation","Commercial and residential installations","N/A","N/A","N/A","N/A","N/A","N/A","N/A","https://www.gov.uk/electric-vehicle-chargepoint-installers","OZEV-authorised; commercial installs","South East","Commercial; Residential","OZEV authorised","51.122651845454556","0.2585569727272727","2026-05-18"
"Shropshire Cooling Services Ltd T/A SCS Group","N/A","N/A","N/A","N/A","N/A","N/A","Brassey Road, Old Potts Way, Shrewsbury","Shrewsbury","West Midlands","United Kingdom","EV chargepoint installation","Commercial and residential installations","N/A","N/A","N/A","N/A","N/A","N/A","N/A","https://www.gov.uk/electric-vehicle-chargepoint-installers","OZEV-authorised; commercial installs","West Midlands","Commercial; Residential","OZEV authorised","52.70291439375","-2.74187755625","2026-05-18"
"Sinewave Energy Solutions","N/A","N/A","N/A","enquiries@sineenergy.co.uk","N/A","N/A","Unit B1, Kembrey Street, Elgin Industrial Estate,, Swindon","Swindon","South West","United Kingdom","EV chargepoint installation","Commercial and residential installations","N/A","N/A","N/A","N/A","N/A","N/A","N/A","https://www.gov.uk/electric-vehicle-chargepoint-installers","OZEV-authorised; commercial installs","South West","Commercial; Residential","OZEV authorised","51.57746598888889","-1.7695719","2026-05-18"
"SJD Electrical Services (Cumbria) Limited","N/A","N/A","N/A","N/A","N/A","N/A","21 Montreal Stree, Carlisle","Carlisle","North West","United Kingdom","EV chargepoint installation","Commercial and residential installations","N/A","N/A","N/A","N/A","N/A","N/A","N/A","https://www.gov.uk/electric-vehicle-chargepoint-installers","OZEV-authorised; commercial installs","North West","Commercial; Residential","OZEV authorised","54.87966334333332","-2.929566188333333","2026-05-18"
"SJK Electrical Limited","N/A","N/A","N/A","N/A","N/A","N/A","35 Thornes Moore Avenue, Thornes, Wakefield","Wakefield","Yorkshire & Humber","United Kingdom","EV chargepoint installation","Commercial and residential installations","N/A","N/A","N/A","N/A","N/A","N/A","N/A","https://www.gov.uk/electric-vehicle-chargepoint-installers","OZEV-authorised; commercial installs","Yorkshire & Humber","Commercial; Residential","OZEV authorised","53.66836625365854","-1.5131181536585365","2026-05-18"
"Sky Electrical Ltd","N/A","N/A","N/A","info@skyelectrical.co.uk","02088 941799","https://www.elitevehiclechargers.co.uk","22 Fifth Cross Road, Twickenham, Middlesex","Middlesex","South East","United Kingdom","EV chargepoint installation","Commercial and residential installations","N/A","N/A","N/A","N/A","N/A","N/A","N/A","https://www.gov.uk/electric-vehicle-chargepoint-installers","OZEV-authorised; commercial installs","South East","Commercial; Residential","OZEV authorised","51.4394929","-0.3502531","2026-05-18"
"Sky Flair Ltd","N/A","N/A","N/A","N/A","N/A","N/A","16 West End Avenue, Cheshire","Cheshire","North West","United Kingdom","EV chargepoint installation","Commercial and residential installations","N/A","N/A","N/A","N/A","N/A","N/A","N/A","https://www.gov.uk/electric-vehicle-chargepoint-installers","OZEV-authorised; commercial installs","North West","Commercial; Residential","OZEV authorised","53.394610896428574","-2.2382116464285713","2026-05-18"
"SL Electrical (Northern) Ltd","N/A","N/A","N/A","simon.lofthouse@slenorthern.co.uk","01228 596886","N/A","Unit 1, Waterloo Foundry, Carlisle","Carlisle","North West","United Kingdom","EV chargepoint installation","Commercial and residential installations","N/A","N/A","N/A","N/A","N/A","N/A","N/A","https://www.gov.uk/electric-vehicle-chargepoint-installers","OZEV-authorised; commercial installs","North West","Commercial; Residential","OZEV authorised","54.88831729117647","-2.9287869205882355","2026-05-18"
"SLJ Electrical Ltd","N/A","N/A","N/A","Info@sljelectricalltd.co.uk","07497 287725","N/A","17 Rover Drive, Acocks Green, Birmingham","Birmingham","West Midlands","United Kingdom","EV chargepoint installation","Commercial and residential installations","N/A","N/A","N/A","N/A","N/A","N/A","N/A","https://www.gov.uk/electric-vehicle-chargepoint-installers","OZEV-authorised; commercial installs","West Midlands","Commercial; Residential","OZEV authorised","52.4529475631579","-1.8127067052631585","2026-05-18"
"Smart Ctrl Ltd","N/A","N/A","N/A","info@smartctrl.co.uk","07557 294309","https://www.smartctrl.co.uk","17 Woodford Green, Telford, Shropshire","Shropshire","West Midlands","United Kingdom","EV chargepoint installation","Commercial and residential installations","N/A","N/A","N/A","N/A","N/A","N/A","N/A","https://www.gov.uk/electric-vehicle-chargepoint-installers","OZEV-authorised; commercial installs","West Midlands","Commercial; Residential","OZEV authorised","52.721305587500005","-2.5398970499999995","2026-05-18"
"Smart Group (Scotland) Ltd","N/A","N/A","N/A","N/A","N/A","N/A","Solar House, 27 lenziemill Road,, Cumberland","Cumberland","Scotland","United Kingdom","EV chargepoint installation","Commercial and residential installations","N/A","N/A","N/A","N/A","N/A","N/A","N/A","https://www.gov.uk/electric-vehicle-chargepoint-installers","OZEV-authorised; commercial installs","Scotland","Commercial; Residential","OZEV authorised","55.943177774999995","-3.970991725","2026-05-18"
"Smart Group (SFED) LTD","N/A","N/A","N/A","info@smartgroupuk.co.uk","01942 387131","https://www.smartgroupuk.co.uk","12 Windermere Road, Wigan","Wigan","North West","United Kingdom","EV chargepoint installation","Commercial and residential installations","N/A","N/A","N/A","N/A","N/A","N/A","N/A","https://www.gov.uk/electric-vehicle-chargepoint-installers","OZEV-authorised; commercial installs","North West","Commercial; Residential","OZEV authorised","53.542386664999995","-2.5978105099999995","2026-05-18"
"Smart Living Energy (UK) Limited","N/A","N/A","N/A","admin@infiniterenewables.uk","01563 401272","https://www.infiniterenewables.uk","17 - 19 Hill street, Kilmarnock","Kilmarnock","Scotland","United Kingdom","EV chargepoint installation","Commercial and residential installations","N/A","N/A","N/A","N/A","N/A","N/A","N/A","https://www.gov.uk/electric-vehicle-chargepoint-installers","OZEV-authorised; commercial installs","Scotland","Commercial; Residential","OZEV authorised","55.614087226666676","-4.498748993333334","2026-05-18"
"Smart Vision Electrical Ltd","N/A","N/A","N/A","info@smartvisionelectrical.co.uk","07818 222353","https://www.smartvisionelectrical.co.uk","Unit 11, Acorn Business Center, Livingstone Way, Taunton","Taunton","South West","United Kingdom","EV chargepoint installation","Commercial and residential installations","N/A","N/A","N/A","N/A","N/A","N/A","N/A","https://www.gov.uk/electric-vehicle-chargepoint-installers","OZEV-authorised; commercial installs","South West","Commercial; Residential","OZEV authorised","51.02572521","-3.128458696","2026-05-18"
"Smartwave Ltd","N/A","N/A","N/A","info@smartwaveonline.com","07720 657890","https://www.Smartwaveelectrical.co.uk","14 Wakerley Road, Leicester","Leicester","East Midlands","United Kingdom","EV chargepoint installation","Commercial and residential installations","N/A","N/A","N/A","N/A","N/A","N/A","N/A","https://www.gov.uk/electric-vehicle-chargepoint-installers","OZEV-authorised; commercial installs","East Midlands","Commercial; Residential","OZEV authorised","52.62392413809525","-1.0894707880952383","2026-05-18"
"SNC Facilities Management Ltd","N/A","N/A","N/A","N/A","N/A","N/A","82 Windsor Road, Ilford, Essex","Essex","South East","United Kingdom","EV chargepoint installation","Commercial and residential installations","N/A","N/A","N/A","N/A","N/A","N/A","N/A","https://www.gov.uk/electric-vehicle-chargepoint-installers","OZEV-authorised; commercial installs","South East","Commercial; Residential","OZEV authorised","51.55297982622951","0.07642280983606557","2026-05-18"
"Solar Services Scotland Ltd","N/A","N/A","N/A","ross.kirkland@solarservicesscotland.co.uk","01698 239709","https://www.solarservicesscotland.co.uk","Unit 1 Block 4, Clamp Road, Wishaw","Wishaw","Scotland","United Kingdom","EV chargepoint installation","Commercial and residential installations","N/A","N/A","N/A","N/A","N/A","N/A","N/A","https://www.gov.uk/electric-vehicle-chargepoint-installers","OZEV-authorised; commercial installs","Scotland","Commercial; Residential","OZEV authorised","55.78052100731708","-3.9606242926829265","2026-05-18"
"Solid Electrical Limited","N/A","N/A","N/A","office@solid-electrical.co.uk","08000 614600","https://www.solid-electrical.co.uk","123 Capital Business Centre, 22 Carlton Road, Croydon","Croydon","South East","United Kingdom","EV chargepoint installation","Commercial and residential installations","N/A","N/A","N/A","N/A","N/A","N/A","N/A","https://www.gov.uk/electric-vehicle-chargepoint-installers","OZEV-authorised; commercial installs","South East","Commercial; Residential","OZEV authorised","51.35307638125001","-0.09378107395833334","2026-05-18"
"Solnet Consultants Limited","N/A","N/A","N/A","info@solnetiot.com","01438 419889","https://www.solnetiot.com","4 Modular Business Park, Norton Road, Stevenage","Stevenage","South East","United Kingdom","EV chargepoint installation","Commercial and residential installations","N/A","N/A","N/A","N/A","N/A","N/A","N/A","https://www.gov.uk/electric-vehicle-chargepoint-installers","OZEV-authorised; commercial installs","South East","Commercial; Residential","OZEV authorised","51.89680385454546","-0.20529628181818182","2026-05-18"
"Sonny Vaughan Electrical","N/A","N/A","N/A","sonnyvaughanelectrical@gmail.com","07943 193583","N/A","2a George Street, Aberystwyth","Aberystwyth","West Midlands","United Kingdom","EV chargepoint installation","Commercial and residential installations","N/A","N/A","N/A","N/A","N/A","N/A","N/A","https://www.gov.uk/electric-vehicle-chargepoint-installers","OZEV-authorised; commercial installs","West Midlands","Commercial; Residential","OZEV authorised","52.41310849130435","-4.0841248","2026-05-18"
"Sorse Renewable Energies Ltd","N/A","N/A","N/A","lee@sorseltd.co.uk","079891 142691","N/A","66 Glovers Way, TELFORD","TELFORD","West Midlands","United Kingdom","EV chargepoint installation","Commercial and residential installations","N/A","N/A","N/A","N/A","N/A","N/A","N/A","https://www.gov.uk/electric-vehicle-chargepoint-installers","OZEV-authorised; commercial installs","West Midlands","Commercial; Residential","OZEV authorised","52.719991349999994","-2.540763758333333","2026-05-18"
"Sound Circuits Ltd","N/A","N/A","N/A","info@sound-circuits.com","07971 965703","https://www.sound-circuits.com","25 Seaford Road, Enfield","Enfield","South East","United Kingdom","EV chargepoint installation","Commercial and residential installations","N/A","N/A","N/A","N/A","N/A","N/A","N/A","https://www.gov.uk/electric-vehicle-chargepoint-installers","OZEV-authorised; commercial installs","South East","Commercial; Residential","OZEV authorised","51.650347075675654","-0.07254896216216221","2026-05-18"
"South Belfast Electrical LTD","N/A","N/A","N/A","southbelfastelectrical@gmail.com","07808 661229","https://www.southbelfastelectrical.com","14 Ava Avenue, Belfast","Belfast","Northern Ireland","United Kingdom","EV chargepoint installation","Commercial and residential installations","N/A","N/A","N/A","N/A","N/A","N/A","N/A","https://www.gov.uk/electric-vehicle-chargepoint-installers","OZEV-authorised; commercial installs","Northern Ireland","Commercial; Residential","OZEV authorised","54.57960128275863","-5.921551793103447","2026-05-18"
"Southern Voltage Services Ltd","N/A","N/A","N/A","richard.coleman@svs-electrical.com","N/A","https://www.southernvoltageservices.com","Southern Voltage Services, 1 Warrior Court, Gosport","Gosport","South East","United Kingdom","EV chargepoint installation","Commercial installations only","N/A","N/A","N/A","N/A","N/A","N/A","N/A","https://www.gov.uk/electric-vehicle-chargepoint-installers","OZEV-authorised; commercial installs","South East","Commercial","OZEV authorised","50.795335693333335","-1.1186852000000003","2026-05-18"
"Spark Solutions Ltd","N/A","N/A","N/A","N/A","N/A","N/A","10 North Street, Paisely","Paisely","Scotland","United Kingdom","EV chargepoint installation","Commercial and residential installations","N/A","N/A","N/A","N/A","N/A","N/A","N/A","https://www.gov.uk/electric-vehicle-chargepoint-installers","OZEV-authorised; commercial installs","Scotland","Commercial; Residential","OZEV authorised","55.85178550384615","-4.425293923076923","2026-05-18"
"Sparkflow","N/A","N/A","N/A","info@sparkflow.uk","07541 965010","https://www.Sparkflow.uk","85 Great Portland Street, London","London","London","United Kingdom","EV chargepoint installation","Commercial and residential installations","N/A","N/A","N/A","N/A","N/A","N/A","N/A","https://www.gov.uk/electric-vehicle-chargepoint-installers","OZEV-authorised; commercial installs","London","Commercial; Residential","OZEV authorised","51.51846899999999","-0.1423797","2026-05-18"
"Speedek Services Ltd","N/A","N/A","N/A","N/A","N/A","N/A","Speedek House, Hanbury Street, Ashton on Ribble, Preston","Preston","North West","United Kingdom","EV chargepoint installation","Commercial and residential installations","N/A","N/A","N/A","N/A","N/A","N/A","N/A","https://www.gov.uk/electric-vehicle-chargepoint-installers","OZEV-authorised; commercial installs","North West","Commercial; Residential","OZEV authorised","53.76683888571428","-2.723200142857143","2026-05-18"
"SPH Plumbing and Electrical Ltd","N/A","N/A","N/A","sphelectricalltd@gmail.com","01686 623319","N/A","Unit 2a Dolfor Road, Ffrydd Vaughan, Newtown, Powys","Powys","West Midlands","United Kingdom","EV chargepoint installation","Commercial and residential installations","N/A","N/A","N/A","N/A","N/A","N/A","N/A","https://www.gov.uk/electric-vehicle-chargepoint-installers","OZEV-authorised; commercial installs","West Midlands","Commercial; Residential","OZEV authorised","52.497948855555556","-3.3225455370370374","2026-05-18"
"Spirit Solar LTD T/A Spirit Energy","N/A","N/A","N/A","info@spiritenergy.co.uk","01189 514490","https://www.spiritenergy.co.uk","Unit 44 Portman Road, Reading","Reading","South East","United Kingdom","EV chargepoint installation","Commercial and residential installations","N/A","N/A","N/A","N/A","N/A","N/A","N/A","https://www.gov.uk/electric-vehicle-chargepoint-installers","OZEV-authorised; commercial installs","South East","Commercial; Residential","OZEV authorised","51.46137352916665","-1.001359775","2026-05-18"
"SSE Airtricity Energy Services NI Ltd","N/A","N/A","N/A","installs.ni@sse.com","02890 449499","https://www.sseairtricity.com","Unit 14 Maryland Industrial Estate, Ballygowan Road, Belfast","Belfast","Northern Ireland","United Kingdom","EV chargepoint installation","Commercial and residential installations","N/A","N/A","N/A","N/A","N/A","N/A","N/A","https://www.gov.uk/electric-vehicle-chargepoint-installers","OZEV-authorised; commercial installs","Northern Ireland","Commercial; Residential","OZEV authorised","54.550786310000014","-5.834674913333334","2026-05-18"
"ST Electrics Ltd","N/A","N/A","N/A","N/A","N/A","N/A","100 Bunting Road, Northampton","Northampton","East Midlands","United Kingdom","EV chargepoint installation","Commercial and residential installations","N/A","N/A","N/A","N/A","N/A","N/A","N/A","https://www.gov.uk/electric-vehicle-chargepoint-installers","OZEV-authorised; commercial installs","East Midlands","Commercial; Residential","OZEV authorised","52.25150474666668","-0.8953922533333334","2026-05-18"
"ST Power Solutions Ltd","N/A","N/A","N/A","dannywalker.dw@gmail.com","07931 478325","N/A","6 Stokton Park, Lees, Oldham","Oldham","North West","United Kingdom","EV chargepoint installation","Commercial and residential installations","N/A","N/A","N/A","N/A","N/A","N/A","N/A","https://www.gov.uk/electric-vehicle-chargepoint-installers","OZEV-authorised; commercial installs","North West","Commercial; Residential","OZEV authorised","53.539188643478255","-2.081258717391304","2026-05-18"
"Starkstrom Scotland Limited","N/A","N/A","N/A","N/A","N/A","N/A","3 Murray Street, Paisley","Paisley","Scotland","United Kingdom","EV chargepoint installation","Commercial and residential installations","N/A","N/A","N/A","N/A","N/A","N/A","N/A","https://www.gov.uk/electric-vehicle-chargepoint-installers","OZEV-authorised; commercial installs","Scotland","Commercial; Residential","OZEV authorised","55.85180203243242","-4.432114659459461","2026-05-18"
"Stay Current Limited","N/A","N/A","N/A","marcus@staycurrent.co.uk","07737 868624","https://www.staycurrent.co.uk","20-22 Wenlock Road,, London","London","London","United Kingdom","EV chargepoint installation","Commercial installations only","N/A","N/A","N/A","N/A","N/A","N/A","N/A","https://www.gov.uk/electric-vehicle-chargepoint-installers","OZEV-authorised; commercial installs","London","Commercial","OZEV authorised","51.48820279999998","0.07154909999999995","2026-05-18"
"StayWired Ltd","N/A","N/A","N/A","info@stay-wired.co.uk","07827 045037","https://www.stay-wired.co.uk","71-75 Shelton Street, London","London","London","United Kingdom","EV chargepoint installation","Commercial and residential installations","N/A","N/A","N/A","N/A","N/A","N/A","N/A","https://www.gov.uk/electric-vehicle-chargepoint-installers","OZEV-authorised; commercial installs","London","Commercial; Residential","OZEV authorised","51.51489425909092","-0.12361452121212109","2026-05-18"
"Step in Electronics Ltd","N/A","N/A","N/A","sales@stepinelectronics.co.uk","07751 019709","https://www.stepinelectronics.co.uk","2 Abbeydale Road, Sheffield","Sheffield","Yorkshire & Humber","United Kingdom","EV chargepoint installation","Commercial and residential installations","N/A","N/A","N/A","N/A","N/A","N/A","N/A","https://www.gov.uk/electric-vehicle-chargepoint-installers","OZEV-authorised; commercial installs","Yorkshire & Humber","Commercial; Residential","OZEV authorised","53.36550909761903","-1.4751148404761907","2026-05-18"
"Stephen Parsons Associates Limited","N/A","N/A","N/A","mark@spaltd.co.uk","02087 442115","https://www.spaltd.co.uk","Access House, 30 Rugby Road, Twickenham","Twickenham","South East","United Kingdom","EV chargepoint installation","Commercial installations only","N/A","N/A","N/A","N/A","N/A","N/A","N/A","https://www.gov.uk/electric-vehicle-chargepoint-installers","OZEV-authorised; commercial installs","South East","Commercial","OZEV authorised","51.456082593181826","-0.3381981795454546","2026-05-18"
"Steve Electrical Services Ltd","N/A","N/A","N/A","steveselectricals@gmail.com","07903 745120","https://www.steveelectrical.squarespace.com","4 Mills Terrace,, Islington","Islington","London","United Kingdom","EV chargepoint installation","Commercial and residential installations","N/A","N/A","N/A","N/A","N/A","N/A","N/A","https://www.gov.uk/electric-vehicle-chargepoint-installers","OZEV-authorised; commercial installs","London","Commercial; Residential","OZEV authorised","51.54809507142858","-0.12149527142857143","2026-05-18"
"Steve Hannan Electrical","N/A","N/A","N/A","hannasp52@hotmail.com","07886 264780","N/A","4 Clyde Road, Knowle, Bristol","Bristol","South West","United Kingdom","EV chargepoint installation","Commercial and residential installations","N/A","N/A","N/A","N/A","N/A","N/A","N/A","https://www.gov.uk/electric-vehicle-chargepoint-installers","OZEV-authorised; commercial installs","South West","Commercial; Residential","OZEV authorised","51.43885442","-2.571164164444444","2026-05-18"
"Stevens & Nicholls Electrical Ltd","N/A","N/A","N/A","natalie@stevensandnicholls.co.uk","01736 758286","https://www.stevensandnicholls.co.uk","5a Foundry Square, Hayle","Hayle","South West","United Kingdom","EV chargepoint installation","Commercial and residential installations","N/A","N/A","N/A","N/A","N/A","N/A","N/A","https://www.gov.uk/electric-vehicle-chargepoint-installers","OZEV-authorised; commercial installs","South West","Commercial; Residential","OZEV authorised","50.17670966666666","-5.4249691833333324","2026-05-18"
"Stevie Wight Electrical Ltd","N/A","N/A","N/A","info@steviewightelectrical.co.uk","01387 419368","https://www.steviewightelectrical.co.uk","Unit 6, Garroch Business Park,, Dumfries","Dumfries","Scotland","United Kingdom","EV chargepoint installation","Commercial and residential installations","N/A","N/A","N/A","N/A","N/A","N/A","N/A","https://www.gov.uk/electric-vehicle-chargepoint-installers","OZEV-authorised; commercial installs","Scotland","Commercial; Residential","OZEV authorised","55.09051018571428","-3.657364285714286","2026-05-18"
"Stuart Penrose Electrical Services Ltd","N/A","N/A","N/A","N/A","N/A","N/A","57 Newtonmore Drive, Kirkcaldy","Kirkcaldy","Scotland","United Kingdom","EV chargepoint installation","Commercial and residential installations","N/A","N/A","N/A","N/A","N/A","N/A","N/A","https://www.gov.uk/electric-vehicle-chargepoint-installers","OZEV-authorised; commercial installs","Scotland","Commercial; Residential","OZEV authorised","56.1347583611111","-3.1816959750000002","2026-05-18"
"Stuart Wyness T/A Byron e-Power Ltd","N/A","N/A","N/A","byron@byronltd.co.uk","01224 587428","https://www.byronltd.co.uk/epower-services","11b Don Terrace, Woodside, Aberdeen","Aberdeen","Scotland","United Kingdom","EV chargepoint installation","Commercial and residential installations","N/A","N/A","N/A","N/A","N/A","N/A","N/A","https://www.gov.uk/electric-vehicle-chargepoint-installers","OZEV-authorised; commercial installs","Scotland","Commercial; Residential","OZEV authorised","57.17318634090909","-2.126619195454545","2026-05-18"
"Sun Smart UK Limited T/A Sun Smart UK","N/A","N/A","N/A","hello@sunsmartuk.com","01206 670173","https://www.sunsmartuk.com","The Old Exchange, West Stockwell Street, Colchester","Colchester","East of England","United Kingdom","EV chargepoint installation","Commercial and residential installations","N/A","N/A","N/A","N/A","N/A","N/A","N/A","https://www.gov.uk/electric-vehicle-chargepoint-installers","OZEV-authorised; commercial installs","East of England","Commercial; Residential","OZEV authorised","51.8909747909091","0.8988855969696967","2026-05-18"
"Sunbeams Electrical Services Ltd","N/A","N/A","N/A","sunbeamelectrical11@gmail.com","07946 221207","N/A","5 Millstream Close, Llanddewi, Llandrindod Wells","Llandrindod Wells","Wales","United Kingdom","EV chargepoint installation","Commercial and residential installations","N/A","N/A","N/A","N/A","N/A","N/A","N/A","https://www.gov.uk/electric-vehicle-chargepoint-installers","OZEV-authorised; commercial installs","Wales","Commercial; Residential","OZEV authorised","52.309732849999996","-3.310039683333333","2026-05-18"
"Sunny Sparks Ltd","N/A","N/A","N/A","sunnysparksltd@gmail.com","07833 783364","https://www.sunnysparkltd.co.uk","Suit 5, 5th Floor, City Reach, 5 Greenwich View Place,, London","London","London","United Kingdom","EV chargepoint installation","Commercial and residential installations","N/A","N/A","N/A","N/A","N/A","N/A","N/A","https://www.gov.uk/electric-vehicle-chargepoint-installers","OZEV-authorised; commercial installs","London","Commercial; Residential","OZEV authorised","51.4950484043956","-0.01816658681318678","2026-05-18"
"Superior EV Charging Solutions Ltd","N/A","N/A","N/A","N/A","N/A","N/A","4 Horse Shoe Street, Northampton","Northampton","East Midlands","United Kingdom","EV chargepoint installation","Commercial and residential installations","N/A","N/A","N/A","N/A","N/A","N/A","N/A","https://www.gov.uk/electric-vehicle-chargepoint-installers","OZEV-authorised; commercial installs","East Midlands","Commercial; Residential","OZEV authorised","52.23596323333333","-0.9007694333333333","2026-05-18"
"Surge","N/A","N/A","N/A","enquiries@surge-electrical.co.uk","01656 645266","https://www.surge-electrical.co.uk","Crosby Yard, Bridgend","Bridgend","Wales","United Kingdom","EV chargepoint installation","Commercial and residential installations","N/A","N/A","N/A","N/A","N/A","N/A","N/A","https://www.gov.uk/electric-vehicle-chargepoint-installers","OZEV-authorised; commercial installs","Wales","Commercial; Residential","OZEV authorised","51.51457314102564","-3.580799430769231","2026-05-18"
"Sustainable Electrical Services Ltd","N/A","N/A","N/A","info@sustainable-electrical.com","01372 672675","https://www.sustainable-electrical.com","16 Southsea Road, Kingston Upon Thames, London","London","South East","United Kingdom","EV chargepoint installation","Commercial and residential installations","N/A","N/A","N/A","N/A","N/A","N/A","N/A","https://www.gov.uk/electric-vehicle-chargepoint-installers","OZEV-authorised; commercial installs","South East","Commercial; Residential","OZEV authorised","51.40165209066667","-0.3033943813333334","2026-05-18"
"Sustainable Electrical Solutions Ltd","N/A","N/A","N/A","info@e-sustainable.co.uk","07572 336688","N/A","180 Sheldon Heath Road, Birmingham","Birmingham","West Midlands","United Kingdom","EV chargepoint installation","Commercial installations only","N/A","N/A","N/A","N/A","N/A","N/A","N/A","https://www.gov.uk/electric-vehicle-chargepoint-installers","OZEV-authorised; commercial installs","West Midlands","Commercial","OZEV authorised","52.4721578093023","-1.7853267093023255","2026-05-18"
"Swaffield Electrical Services","N/A","N/A","N/A","swaffieldelectricalservices@gmail.com","07538 397581","https://www.swaffieldelectricalservices.co.uk","16 Orlock Square, Belfast","Belfast","Northern Ireland","United Kingdom","EV chargepoint installation","Commercial and residential installations","N/A","N/A","N/A","N/A","N/A","N/A","N/A","https://www.gov.uk/electric-vehicle-chargepoint-installers","OZEV-authorised; commercial installs","Northern Ireland","Commercial; Residential","OZEV authorised","54.55525097391304","-5.977930395652173","2026-05-18"
"Swan Limited","N/A","N/A","N/A","ern.swanltd@gmail.com","01621819777 / 07973166057","N/A","15 Redruth Close, Chelmsford","Chelmsford","East of England","United Kingdom","EV chargepoint installation","Commercial and residential installations","N/A","N/A","N/A","N/A","N/A","N/A","N/A","https://www.gov.uk/electric-vehicle-chargepoint-installers","OZEV-authorised; commercial installs","East of England","Commercial; Residential","OZEV authorised","51.745611386363635","0.4945158090909091","2026-05-18"
"Swift Electrical Solutions Ltd","N/A","N/A","N/A","N/A","N/A","N/A","17 Toll Bar Crescent, Lancaster, Lancashire","Lancashire","North West","United Kingdom","EV chargepoint installation","Commercial and residential installations","N/A","N/A","N/A","N/A","N/A","N/A","N/A","https://www.gov.uk/electric-vehicle-chargepoint-installers","OZEV-authorised; commercial installs","North West","Commercial; Residential","OZEV authorised","54.02544396785715","-2.7963131535714285","2026-05-18"
"Switch Electric Services LTD","N/A","N/A","N/A","seservices17@gmail.com","07737 106407","https://www.switchelectricservices.co.uk","80 Wakemans Hill Avenue, London","London","London","United Kingdom","EV chargepoint installation","Commercial and residential installations","N/A","N/A","N/A","N/A","N/A","N/A","N/A","https://www.gov.uk/electric-vehicle-chargepoint-installers","OZEV-authorised; commercial installs","London","Commercial; Residential","OZEV authorised","51.586147329999996","-0.25632362999999997","2026-05-18"
"Switched On Electrical Services","N/A","N/A","N/A","N/A","N/A","N/A","The Old Mill House, Spittal, Haverfordwest, Pembrokeshire","Pembrokeshire","Wales","United Kingdom","EV chargepoint installation","Commercial and residential installations","N/A","N/A","N/A","N/A","N/A","N/A","N/A","https://www.gov.uk/electric-vehicle-chargepoint-installers","OZEV-authorised; commercial installs","Wales","Commercial; Residential","OZEV authorised","51.871853859999995","-4.95152994","2026-05-18"
"Switched On London Ltd","N/A","N/A","N/A","Info@switchedon.London","02087154058 / 07825777789","https://www.switchedon.london","625 Garratt Lane, London","London","London","United Kingdom","EV chargepoint installation","Commercial and residential installations","N/A","N/A","N/A","N/A","N/A","N/A","N/A","https://www.gov.uk/electric-vehicle-chargepoint-installers","OZEV-authorised; commercial installs","London","Commercial; Residential","OZEV authorised","51.43802121764707","-0.18654313088235297","2026-05-18"
"Switched Sussex Ltd","N/A","N/A","N/A","info@switched-sussex.co.uk","01273 055409","https://www.switched-sussex.co.uk/","112a Springfield Road, Brighton","Brighton","South East","United Kingdom","EV chargepoint installation","Commercial and residential installations","N/A","N/A","N/A","N/A","N/A","N/A","N/A","https://www.gov.uk/electric-vehicle-chargepoint-installers","OZEV-authorised; commercial installs","South East","Commercial; Residential","OZEV authorised","50.836847248484844","-0.13888079545454546","2026-05-18"
"Sykes & Son Ltd","N/A","N/A","N/A","N/A","N/A","N/A","42 Essex Street, London","London","London","United Kingdom","EV chargepoint installation","Commercial and residential installations","N/A","N/A","N/A","N/A","N/A","N/A","N/A","https://www.gov.uk/electric-vehicle-chargepoint-installers","OZEV-authorised; commercial installs","London","Commercial; Residential","OZEV authorised","51.51291333636365","-0.11289142121212119","2026-05-18"
"T P Pearson & Son Electrical Contractors T/A T P Pearson & Son","N/A","N/A","N/A","N/A","N/A","N/A","32 Leckwith Place, Cardiff","Cardiff","Wales","United Kingdom","EV chargepoint installation","Commercial and residential installations","N/A","N/A","N/A","N/A","N/A","N/A","N/A","https://www.gov.uk/electric-vehicle-chargepoint-installers","OZEV-authorised; commercial installs","Wales","Commercial; Residential","OZEV authorised","51.47799188749997","-3.2025241724999987","2026-05-18"
"T S E Electrical Services","N/A","N/A","N/A","tseelectrical@hotmail.com","01223516767 / 07730066219","N/A","12a Leys Road,, Cambridge","Cambridge","East of England","United Kingdom","EV chargepoint installation","Commercial and residential installations","N/A","N/A","N/A","N/A","N/A","N/A","N/A","https://www.gov.uk/electric-vehicle-chargepoint-installers","OZEV-authorised; commercial installs","East of England","Commercial; Residential","OZEV authorised","52.22199419090909","0.13133431818181818","2026-05-18"
"T&C Charge Points Ltd","N/A","N/A","N/A","luke@tc-electrical.co.uk","01823 338484","https://www.tc-electrical.co.uk","1 Grebe Road,, Taunton","Taunton","South West","United Kingdom","EV chargepoint installation","Commercial and residential installations","N/A","N/A","N/A","N/A","N/A","N/A","N/A","https://www.gov.uk/electric-vehicle-chargepoint-installers","OZEV-authorised; commercial installs","South West","Commercial; Residential","OZEV authorised","51.02723046666667","-3.0870990333333332","2026-05-18"
"T&G Electrics (Tw) Ltd","N/A","N/A","N/A","N/A","N/A","N/A","20 Ashenden Walk, Tumbridge Wells","Tumbridge Wells","South East","United Kingdom","EV chargepoint installation","Commercial and residential installations","N/A","N/A","N/A","N/A","N/A","N/A","N/A","https://www.gov.uk/electric-vehicle-chargepoint-installers","OZEV-authorised; commercial installs","South East","Commercial; Residential","OZEV authorised","51.15179235","0.28710488333333334","2026-05-18"
"T&S Electrical Services Ltd","N/A","N/A","N/A","ts.electricalservices@outlook.com","07954 732614","N/A","4 Glenthorne Street, Bolton","Bolton","North West","United Kingdom","EV chargepoint installation","Commercial installations only","N/A","N/A","N/A","N/A","N/A","N/A","N/A","https://www.gov.uk/electric-vehicle-chargepoint-installers","OZEV-authorised; commercial installs","North West","Commercial","OZEV authorised","53.5893579","-2.433327125","2026-05-18"
"T.M.E.","N/A","N/A","N/A","tmainstme@live.co.uk","07831 538924","https://www.tmeelectrical.co.Uk/contact","48 Cambridge Road, Linthorpe,, Middlesbrough","Middlesbrough","North East","United Kingdom","EV chargepoint installation","Commercial installations only","N/A","N/A","N/A","N/A","N/A","N/A","N/A","https://www.gov.uk/electric-vehicle-chargepoint-installers","OZEV-authorised; commercial installs","North East","Commercial","OZEV authorised","54.55404992","-1.25495249","2026-05-18"
"Tandem Electrical Ltd","N/A","N/A","N/A","tim@tandemelectrical.co.uk","N/A","https://www.tandemelectrical.co.uk","22 City Commerce Centre, Southampton","Southampton","N/A","United Kingdom","EV chargepoint installation","Commercial and residential installations","N/A","N/A","N/A","N/A","N/A","N/A","N/A","https://www.gov.uk/electric-vehicle-chargepoint-installers","OZEV-authorised; commercial installs","N/A","Commercial; Residential","OZEV authorised","50.8997467675","-1.3946903425","2026-05-18"
"TAO Electrical Ltd","N/A","N/A","N/A","admin@taoelectrical.co.uk","03330 901490","https://www.taoelectricalltd.co.uk","60 Hinckley Road, Leicester","Leicester","East Midlands","United Kingdom","EV chargepoint installation","Commercial and residential installations","N/A","N/A","N/A","N/A","N/A","N/A","N/A","https://www.gov.uk/electric-vehicle-chargepoint-installers","OZEV-authorised; commercial installs","East Midlands","Commercial; Residential","OZEV authorised","52.63115627142857","-1.1500041857142864","2026-05-18"
"TARC Solutions Ltd","N/A","N/A","N/A","contact@tarcsolutions.co.uk","01752 604554","N/A","The Money Centre, No1 Drake Circus, Plymouth","Plymouth","South West","United Kingdom","EV chargepoint installation","Commercial and residential installations","N/A","N/A","N/A","N/A","N/A","N/A","N/A","https://www.gov.uk/electric-vehicle-chargepoint-installers","OZEV-authorised; commercial installs","South West","Commercial; Residential","OZEV authorised","50.37324756","-4.13975334","2026-05-18"
"Target Electrical Contractors Ltd","N/A","N/A","N/A","dave@targetelectrical.org","01327 707994","https://www.targetelectrical.org","37 Brunel Close, Drayton Fields Industrial Estate, Daventry","Daventry","East Midlands","United Kingdom","EV chargepoint installation","Commercial and residential installations","N/A","N/A","N/A","N/A","N/A","N/A","N/A","https://www.gov.uk/electric-vehicle-chargepoint-installers","OZEV-authorised; commercial installs","East Midlands","Commercial; Residential","OZEV authorised","52.27090730943397","-1.182136701886792","2026-05-18"
"Tawny Electrical And Plumbing","N/A","N/A","N/A","dave@tawnyelectrical.co.uk","07791 471966","N/A","6 Avenue Terrace, York","York","Yorkshire & Humber","United Kingdom","EV chargepoint installation","Commercial and residential installations","N/A","N/A","N/A","N/A","N/A","N/A","N/A","https://www.gov.uk/electric-vehicle-chargepoint-installers","OZEV-authorised; commercial installs","Yorkshire & Humber","Commercial; Residential","OZEV authorised","53.96908594042553","-1.093683804255319","2026-05-18"
"Taylors Electrical Ltd","N/A","N/A","N/A","glen@taylorselectricalltd.co.uk","07578 477177","https://www.taylorselectricalltd.co.uk","41 Longlands, Adeyfield, Hemel Hempstead, Hertfordshire","Hertfordshire","South East","United Kingdom","EV chargepoint installation","Commercial and residential installations","N/A","N/A","N/A","N/A","N/A","N/A","N/A","https://www.gov.uk/electric-vehicle-chargepoint-installers","OZEV-authorised; commercial installs","South East","Commercial; Residential","OZEV authorised","51.751743231578956","-0.4468257473684211","2026-05-18"
"TBarton Electrical Ltd","N/A","N/A","N/A","info@tbartonelectrical.com","N/A","https://www.tbartonelectrical.com","Ty Capel Bethel, Hen Barc, Bethesda","Bethesda","Wales","United Kingdom","EV chargepoint installation","Commercial and residential installations","N/A","N/A","N/A","N/A","N/A","N/A","N/A","https://www.gov.uk/electric-vehicle-chargepoint-installers","OZEV-authorised; commercial installs","Wales","Commercial; Residential","OZEV authorised","53.190368199999995","-4.06240155","2026-05-18"
"Tclark","N/A","N/A","N/A","N/A","N/A","N/A","6 Middlefield Road, Falkirk","Falkirk","Scotland","United Kingdom","EV chargepoint installation","Commercial and residential installations","N/A","N/A","N/A","N/A","N/A","N/A","N/A","https://www.gov.uk/electric-vehicle-chargepoint-installers","OZEV-authorised; commercial installs","Scotland","Commercial; Residential","OZEV authorised","56.008322383333336","-3.7670096999999996","2026-05-18"
"TD Electrical","N/A","N/A","N/A","terry@tdelectrical.co.uk","07956 452228","N/A","362 Wickham Lane Abbey Wood, London","London","London","United Kingdom","EV chargepoint installation","Commercial and residential installations","N/A","N/A","N/A","N/A","N/A","N/A","N/A","https://www.gov.uk/electric-vehicle-chargepoint-installers","OZEV-authorised; commercial installs","London","Commercial; Residential","OZEV authorised","51.477147184444455","0.10697485111111112","2026-05-18"
"Techfix Electric Ltd","N/A","N/A","N/A","N/A","N/A","N/A","Apex House, 3 Embassy Drive, Edgbaston, Birmingham","Birmingham","West Midlands","United Kingdom","EV chargepoint installation","Commercial and residential installations","N/A","N/A","N/A","N/A","N/A","N/A","N/A","https://www.gov.uk/electric-vehicle-chargepoint-installers","OZEV-authorised; commercial installs","West Midlands","Commercial; Residential","OZEV authorised","52.47159118","-1.9193069","2026-05-18"
"Telford Electrical Services Ltd","N/A","N/A","N/A","N/A","N/A","N/A","11 Constabel Drive,Shawbirch, Telford","Telford","West Midlands","United Kingdom","EV chargepoint installation","Commercial and residential installations","N/A","N/A","N/A","N/A","N/A","N/A","N/A","https://www.gov.uk/electric-vehicle-chargepoint-installers","OZEV-authorised; commercial installs","West Midlands","Commercial; Residential","OZEV authorised","52.718655196296304","-2.536950296296297","2026-05-18"
"Tes28 LTD","N/A","N/A","N/A","N/A","N/A","N/A","Ephraim House, Ephraim Street,, Hanley","Hanley","West Midlands","United Kingdom","EV chargepoint installation","Commercial and residential installations","N/A","N/A","N/A","N/A","N/A","N/A","N/A","https://www.gov.uk/electric-vehicle-chargepoint-installers","OZEV-authorised; commercial installs","West Midlands","Commercial; Residential","OZEV authorised","53.019663718032795","-2.172301590163936","2026-05-18"
"Tesla Electrics Ltd","N/A","N/A","N/A","info@teslaelectrics.co.uk","02038970777 / 07774499933","https://www.TESLAELECTRICS.CO.UK","17 Rochdale Road, Walthamstow, London","London","London","United Kingdom","EV chargepoint installation","Commercial and residential installations","N/A","N/A","N/A","N/A","N/A","N/A","N/A","https://www.gov.uk/electric-vehicle-chargepoint-installers","OZEV-authorised; commercial installs","London","Commercial; Residential","OZEV authorised","51.57239239199998","-0.022428865999999995","2026-05-18"
"Tetleys Electrical Ltd T/A Tetleys Renewable Technologies","N/A","N/A","N/A","info@tetleysrenewables.co.uk","01423 880085","https://www.info@tetleysrenewables.co.uk","89 Hutton Gate, Harrogate","Harrogate","Yorkshire & Humber","United Kingdom","EV chargepoint installation","Commercial and residential installations","N/A","N/A","N/A","N/A","N/A","N/A","N/A","https://www.gov.uk/electric-vehicle-chargepoint-installers","OZEV-authorised; commercial installs","Yorkshire & Humber","Commercial; Residential","OZEV authorised","53.97640416122448","-1.5412923489795918","2026-05-18"
"TFP Ltd T/A TFP Electrical Fire and Security","N/A","N/A","N/A","glen@tfpelectrical.co.uk","07872 463424","N/A","Armada House, Telephone Avenue, Bristol","Bristol","South West","United Kingdom","EV chargepoint installation","Commercial installations only","N/A","N/A","N/A","N/A","N/A","N/A","N/A","https://www.gov.uk/electric-vehicle-chargepoint-installers","OZEV-authorised; commercial installs","South West","Commercial","OZEV authorised","51.45303437142856","-2.595419878571429","2026-05-18"
"TH Electrics","N/A","N/A","N/A","info@thelectrics.co.uk","N/A","N/A","29 The Mile End, Walthamstow","Walthamstow","London","United Kingdom","EV chargepoint installation","Commercial and residential installations","N/A","N/A","N/A","N/A","N/A","N/A","N/A","https://www.gov.uk/electric-vehicle-chargepoint-installers","OZEV-authorised; commercial installs","London","Commercial; Residential","OZEV authorised","51.59738179215685","-0.03927480392156862","2026-05-18"
"The Digital Asset Group Ltd T/A Stay Charge","N/A","N/A","N/A","david@staycharging.org","N/A","https://www.staycharging.org","71-75 Shelton Street, Covent Gardens, London","London","London","United Kingdom","EV chargepoint installation","Commercial installations only","N/A","N/A","N/A","N/A","N/A","N/A","N/A","https://www.gov.uk/electric-vehicle-chargepoint-installers","OZEV-authorised; commercial installs","London","Commercial","OZEV authorised","51.51489425909092","-0.12361452121212109","2026-05-18"
"The Electrical Company (Brighton) Ltd","N/A","N/A","N/A","info@tecbrighton.co.uk","07949 577964","https://www.tecbrighton.co.uk","33 Tarner Road,, Brighton","Brighton","South East","United Kingdom","EV chargepoint installation","Commercial and residential installations","N/A","N/A","N/A","N/A","N/A","N/A","N/A","https://www.gov.uk/electric-vehicle-chargepoint-installers","OZEV-authorised; commercial installs","South East","Commercial; Residential","OZEV authorised","50.82563736410255","-0.1304005871794872","2026-05-18"
"The EV Charging Company Ltd t/a Oxford Electrical","N/A","N/A","N/A","N/A","N/A","N/A","17 Cranham Terrace, Oxford","Oxford","South East","United Kingdom","EV chargepoint installation","Commercial and residential installations","N/A","N/A","N/A","N/A","N/A","N/A","N/A","https://www.gov.uk/electric-vehicle-chargepoint-installers","OZEV-authorised; commercial installs","South East","Commercial; Residential","OZEV authorised","51.75995010322584","-1.2684018387096772","2026-05-18"
"The Freedom Group of Companies Limited","N/A","N/A","N/A","darren.slade@freedom-group.co.uk","08451 687159","https://www.freedom-group.co.uk","7 Brown Lane West, Leeds","Leeds","Yorkshire & Humber","United Kingdom","EV chargepoint installation","Commercial and residential installations","N/A","N/A","N/A","N/A","N/A","N/A","N/A","https://www.gov.uk/electric-vehicle-chargepoint-installers","OZEV-authorised; commercial installs","Yorkshire & Humber","Commercial; Residential","OZEV authorised","53.78439786109586","-1.571085689","2026-05-18"
"The Renewable Sparks Limited","N/A","N/A","N/A","info@therenewablesparks.co.uk","07778 108176","https://www.therenewablesparks.co.uk","12 Vaughan Parade, Torquay","Torquay","South West","United Kingdom","EV chargepoint installation","Commercial and residential installations","N/A","N/A","N/A","N/A","N/A","N/A","N/A","https://www.gov.uk/electric-vehicle-chargepoint-installers","OZEV-authorised; commercial installs","South West","Commercial; Residential","OZEV authorised","50.46143974794518","-3.5254733643835596","2026-05-18"
"Tidyco LTD","N/A","N/A","N/A","N/A","N/A","N/A","Unit 2 Pentagon Island, Nottingham Road, Derby","Derby","East Midlands","United Kingdom","EV chargepoint installation","Commercial and residential installations","N/A","N/A","N/A","N/A","N/A","N/A","N/A","https://www.gov.uk/electric-vehicle-chargepoint-installers","OZEV-authorised; commercial installs","East Midlands","Commercial; Residential","OZEV authorised","52.92518678333334","-1.4594587666666667","2026-05-18"
"TJB Electricals LTD","N/A","N/A","N/A","N/A","N/A","N/A","Llwynon, Clarbeston Road, Pembrokeshire","Pembrokeshire","Wales","United Kingdom","EV chargepoint installation","Commercial and residential installations","N/A","N/A","N/A","N/A","N/A","N/A","N/A","https://www.gov.uk/electric-vehicle-chargepoint-installers","OZEV-authorised; commercial installs","Wales","Commercial; Residential","OZEV authorised","51.84866308518519","-4.880097381481481","2026-05-18"
"TL Electrical (IOW) Ltd","N/A","N/A","N/A","info@tl-electrical.co.uk","01983 525644","https://www.tl-electrical.co.uk","Unit 1, 21 Whitcombe Road, Newport","Newport","South East","United Kingdom","EV chargepoint installation","Commercial installations only","N/A","N/A","N/A","N/A","N/A","N/A","N/A","https://www.gov.uk/electric-vehicle-chargepoint-installers","OZEV-authorised; commercial installs","South East","Commercial","OZEV authorised","50.68708707466666","-1.3074787146666669","2026-05-18"
"TLPorter Electrical Contractor Ltd","N/A","N/A","N/A","Info@tlporterelectrical.com","01269 839125","https://www.tlporterelectrical.com/","8 Gwendraeth Road, Tumble, LLanelli","LLanelli","Wales","United Kingdom","EV chargepoint installation","Commercial and residential installations","N/A","N/A","N/A","N/A","N/A","N/A","N/A","https://www.gov.uk/electric-vehicle-chargepoint-installers","OZEV-authorised; commercial installs","Wales","Commercial; Residential","OZEV authorised","51.7922402473684","-4.129849605263158","2026-05-18"
"TLS Electrical and Air-Conditioning","N/A","N/A","N/A","info.tlselectrics@gmail.com","07835 629922","https://www.tlselectricalac.com","59 Bobbin Lane, Lincoln","Lincoln","East Midlands","United Kingdom","EV chargepoint installation","Commercial and residential installations","N/A","N/A","N/A","N/A","N/A","N/A","N/A","https://www.gov.uk/electric-vehicle-chargepoint-installers","OZEV-authorised; commercial installs","East Midlands","Commercial; Residential","OZEV authorised","53.24330709714286","-0.49713036857142856","2026-05-18"
"TM Electrical Services (Cambridge)","N/A","N/A","N/A","terry@tm-electrical.com","07802 887100","https://www.tm-electrical.com","38 Cheddars Lane, Cambridge","Cambridge","East of England","United Kingdom","EV chargepoint installation","Commercial and residential installations","N/A","N/A","N/A","N/A","N/A","N/A","N/A","https://www.gov.uk/electric-vehicle-chargepoint-installers","OZEV-authorised; commercial installs","East of England","Commercial; Residential","OZEV authorised","52.211964339999994","0.14543093714285704","2026-05-18"
"TMS ELECTRICS LTD","N/A","N/A","N/A","toby@tmselectrics.co.uk","07568 438537","N/A","15 Top Street,, Oldham","Oldham","North West","United Kingdom","EV chargepoint installation","Commercial and Residential Installations","N/A","N/A","N/A","N/A","N/A","N/A","N/A","https://www.gov.uk/electric-vehicle-chargepoint-installers","OZEV-authorised; commercial installs","North West","Commercial; Residential","OZEV authorised","53.546745206666664","-2.0820962683333333","2026-05-18"
"Tony Price Builders","N/A","N/A","N/A","N/A","N/A","N/A","The Glen, Llanyre, Llandrindod Wells","Llandrindod Wells","Wales","United Kingdom","EV chargepoint installation","Commercial and residential installations","N/A","N/A","N/A","N/A","N/A","N/A","N/A","https://www.gov.uk/electric-vehicle-chargepoint-installers","OZEV-authorised; commercial installs","Wales","Commercial; Residential","OZEV authorised","52.25745156279069","-3.401766274418604","2026-05-18"
"Total Electrical Solutions Ltd (Manchester) T/A Total Electrical Solutions","N/A","N/A","N/A","Enquiries@telectricals.co.uk","07795 903549","https://www.telectricals.co.uk","13 Saltrush Rd, Manchester","Manchester","North West","United Kingdom","EV chargepoint installation","Commercial and residential installations","N/A","N/A","N/A","N/A","N/A","N/A","N/A","https://www.gov.uk/electric-vehicle-chargepoint-installers","OZEV-authorised; commercial installs","North West","Commercial; Residential","OZEV authorised","53.37494668421052","-2.2617269052631577","2026-05-18"
"TriEX Ltd","N/A","N/A","N/A","N/A","N/A","N/A","71-75 Shelton Street, Coleraine","Coleraine","London","United Kingdom","EV chargepoint installation","Commercial and residential installations","N/A","N/A","N/A","N/A","N/A","N/A","N/A","https://www.gov.uk/electric-vehicle-chargepoint-installers","OZEV-authorised; commercial installs","London","Commercial; Residential","OZEV authorised","51.51489425909092","-0.12361452121212109","2026-05-18"
"TriGen Electrical Solutiosn Ltd","N/A","N/A","N/A","liam.moran@trigenelectrical.co.uk","N/A","https://www.trigenelectrical.co.uk","15 Winslade Close, Watersheddings, Oldham","Oldham","North West","United Kingdom","EV chargepoint installation","Commercial and residential installations","N/A","N/A","N/A","N/A","N/A","N/A","N/A","https://www.gov.uk/electric-vehicle-chargepoint-installers","OZEV-authorised; commercial installs","North West","Commercial; Residential","OZEV authorised","53.55320480952381","-2.082799071428571","2026-05-18"
"Trojan Energy Limited","N/A","N/A","N/A","sean.robertson@trojanenergy","N/A","https://www.trojan.energy","Energy Transition Zone, W-Zero 1 Building, Hareness Road, Aberdeen","Aberdeen","Scotland","United Kingdom","EV chargepoint installation","Commercial and residential installations","N/A","N/A","N/A","N/A","N/A","N/A","N/A","https://www.gov.uk/electric-vehicle-chargepoint-installers","OZEV-authorised; commercial installs","Scotland","Commercial; Residential","OZEV authorised","57.11573716103896","-2.0802321441558442","2026-05-18"
"Trueform Engineering Ltd","N/A","N/A","N/A","umar.abid@trueform.co.uk","07706 311789","https://www.trueform.com/","Unit 12 Pasadena Trading Estate,Pasadena Close,Hayes,, London","London","South East","United Kingdom","EV chargepoint installation","Commercial installations only","N/A","N/A","N/A","N/A","N/A","N/A","N/A","https://www.gov.uk/electric-vehicle-chargepoint-installers","OZEV-authorised; commercial installs","South East","Commercial","OZEV authorised","51.5064257057143","-0.4085700257142857","2026-05-18"
"Trust Electrical Installation Ltd","N/A","N/A","N/A","N/A","N/A","N/A","140 Hart Lane, LUTON","LUTON","South East","United Kingdom","EV chargepoint installation","Commercial and residential installations","N/A","N/A","N/A","N/A","N/A","N/A","N/A","https://www.gov.uk/electric-vehicle-chargepoint-installers","OZEV-authorised; commercial installs","South East","Commercial; Residential","OZEV authorised","51.88786364150942","-0.4024499584905661","2026-05-18"
"Trydan Will Davey Electrical & AV","N/A","N/A","N/A","info@willdavey.co.uk","01970 880593","N/A","Nythfa, Pantycrug, Aberystwyth, Ceredigion, Aberystwyth","Aberystwyth","West Midlands","United Kingdom","EV chargepoint installation","Commercial and residential installations","N/A","N/A","N/A","N/A","N/A","N/A","N/A","https://www.gov.uk/electric-vehicle-chargepoint-installers","OZEV-authorised; commercial installs","West Midlands","Commercial; Residential","OZEV authorised","52.38819300869568","-3.981049819565218","2026-05-18"
"TSP Electrical Enviromental Ltd","N/A","N/A","N/A","N/A","N/A","N/A","1 Elinthorpe Street, Off Wakefield Road, Bradford","Bradford","Yorkshire & Humber","United Kingdom","EV chargepoint installation","Commercial and residential installations","N/A","N/A","N/A","N/A","N/A","N/A","N/A","https://www.gov.uk/electric-vehicle-chargepoint-installers","OZEV-authorised; commercial installs","Yorkshire & Humber","Commercial; Residential","OZEV authorised","53.784753466666665","-1.734935433333333","2026-05-18"
"TSR Electrical Ltd","N/A","N/A","N/A","N/A","N/A","N/A","Unit 2, Stechford Business Park, Lyndon Road, Birmingham","Birmingham","West Midlands","United Kingdom","EV chargepoint installation","Commercial and residential installations","N/A","N/A","N/A","N/A","N/A","N/A","N/A","https://www.gov.uk/electric-vehicle-chargepoint-installers","OZEV-authorised; commercial installs","West Midlands","Commercial; Residential","OZEV authorised","52.48426551904762","-1.8056323476190477","2026-05-18"
"TT Electrical","N/A","N/A","N/A","stuart@ttelectricaluk.com","07719 461379","https://www.ttelectricaluk.com","75 Tudor Road, Acomb","Acomb","Yorkshire & Humber","United Kingdom","EV chargepoint installation","Commercial and residential installations","N/A","N/A","N/A","N/A","N/A","N/A","N/A","https://www.gov.uk/electric-vehicle-chargepoint-installers","OZEV-authorised; commercial installs","Yorkshire & Humber","Commercial; Residential","OZEV authorised","53.94998040740742","-1.1255338425925925","2026-05-18"
"Tullyfarm Holdings Ltd T/A Contract Services","N/A","N/A","N/A","jason@contractservicesni.com","02890 619858","https://www.contractservicesni.com","1 Roben Business Park, 3 Blackstaff Way, Belfast","Belfast","Northern Ireland","United Kingdom","EV chargepoint installation","Commercial and residential installations","N/A","N/A","N/A","N/A","N/A","N/A","N/A","https://www.gov.uk/electric-vehicle-chargepoint-installers","OZEV-authorised; commercial installs","Northern Ireland","Commercial; Residential","OZEV authorised","54.5790259625","-5.972123325","2026-05-18"
"Ubique Electrics Ltd","N/A","N/A","N/A","craig.lindsay640@gmail.com","N/A","https://www.ubiqueelectricsltd.com","87 Nursery Road, Stockport","Stockport","North West","United Kingdom","EV chargepoint installation","Commercial and residential installations","N/A","N/A","N/A","N/A","N/A","N/A","N/A","https://www.gov.uk/electric-vehicle-chargepoint-installers","OZEV-authorised; commercial installs","North West","Commercial; Residential","OZEV authorised","53.41477434634147","-2.1784742609756105","2026-05-18"
"UC Electrical UK Ltd","N/A","N/A","N/A","ucelectricalltd@gmail.com","01332 926885","https://www.ucelectrical.co.uk","91A Peartree Road, Derby","Derby","East Midlands","United Kingdom","EV chargepoint installation","Commercial and residential installations","N/A","N/A","N/A","N/A","N/A","N/A","N/A","https://www.gov.uk/electric-vehicle-chargepoint-installers","OZEV-authorised; commercial installs","East Midlands","Commercial; Residential","OZEV authorised","52.90680708510638","-1.4776887893617021","2026-05-18"
"UCS Renewables Ltd t/a UCS Technologies","N/A","N/A","N/A","info@ucs-technologies.com","01642 242567","N/A","Unit 3A Brighouse Business Village, Middlesbrough","Middlesbrough","North East","United Kingdom","EV chargepoint installation","Commercial and residential installations","N/A","N/A","N/A","N/A","N/A","N/A","N/A","https://www.gov.uk/electric-vehicle-chargepoint-installers","OZEV-authorised; commercial installs","North East","Commercial; Residential","OZEV authorised","54.58833621884059","-1.2538533507246377","2026-05-18"
"UK Power Networks Services (Commercial) Ltd","N/A","N/A","N/A","enquiries@ukpowernetworks.co.uk","02073 977682","https://www.ukpowernetworksservices.co.uk[ukpowernetworksservices.co.uk","Newington House, 237 Southwark Bridge Road, London","London","London","United Kingdom","EV chargepoint installation","Commercial installations only","N/A","N/A","N/A","N/A","N/A","N/A","N/A","https://www.gov.uk/electric-vehicle-chargepoint-installers","OZEV-authorised; commercial installs","London","Commercial","OZEV authorised","51.498415147368426","-0.09982076842105263","2026-05-18"
"Universal Electrical Services (Scotland) Ltd","N/A","N/A","N/A","N/A","N/A","N/A","12 Baxter Crescent, Denny","Denny","Scotland","United Kingdom","EV chargepoint installation","Commercial and residential installations","N/A","N/A","N/A","N/A","N/A","N/A","N/A","https://www.gov.uk/electric-vehicle-chargepoint-installers","OZEV-authorised; commercial installs","Scotland","Commercial; Residential","OZEV authorised","56.019124883333326","-3.9203724777777773","2026-05-18"
"Urban EV Ltd","N/A","N/A","N/A","N/A","N/A","N/A","2 Landale Gardens,, Dartford","Dartford","South East","United Kingdom","EV chargepoint installation","Commercial and residential installations","N/A","N/A","N/A","N/A","N/A","N/A","N/A","https://www.gov.uk/electric-vehicle-chargepoint-installers","OZEV-authorised; commercial installs","South East","Commercial; Residential","OZEV authorised","51.43996025333334","0.2031956833333334","2026-05-18"
"Urban Fox Networks Ltd","N/A","N/A","N/A","randal.smith@urbanfox.network","07743 980728","https://www.urbanfox.network","3rd Floor, Focus Point, 21 Caledonian Way, London","London","London","United Kingdom","EV chargepoint installation","Commercial installations only","N/A","N/A","N/A","N/A","N/A","N/A","N/A","https://www.gov.uk/electric-vehicle-chargepoint-installers","OZEV-authorised; commercial installs","London","Commercial","OZEV authorised","51.531915600000005","-0.1211911","2026-05-18"
"Urban Solar Ltd","N/A","N/A","N/A","info@urbansolar.org.uk","03452 658315","https://www.urbansolar.org.uk","25 Bangor Street, Cardiff","Cardiff","Wales","United Kingdom","EV chargepoint installation","Commercial and residential installations","N/A","N/A","N/A","N/A","N/A","N/A","N/A","https://www.gov.uk/electric-vehicle-chargepoint-installers","OZEV-authorised; commercial installs","Wales","Commercial; Residential","OZEV authorised","51.495363911999995","-3.1665369940000003","2026-05-18"
"Valdecor","N/A","N/A","N/A","valdecoruk@gmail.com","07925 809319","https://www.valdecor.co.uk","4 Perivale Drive, OLDHAM","OLDHAM","North West","United Kingdom","EV chargepoint installation","Commercial and residential installations","N/A","N/A","N/A","N/A","N/A","N/A","N/A","https://www.gov.uk/electric-vehicle-chargepoint-installers","OZEV-authorised; commercial installs","North West","Commercial; Residential","OZEV authorised","53.530142666666656","-2.0936540666666663","2026-05-18"
"Vale Electrical","N/A","N/A","N/A","valeelectrical@outlook.com","07496 828575","N/A","50 Bruce Street, Northampton","Northampton","East Midlands","United Kingdom","EV chargepoint installation","Commercial and residential installations","N/A","N/A","N/A","N/A","N/A","N/A","N/A","https://www.gov.uk/electric-vehicle-chargepoint-installers","OZEV-authorised; commercial installs","East Midlands","Commercial; Residential","OZEV authorised","52.24140007971018","-0.9180336376811591","2026-05-18"
"Vehicle Charging Solutions t/a VCS Ltd","N/A","N/A","N/A","hello@vehiclecharging.solutions","07860 611100","https://www.vehiclecharging.solutions","Business First Centre, Liverpool","Liverpool","North West","United Kingdom","EV chargepoint installation","Commercial and residential installations","N/A","N/A","N/A","N/A","N/A","N/A","N/A","https://www.gov.uk/electric-vehicle-chargepoint-installers","OZEV-authorised; commercial installs","North West","Commercial; Residential","OZEV authorised","53.35406177804875","-2.8706187451219534","2026-05-18"
"VF Electrical Services Ltd","N/A","N/A","N/A","N/A","N/A","N/A","35 Byron Street, Dundee","Dundee","Scotland","United Kingdom","EV chargepoint installation","Commercial and residential installations","N/A","N/A","N/A","N/A","N/A","N/A","N/A","https://www.gov.uk/electric-vehicle-chargepoint-installers","OZEV-authorised; commercial installs","Scotland","Commercial; Residential","OZEV authorised","56.47303262758623","-2.984207624137932","2026-05-18"
"Vic Coupland Ltd","N/A","N/A","N/A","matthew@viccoupland.com","01482 323346","https://www.viccoupland.com","Viceroy House, 3 Therm Road, Hull","Hull","Yorkshire & Humber","United Kingdom","EV chargepoint installation","Commercial installations only","N/A","N/A","N/A","N/A","N/A","N/A","N/A","https://www.gov.uk/electric-vehicle-chargepoint-installers","OZEV-authorised; commercial installs","Yorkshire & Humber","Commercial","OZEV authorised","53.753076657142856","-0.3257931428571429","2026-05-18"
"Victor Sparks Electrical","N/A","N/A","N/A","Victorsparks15@gmail.com","07766 490755","N/A","129 Semilong road, Northampton","Northampton","East Midlands","United Kingdom","EV chargepoint installation","Commercial and residential installations","N/A","N/A","N/A","N/A","N/A","N/A","N/A","https://www.gov.uk/electric-vehicle-chargepoint-installers","OZEV-authorised; commercial installs","East Midlands","Commercial; Residential","OZEV authorised","52.251435625","-0.8992028749999998","2026-05-18"
"VIR Electrical","N/A","N/A","N/A","N/A","N/A","N/A","A3 Caxton Point, Caxton Way, Stevenage","Stevenage","South East","United Kingdom","EV chargepoint installation","Commercial and residential installations","N/A","N/A","N/A","N/A","N/A","N/A","N/A","https://www.gov.uk/electric-vehicle-chargepoint-installers","OZEV-authorised; commercial installs","South East","Commercial; Residential","OZEV authorised","51.89982698205132","-0.21752554487179468","2026-05-18"
"Vision Building Services Ltd","N/A","N/A","N/A","holly.bruton@visionbuildingltd.co.uk","01642 679110","https://www.visionbuildingltd.co.uk","6 Crofton Court, Crofton Road, Stockton-On-Tees","Stockton-On-Tees","North East","United Kingdom","EV chargepoint installation","Commercial and residential installations","N/A","N/A","N/A","N/A","N/A","N/A","N/A","https://www.gov.uk/electric-vehicle-chargepoint-installers","OZEV-authorised; commercial installs","North East","Commercial; Residential","OZEV authorised","54.569015391666674","-1.2918254916666665","2026-05-18"
"Vital Phase UK Ltd","N/A","N/A","N/A","enquires@vitalphase.co.uk","08000 025025","N/A","21 Whitgift Ave, South Croydon","South Croydon","South East","United Kingdom","EV chargepoint installation","Commercial and residential installations","N/A","N/A","N/A","N/A","N/A","N/A","N/A","https://www.gov.uk/electric-vehicle-chargepoint-installers","OZEV-authorised; commercial installs","South East","Commercial; Residential","OZEV authorised","51.36122542307692","-0.1028577076923077","2026-05-18"
"Voltaic Energy Ltd t/a Mr Charger","N/A","N/A","N/A","voltaicenergy@outlook.com","07831 821391","https://www.mrcharger.co.uk","1 Clooney Road, Londonderry","Londonderry","Northern Ireland","United Kingdom","EV chargepoint installation","Commercial and residential installations","N/A","N/A","N/A","N/A","N/A","N/A","N/A","https://www.gov.uk/electric-vehicle-chargepoint-installers","OZEV-authorised; commercial installs","Northern Ireland","Commercial; Residential","OZEV authorised","55.00602560666666","-7.28544748","2026-05-18"
"Voltari Services Ltd","N/A","N/A","N/A","hello@voltari.co.uk","01204 232060","https://www.voltari.co.uk/","NORTEX BUSINESS CENTRE 105 CHORLEY OLD ROAD, BOLTON","BOLTON","North West","United Kingdom","EV chargepoint installation","Commercial and residential installations","N/A","N/A","N/A","N/A","N/A","N/A","N/A","https://www.gov.uk/electric-vehicle-chargepoint-installers","OZEV-authorised; commercial installs","North West","Commercial; Residential","OZEV authorised","53.58415341518991","-2.4472279759493674","2026-05-18"
"Voltedge Electrical and Renewables Ltd","N/A","N/A","N/A","info@voltedgerenewables.co.uk","07920 690348","https://www.voltedgerenewables.co.uk","147 Grange Road, Ilford","Ilford","South East","United Kingdom","EV chargepoint installation","Commercial and residential installations","N/A","N/A","N/A","N/A","N/A","N/A","N/A","https://www.gov.uk/electric-vehicle-chargepoint-installers","OZEV-authorised; commercial installs","South East","Commercial; Residential","OZEV authorised","51.554900143750004","0.080834825","2026-05-18"
"VoltShare Limited","N/A","N/A","N/A","info@voltshare.co.uk","08083 030629","https://www.coltshare.co.uk","1 Elmfield Park, Bromley","Bromley","South East","United Kingdom","EV chargepoint installation","Commercial and residential installations","N/A","N/A","N/A","N/A","N/A","N/A","N/A","https://www.gov.uk/electric-vehicle-chargepoint-installers","OZEV-authorised; commercial installs","South East","Commercial; Residential","OZEV authorised","51.40167976363636","0.01744996363636364","2026-05-18"
"Vox Security Ltd","N/A","N/A","N/A","david@voxsecurity.co.uk","01914 422723","https://www.voxsecurity.co.uk","7 Villa Place, GATESHEAD","GATESHEAD","North East","United Kingdom","EV chargepoint installation","Commercial and residential installations","N/A","N/A","N/A","N/A","N/A","N/A","N/A","https://www.gov.uk/electric-vehicle-chargepoint-installers","OZEV-authorised; commercial installs","North East","Commercial; Residential","OZEV authorised","54.95593723571428","-1.607426403571429","2026-05-18"
"VRI Electrical Ltd","N/A","N/A","N/A","ian.jones5@aol.co.uk","07711 019071","N/A","34 Pillmawr Road, Newport","Newport","Wales","United Kingdom","EV chargepoint installation","Commercial and residential installations","N/A","N/A","N/A","N/A","N/A","N/A","N/A","https://www.gov.uk/electric-vehicle-chargepoint-installers","OZEV-authorised; commercial installs","Wales","Commercial; Residential","OZEV authorised","51.6107813090909","-3.002155603030303","2026-05-18"
"VWS Limited T/A Video Watchman Systems","N/A","N/A","N/A","lindsay@vwsip.co.uk","01236 727233","https://www.vwsip.co.uk","Westfield, Cumbernauld","Cumbernauld","Scotland","United Kingdom","EV chargepoint installation","Commercial and residential installations","N/A","N/A","N/A","N/A","N/A","N/A","N/A","https://www.gov.uk/electric-vehicle-chargepoint-installers","OZEV-authorised; commercial installs","Scotland","Commercial; Residential","OZEV authorised","55.92848236351353","-4.051053075675677","2026-05-18"
"W J Mathews (Exeter) Ltd T/A Mathews Electrical","N/A","N/A","N/A","martyn@wjml.co.uk","01392 203333","https://www.mathews.co.uk","14 Trusham Road, Marsh Barton Trading Estate, Exeter","Exeter","South West","United Kingdom","EV chargepoint installation","Commercial and residential installations","N/A","N/A","N/A","N/A","N/A","N/A","N/A","https://www.gov.uk/electric-vehicle-chargepoint-installers","OZEV-authorised; commercial installs","South West","Commercial; Residential","OZEV authorised","50.704618036363634","-3.5289024090909082","2026-05-18"
"WalMar Electrical","N/A","N/A","N/A","admin@walmarelectrical.co.uk","07921 553368","https://www.walmarelectrical.co.uk","78 Beaumont Drive, Carron, Falkrik","Falkrik","Scotland","United Kingdom","EV chargepoint installation","Commercial and residential installations","N/A","N/A","N/A","N/A","N/A","N/A","N/A","https://www.gov.uk/electric-vehicle-chargepoint-installers","OZEV-authorised; commercial installs","Scotland","Commercial; Residential","OZEV authorised","56.02297867971016","-3.789796186956521","2026-05-18"
"Walsh Electrical Services","N/A","N/A","N/A","N/A","N/A","N/A","12 Woodbrook, Lower Galliagh Road, Derry","Derry","Northern Ireland","United Kingdom","EV chargepoint installation","Commercial and residential installations","N/A","N/A","N/A","N/A","N/A","N/A","N/A","https://www.gov.uk/electric-vehicle-chargepoint-installers","OZEV-authorised; commercial installs","Northern Ireland","Commercial; Residential","OZEV authorised","55.02955064477613","-7.338864591044774","2026-05-18"
"Waltham Forest College","N/A","N/A","N/A","craig.buist@waltham.ac.uk","02085 018243","N/A","707 Forest Road, Waltham Forest","Waltham Forest","London","United Kingdom","EV chargepoint installation","Commercial and residential installations","N/A","N/A","N/A","N/A","N/A","N/A","N/A","https://www.gov.uk/electric-vehicle-chargepoint-installers","OZEV-authorised; commercial installs","London","Commercial; Residential","OZEV authorised","51.59144893333333","-0.010360566666666668","2026-05-18"
"Warner Electrical Services Ltd","N/A","N/A","N/A","jonathanwarner@hotmail.com","07580 023795","https://www.warneres.com/","283 Sydenham Road, Croydon","Croydon","South East","United Kingdom","EV chargepoint installation","Commercial and residential installations","N/A","N/A","N/A","N/A","N/A","N/A","N/A","https://www.gov.uk/electric-vehicle-chargepoint-installers","OZEV-authorised; commercial installs","South East","Commercial; Residential","OZEV authorised","51.385674349999995","-0.0927125828125","2026-05-18"
"Watts Electrical (Derby)","N/A","N/A","N/A","N/A","07851 378775","N/A","23 St Pancras Way,, Derby","Derby","East Midlands","United Kingdom","EV chargepoint installation","Commercial and residential installations","N/A","N/A","N/A","N/A","N/A","N/A","N/A","https://www.gov.uk/electric-vehicle-chargepoint-installers","OZEV-authorised; commercial installs","East Midlands","Commercial; Residential","OZEV authorised","52.92973194516129","-1.4702961741935483","2026-05-18"
"Watts Electrical Engineering Ltd T/A Watts EV Charging","N/A","N/A","N/A","f.tole@sky.com","01633 633991","N/A","Unit 11, Evtol Trading Estate, Newport","Newport","Wales","United Kingdom","EV chargepoint installation","Commercial and residential installations","N/A","N/A","N/A","N/A","N/A","N/A","N/A","https://www.gov.uk/electric-vehicle-chargepoint-installers","OZEV-authorised; commercial installs","Wales","Commercial; Residential","OZEV authorised","51.57776131666666","-2.9868877166666667","2026-05-18"
"Wattsup Electrical IOW Ltd","N/A","N/A","N/A","wattsupelectricaliow@gmail.com","07712 152672","https://www.wattsupelectrical.uk","9 Clarendon Street, Newport","Newport","South East","United Kingdom","EV chargepoint installation","Commercial and residential installations","N/A","N/A","N/A","N/A","N/A","N/A","N/A","https://www.gov.uk/electric-vehicle-chargepoint-installers","OZEV-authorised; commercial installs","South East","Commercial; Residential","OZEV authorised","50.693999825","-1.30377242","2026-05-18"
"Wayre House Electrical Services Ltd","N/A","N/A","N/A","info@wayrehouse.co.uk","02082 895010","https://www.wayrehouse.co.uk","26 Babbacombe Road, London","London","South East","United Kingdom","EV chargepoint installation","Commercial and residential installations","N/A","N/A","N/A","N/A","N/A","N/A","N/A","https://www.gov.uk/electric-vehicle-chargepoint-installers","OZEV-authorised; commercial installs","South East","Commercial; Residential","OZEV authorised","51.41054359622643","0.01800221698113207","2026-05-18"
"We Charge Any Vehicle.com","N/A","N/A","N/A","N/A","N/A","N/A","Clifton house, clifton road, Blackpool","Blackpool","North West","United Kingdom","EV chargepoint installation","Commercial and residential installations","N/A","N/A","N/A","N/A","N/A","N/A","N/A","https://www.gov.uk/electric-vehicle-chargepoint-installers","OZEV-authorised; commercial installs","North West","Commercial; Residential","OZEV authorised","53.798468959649135","-3.0065002385964905","2026-05-18"
"We Love Your Electrics Ltd","N/A","N/A","N/A","N/A","N/A","N/A","80 Douglas Drive, Mossend, North Lanarkshire","North Lanarkshire","Scotland","United Kingdom","EV chargepoint installation","Commercial and residential installations","N/A","N/A","N/A","N/A","N/A","N/A","N/A","https://www.gov.uk/electric-vehicle-chargepoint-installers","OZEV-authorised; commercial installs","Scotland","Commercial; Residential","OZEV authorised","55.81479643913043","-4.001025565217392","2026-05-18"
"We've got the Power Ltd","N/A","N/A","N/A","kevinallam@aol.com","07506 345756","N/A","2 Ormsby, Grange Road, Sutton","Sutton","South East","United Kingdom","EV chargepoint installation","Commercial and residential installations","N/A","N/A","N/A","N/A","N/A","N/A","N/A","https://www.gov.uk/electric-vehicle-chargepoint-installers","OZEV-authorised; commercial installs","South East","Commercial; Residential","OZEV authorised","51.35482889285715","-0.19639745","2026-05-18"
"Wear Heating Ltd T/A Regent Electrical","N/A","N/A","N/A","contact@regentelectrical.org.uk","07437 112917","https://www.regentelectrical.org.uk","1 ALBYN GARDENS,, SUNDERLAND","SUNDERLAND","North East","United Kingdom","EV chargepoint installation","Commercial and residential installations","N/A","N/A","N/A","N/A","N/A","N/A","N/A","https://www.gov.uk/electric-vehicle-chargepoint-installers","OZEV-authorised; commercial installs","North East","Commercial; Residential","OZEV authorised","54.89115475454546","-1.404914363636364","2026-05-18"
"Webster Thomas Electrical Ltd","N/A","N/A","N/A","admin@websterthomas.co.uk","01634 818074","https://www.websterthomas.co.uk/ev-charging","Unit 7 Castle View Business Estate, Gas House Road, Rochester","Rochester","South East","United Kingdom","EV chargepoint installation","Commercial and residential installations","N/A","N/A","N/A","N/A","N/A","N/A","N/A","https://www.gov.uk/electric-vehicle-chargepoint-installers","OZEV-authorised; commercial installs","South East","Commercial; Residential","OZEV authorised","51.391602289999994","0.506080495","2026-05-18"
"Well Wired Electrical Ltd t/a Well Wired Electrical","N/A","N/A","N/A","Jake@wellwired.co.uk","03309 779494","https://www.wellwired.co.uk","Unit 4 Saint Nicholas Ind Estate, Darlington","Darlington","North East","United Kingdom","EV chargepoint installation","Commercial and residential installations","N/A","N/A","N/A","N/A","N/A","N/A","N/A","https://www.gov.uk/electric-vehicle-chargepoint-installers","OZEV-authorised; commercial installs","North East","Commercial; Residential","OZEV authorised","54.53717675000001","-1.5384850142857143","2026-05-18"
"Wells Electrical Services Ltd","N/A","N/A","N/A","N/A","N/A","N/A","Pembroke Centre Unit 45, Darby Close Cheney Manor Industrial Estate, Swindon","Swindon","South West","United Kingdom","EV chargepoint installation","Commercial and residential installations","N/A","N/A","N/A","N/A","N/A","N/A","N/A","https://www.gov.uk/electric-vehicle-chargepoint-installers","OZEV-authorised; commercial installs","South West","Commercial; Residential","OZEV authorised","51.573512505617956","-1.8064369348314637","2026-05-18"
"Wessex ECOEnergy Ltd","N/A","N/A","N/A","N/A","01305 250429","N/A","21 Buttermarket, Poundbury, Dorset","Dorset","South West","United Kingdom","EV chargepoint installation","Commercial and residential installations","N/A","N/A","N/A","N/A","N/A","N/A","N/A","https://www.gov.uk/electric-vehicle-chargepoint-installers","OZEV-authorised; commercial installs","South West","Commercial; Residential","OZEV authorised","50.71186674285715","-2.466049351785714","2026-05-18"
"West Wales Electrical Contractors","N/A","N/A","N/A","pteakle@btinternet.com","07813 531464","N/A","Ty Afan, Llanafan,, Aberystwyth","Aberystwyth","West Midlands","United Kingdom","EV chargepoint installation","Commercial and residential installations","N/A","N/A","N/A","N/A","N/A","N/A","N/A","https://www.gov.uk/electric-vehicle-chargepoint-installers","OZEV-authorised; commercial installs","West Midlands","Commercial; Residential","OZEV authorised","52.33527342608694","-3.9266616760869555","2026-05-18"
"Westside Electrical Services Ltd","N/A","N/A","N/A","N/A","N/A","N/A","Nyrhus, Effirth, Bixter","Bixter","Scotland","United Kingdom","EV chargepoint installation","Commercial and residential installations","N/A","N/A","N/A","N/A","N/A","N/A","N/A","https://www.gov.uk/electric-vehicle-chargepoint-installers","OZEV-authorised; commercial installs","Scotland","Commercial; Residential","OZEV authorised","60.25285644400002","-1.438424976","2026-05-18"
"WeVolt Limited","N/A","N/A","N/A","admin@we-volt.co.uk","01803 494365","https://www.we-volt.co.uk","45 Thurlow Road, Torquay","Torquay","South West","United Kingdom","EV chargepoint installation","Commercial and residential installations","N/A","N/A","N/A","N/A","N/A","N/A","N/A","https://www.gov.uk/electric-vehicle-chargepoint-installers","OZEV-authorised; commercial installs","South West","Commercial; Residential","OZEV authorised","50.472781584615404","-3.5333759589743603","2026-05-18"
"Whitehead Building Services Ltd","N/A","N/A","N/A","shaun.johnson@whiteheadbs.co.uk","01633 242450","https://www.whiteheadbuildingservices.co.uk","Mission Court, Newport","Newport","Wales","United Kingdom","EV chargepoint installation","Commercial installations only","N/A","N/A","N/A","N/A","N/A","N/A","N/A","https://www.gov.uk/electric-vehicle-chargepoint-installers","OZEV-authorised; commercial installs","Wales","Commercial","OZEV authorised","51.58174392333333","-2.9862273899999994","2026-05-18"
"Willox Electrical Ltd","N/A","N/A","N/A","hello@willox.co.uk","07702 969036","https://www.willox.co.uk","24 Ellison Avenue, Worcester","Worcester","West Midlands","United Kingdom","EV chargepoint installation","Commercial and residential installations","N/A","N/A","N/A","N/A","N/A","N/A","N/A","https://www.gov.uk/electric-vehicle-chargepoint-installers","OZEV-authorised; commercial installs","West Midlands","Commercial; Residential","OZEV authorised","52.20469395172414","-2.2455200241379307","2026-05-18"
"Wills Electrics Ltd","N/A","N/A","N/A","Tim.willselectrics@gmail.com","07968 261385","https://www.willselectrics.co.uk","Unit 2 Rockfield ind est, Hereford","Hereford","West Midlands","United Kingdom","EV chargepoint installation","Commercial and residential installations","N/A","N/A","N/A","N/A","N/A","N/A","N/A","https://www.gov.uk/electric-vehicle-chargepoint-installers","OZEV-authorised; commercial installs","West Midlands","Commercial; Residential","OZEV authorised","52.05892854705885","-2.7045423490196074","2026-05-18"
"Wires & Pliers Electricals Ltd T/A W&P Electricals","N/A","N/A","N/A","wandpelectricals@gmail.com","07799 654950","N/A","127 Oxford Street, Sheffield","Sheffield","Yorkshire & Humber","United Kingdom","EV chargepoint installation","Commercial and residential installations","N/A","N/A","N/A","N/A","N/A","N/A","N/A","https://www.gov.uk/electric-vehicle-chargepoint-installers","OZEV-authorised; commercial installs","Yorkshire & Humber","Commercial; Residential","OZEV authorised","53.388061047619054","-1.4869292952380955","2026-05-18"
"WN1 Lighting Solutions Ltd","N/A","N/A","N/A","jleggott@wn1-ls.com","01942 857777","https://www.wn1-ls.com","Wigan Investment Centre, Waterside Drive, Wigan","Wigan","North West","United Kingdom","EV chargepoint installation","Commercial and residential installations","N/A","N/A","N/A","N/A","N/A","N/A","N/A","https://www.gov.uk/electric-vehicle-chargepoint-installers","OZEV-authorised; commercial installs","North West","Commercial; Residential","OZEV authorised","53.539637858974345","-2.6356542102564102","2026-05-18"
"Woodlands Site Services","N/A","N/A","N/A","pgillibrand@woodlands.group","01322 555085","https://www.woodlands.group","Unit 20 Optima Park, Dartford","Dartford","South East","United Kingdom","EV chargepoint installation","Commercial and residential installations","N/A","N/A","N/A","N/A","N/A","N/A","N/A","https://www.gov.uk/electric-vehicle-chargepoint-installers","OZEV-authorised; commercial installs","South East","Commercial; Residential","OZEV authorised","51.462210360526285","0.19196528421052633","2026-05-18"
"Woodruff Mec Ltd","N/A","N/A","N/A","N/A","N/A","N/A","14 Primatt Crescent, Shenley Church End, Milton Keynes","Milton Keynes","South East","United Kingdom","EV chargepoint installation","Commercial and residential installations","N/A","N/A","N/A","N/A","N/A","N/A","N/A","https://www.gov.uk/electric-vehicle-chargepoint-installers","OZEV-authorised; commercial installs","South East","Commercial; Residential","OZEV authorised","52.02325675588234","-0.7823123294117644","2026-05-18"
"WRB Energy Ltd","N/A","N/A","N/A","N/A","N/A","N/A","8 Somerton Industrial Estate, Belfast","Belfast","Northern Ireland","United Kingdom","EV chargepoint installation","Commercial and residential installations","N/A","N/A","N/A","N/A","N/A","N/A","N/A","https://www.gov.uk/electric-vehicle-chargepoint-installers","OZEV-authorised; commercial installs","Northern Ireland","Commercial; Residential","OZEV authorised","54.626964346913596","-5.9091152172839525","2026-05-18"
"Wright sparks","N/A","N/A","N/A","Aaron@wrightsparks.co.uk","07503 975004","https://www.wrightsparks.co.uk","15 Heron Way, Reading","Reading","South East","United Kingdom","EV chargepoint installation","Commercial and residential installations","N/A","N/A","N/A","N/A","N/A","N/A","N/A","https://www.gov.uk/electric-vehicle-chargepoint-installers","OZEV-authorised; commercial installs","South East","Commercial; Residential","OZEV authorised","51.442184825","-0.9907085999999999","2026-05-18"
"Wrilec Group Ltd","N/A","N/A","N/A","phil@wrilec-group.co.uk","07552 307017","https://www.wrilec-group.co.uk","Office 1 The Outlook, Fox's Marina, IPSWICH","IPSWICH","East of England","United Kingdom","EV chargepoint installation","Commercial and residential installations","N/A","N/A","N/A","N/A","N/A","N/A","N/A","https://www.gov.uk/electric-vehicle-chargepoint-installers","OZEV-authorised; commercial installs","East of England","Commercial; Residential","OZEV authorised","52.033501075000004","1.15194145","2026-05-18"
"WTW Electrical","N/A","N/A","N/A","info@wtw-electrical.com","07525 060975","https://www.wtw-electrical.com","79 Llys Onnen, Llandudno Junction","Llandudno Junction","Wales","United Kingdom","EV chargepoint installation","Commercial and residential installations","N/A","N/A","N/A","N/A","N/A","N/A","N/A","https://www.gov.uk/electric-vehicle-chargepoint-installers","OZEV-authorised; commercial installs","Wales","Commercial; Residential","OZEV authorised","53.291263241071455","-3.809184471428572","2026-05-18"
"Wykes Group Ltd","N/A","N/A","N/A","info@wykes-group.co.uk","01228 380845","https://www.WYKES-GROUP.CO.UK","Unit 14, Denton Home Trade Centre, Chapel Place, Carlisle","Carlisle","North West","United Kingdom","EV chargepoint installation","Commercial and residential installations","N/A","N/A","N/A","N/A","N/A","N/A","N/A","https://www.gov.uk/electric-vehicle-chargepoint-installers","OZEV-authorised; commercial installs","North West","Commercial; Residential","OZEV authorised","54.89220019649123","-2.941492528070176","2026-05-18"
"Xune Ltd T/A Xune EV Charging","N/A","N/A","N/A","evcharging@xune.co.uk","07771 114377","https://www.xune.co.uk","Suite 101, 6 Queen Street, Huddersfield","Huddersfield","Yorkshire & Humber","United Kingdom","EV chargepoint installation","Commercial and residential installations","N/A","N/A","N/A","N/A","N/A","N/A","N/A","https://www.gov.uk/electric-vehicle-chargepoint-installers","OZEV-authorised; commercial installs","Yorkshire & Humber","Commercial; Residential","OZEV authorised","53.64543265714286","-1.7803379142857143","2026-05-18"
"Yardley Electrical Services LTD T/A YES Electrical","N/A","N/A","N/A","ciaran@yeselectrical.co.uk","01214394790 / 07811933643","https://www.yeselectrical.co.uk","272 Kings Road, Tyseley, Birmingham","Birmingham","West Midlands","United Kingdom","EV chargepoint installation","Commercial and residential installations","N/A","N/A","N/A","N/A","N/A","N/A","N/A","https://www.gov.uk/electric-vehicle-chargepoint-installers","OZEV-authorised; commercial installs","West Midlands","Commercial; Residential","OZEV authorised","52.45598612222223","-1.838197977777778","2026-05-18"
"Yorkshire Energy Systems Ltd","N/A","N/A","N/A","info@yorkshireenergysystems.co.uk","01423 529144","https://www.yorkshireenergysystems.co.uk","Windsor House, Cornwall Road, Harrogate, HG1 2PW, Harrogate","Harrogate","Yorkshire & Humber","United Kingdom","EV chargepoint installation","Commercial and residential installations","N/A","N/A","N/A","N/A","N/A","N/A","N/A","https://www.gov.uk/electric-vehicle-chargepoint-installers","OZEV-authorised; commercial installs","Yorkshire & Humber","Commercial; Residential","OZEV authorised","53.99291971097562","-1.5509693268292675","2026-05-18"
"Yorvik Electrical Contractors Ltd","N/A","N/A","N/A","N/A","N/A","N/A","Swan House, Little Hallfield Road, York","York","Yorkshire & Humber","United Kingdom","EV chargepoint installation","Commercial and residential installations","N/A","N/A","N/A","N/A","N/A","N/A","N/A","https://www.gov.uk/electric-vehicle-chargepoint-installers","OZEV-authorised; commercial installs","Yorkshire & Humber","Commercial; Residential","OZEV authorised","53.96168312222222","-1.0666208666666668","2026-05-18"
"Zap Electrics T/A ZAP Electrical Ltd","N/A","N/A","N/A","info@zapelectrics.co.uk","07749 446935","https://www.zapelectrics.co.uk","10 Braybrooke Road,, Leicester","Leicester","East Midlands","United Kingdom","EV chargepoint installation","Commercial and residential installations","N/A","N/A","N/A","N/A","N/A","N/A","N/A","https://www.gov.uk/electric-vehicle-chargepoint-installers","OZEV-authorised; commercial installs","East Midlands","Commercial; Residential","OZEV authorised","52.64896192000001","-1.09622056","2026-05-18"
"Zapcharged Limited","N/A","N/A","N/A","sales@zapcharged.com","08448 548060","https://www.zapcharged.com","85 Great Portland Street, London","London","London","United Kingdom","EV chargepoint installation","Commercial and residential installations","N/A","N/A","N/A","N/A","N/A","N/A","N/A","https://www.gov.uk/electric-vehicle-chargepoint-installers","OZEV-authorised; commercial installs","London","Commercial; Residential","OZEV authorised","51.51846899999999","-0.1423797","2026-05-18"
"Zest Eco Ltd","N/A","N/A","N/A","hello@zest.uk.com","03335 776760","https://www.zest.uk.com","Bond House, The Bourse, Boar Lane,, Leeds","Leeds","Yorkshire & Humber","United Kingdom","EV chargepoint installation","Commercial and residential installations","N/A","N/A","N/A","N/A","N/A","N/A","N/A","https://www.gov.uk/electric-vehicle-chargepoint-installers","OZEV-authorised; commercial installs","Yorkshire & Humber","Commercial; Residential","OZEV authorised","53.7955387","-1.5447729000000001","2026-05-18"
"Zicam Integrated Security Ltd","N/A","N/A","N/A","evc@zicam-security.co.uk","01384 344999","https://www.zicam-security.co.uk","4 Firs Street,, Dudley","Dudley","West Midlands","United Kingdom","EV chargepoint installation","Commercial installations only","N/A","N/A","N/A","N/A","N/A","N/A","N/A","https://www.gov.uk/electric-vehicle-chargepoint-installers","OZEV-authorised; commercial installs","West Midlands","Commercial","OZEV authorised","52.50871225862068","-2.076331120689655","2026-05-18"
"Zinnia Electrical Limited","N/A","N/A","N/A","admin@zinniaelectrical.com","01925 649597","https://www.zinniaelectrical.co.uk","Hanover Buildings, 11-13 Hanover Street, Liverpool, Merseyside","Merseyside","North West","United Kingdom","EV chargepoint installation","Commercial and residential installations","N/A","N/A","N/A","N/A","N/A","N/A","N/A","https://www.gov.uk/electric-vehicle-chargepoint-installers","OZEV-authorised; commercial installs","North West","Commercial; Residential","OZEV authorised","53.40303110459776","-2.9847353494252853","2026-05-18"
"ZOLB EV t/a Global EV Power Co Ltd","N/A","N/A","N/A","jonathan.hunot@zolbev.com","07958 228247","https://www.zolbev.com","Office One, 1 Coldbath Square, London","London","London","United Kingdom","EV chargepoint installation","Commercial installations only","N/A","N/A","N/A","N/A","N/A","N/A","N/A","https://www.gov.uk/electric-vehicle-chargepoint-installers","OZEV-authorised; commercial installs","London","Commercial","OZEV authorised","51.52386704901959","-0.11042606470588236","2026-05-18"
"Zone Electrical Ltd","N/A","N/A","N/A","nathan@zoneelectrical.co.uk","01685 377484","https://www.zoneelectrical.co.uk/","Waterloo House, Penydarren, Merthyr Tydfil","Merthyr Tydfil","Wales","United Kingdom","EV chargepoint installation","Commercial and residential installations","N/A","N/A","N/A","N/A","N/A","N/A","N/A","https://www.gov.uk/electric-vehicle-chargepoint-installers","OZEV-authorised; commercial installs","Wales","Commercial; Residential","OZEV authorised","51.75390676666667","-3.368607566666667","2026-05-18"
"Zsairs Group Ltd","N/A","N/A","N/A","zsairsgroup@hotmail.co.uk","07884 366641","N/A","175 Eskrick Street, Halliwell, Bolton","Bolton","North West","United Kingdom","EV chargepoint installation","Commercial and residential installations","N/A","N/A","N/A","N/A","N/A","N/A","N/A","https://www.gov.uk/electric-vehicle-chargepoint-installers","OZEV-authorised; commercial installs","North West","Commercial; Residential","OZEV authorised","53.59311005263157","-2.4427794368421054","2026-05-18"
